beta,gamma_over_eta,n,count,l6_effective_delta_count,l6_delta_entropy_nats,l5_l6_delta_match_rate,paper_l6_delta_match_rate,z_reference_l6_delta_match_rate
1.5,0.1,7,100,6.098405292140451,1.808027309483176,0.0,0.25,0.29
1.5,0.1,10,100,4.899124481764551,1.589056511961002,0.01,0.24,0.36
1.5,0.1,15,100,4.68014665078,1.5433294450753567,0.01,0.23,0.34
1.5,0.1,20,100,5.132848638484441,1.635660795219064,0.25,0.26,0.43
1.5,0.25,7,100,9.206708532277773,2.2199324066174446,0.01,0.24,0.27
1.5,0.25,10,100,7.291366789700048,1.986691016745879,0.01,0.2,0.25
1.5,0.25,15,100,5.466162180797685,1.6985767579031892,0.24,0.37,0.17
1.5,0.25,20,100,5.66354857735678,1.7340506528897517,0.32,0.22,0.24
1.5,0.5,7,100,5.651181715501235,1.7318646764749306,0.01,0.04,0.16
1.5,0.5,10,100,6.0825667241903325,1.805426765478148,0.02,0.17,0.16
1.5,0.5,15,100,5.374337292025952,1.6816352719055343,0.01,0.04,0.04
1.5,0.5,20,100,5.167223708277585,1.6423355439508642,0.36,0.07,0.09
1.5,0.75,7,100,7.688858577238075,2.0397723430129093,0.03,0.26,0.18
1.5,0.75,10,100,7.13609249131045,1.9651653564199525,0.01,0.09,0.13
1.5,0.75,15,100,5.810511617971584,1.7596686251575953,0.37,0.17,0.04
1.5,0.75,20,100,5.17700992388813,1.644227654836631,0.31,0.15,0.08
1.5,1.0,7,100,6.795264869800598,1.9162260269465077,0.01,0.09,0.22
1.5,1.0,10,100,6.299179651987608,1.840419410948691,0.01,0.26,0.21
1.5,1.0,15,100,6.264762719393948,1.834940713631424,0.02,0.2,0.04
1.5,1.0,20,100,5.083333015606186,1.625967151881608,0.38,0.19,0.18
2.0,0.1,7,100,4.1214802394127,1.4162123802461737,0.03,0.3,0.26
2.0,0.1,10,100,7.1493716095625,1.967024466069172,0.03,0.17,0.23
2.0,0.1,15,100,10.144476202006128,2.3169293407970994,0.02,0.14,0.12
2.0,0.1,20,100,8.561667539614346,2.1472949772111334,0.02,0.21,0.15
2.0,0.25,7,100,9.148193595114352,2.213556438498302,0.03,0.3,0.26
2.0,0.25,10,100,8.847187340081888,2.180099593826037,0.02,0.2,0.21
2.0,0.25,15,100,8.395467949971582,2.127692030485424,0.0,0.2,0.08
2.0,0.25,20,100,9.011290974295294,2.198478343742021,0.02,0.14,0.1
2.0,0.5,7,100,10.647183703619575,2.3652954162100666,0.03,0.09,0.21
2.0,0.5,10,100,9.831588590247726,2.2856005274346023,0.04,0.3,0.26
2.0,0.5,15,100,11.174799391732412,2.413661188815676,0.02,0.1,0.11
2.0,0.5,20,100,7.984265060977166,2.0774727374782738,0.01,0.15,0.12
2.0,0.75,7,100,10.068953690626126,2.309456797720014,0.02,0.33,0.17
2.0,0.75,10,100,10.001915849819008,2.3027766596258874,0.03,0.17,0.28
2.0,0.75,15,100,9.364604838379304,2.236937139424299,0.02,0.23,0.15
2.0,0.75,20,100,10.057113164703564,2.3082801617311,0.04,0.15,0.16
2.0,1.0,7,100,10.033177813230417,2.305897382624105,0.01,0.06,0.23
2.0,1.0,10,100,12.42398032749555,2.5196285024175364,0.03,0.27,0.27
2.0,1.0,15,100,8.350805642333802,2.122358018320304,0.01,0.41,0.15
2.0,1.0,20,100,9.214331105038202,2.220760000862457,0.01,0.28,0.18
2.5,0.1,7,100,6.258009480093644,1.8338621601214848,0.05,0.15,0.12
2.5,0.1,10,100,6.462864987640618,1.8660727160177832,0.05,0.07,0.12
2.5,0.1,15,100,7.146511750570506,1.9666243706069888,0.04,0.11,0.02
2.5,0.1,20,100,8.79657872959285,2.1743628651612545,0.1,0.12,0.05
2.5,0.25,7,100,7.078622217252327,1.9570792866851816,0.05,0.29,0.1
2.5,0.25,10,100,8.35618136309123,2.123001547993393,0.02,0.24,0.22
2.5,0.25,15,100,9.735287520713785,2.275757173130064,0.06,0.1,0.02
2.5,0.25,20,100,9.814755082654449,2.283886874045148,0.03,0.09,0.07
2.5,0.5,7,100,10.96930181415081,2.395100627243551,0.09,0.18,0.16
2.5,0.5,10,100,9.128828051568853,2.2114373239984846,0.04,0.25,0.27
2.5,0.5,15,100,11.14480308508698,2.4109732982283543,0.03,0.2,0.13
2.5,0.5,20,100,9.391467785138014,2.2398015946506877,0.01,0.3,0.12
2.5,0.75,7,100,9.340384262126856,2.2343473929497986,0.05,0.31,0.31
2.5,0.75,10,100,8.81511911830903,2.176468328896255,0.03,0.3,0.35
2.5,0.75,15,100,9.2801343516456,2.227876024241328,0.05,0.4,0.14
2.5,0.75,20,100,9.073659579993206,2.2053756645575597,0.03,0.23,0.09
2.5,1.0,7,100,9.04539021812264,2.202255259776558,0.03,0.13,0.3
2.5,1.0,10,100,8.345070728801101,2.1216710326681865,0.03,0.35,0.33
2.5,1.0,15,100,12.332689561921471,2.5122534249317257,0.03,0.36,0.2
2.5,1.0,20,100,11.009989819172684,2.3988030260450315,0.03,0.33,0.27
3.0,0.1,7,100,4.269141537947431,1.4514127620511,0.05,0.09,0.12
3.0,0.1,10,100,7.303019437259511,1.9882878841789349,0.06,0.07,0.1
3.0,0.1,15,100,7.1373703277285605,1.965344407073284,0.09,0.05,0.03
3.0,0.1,20,100,7.003554495044793,1.9464178051825327,0.5,0.12,0.06
3.0,0.25,7,100,7.855631479656861,2.06123066053957,0.08,0.19,0.14
3.0,0.25,10,100,9.1932890738682,2.2184737693854064,0.04,0.17,0.14
3.0,0.25,15,100,7.907047552946881,2.0677544571021818,0.02,0.11,0.1
3.0,0.25,20,100,7.675535677605001,2.0380380861653817,0.04,0.07,0.08
3.0,0.5,7,100,6.563906056050717,1.8815858611282783,0.15,0.26,0.22
3.0,0.5,10,100,8.198803839475191,2.1039882703949395,0.06,0.25,0.28
3.0,0.5,15,100,7.161664226331622,1.968742387809192,0.02,0.26,0.2
3.0,0.5,20,100,9.784923395244514,2.280842772022761,0.04,0.34,0.21
3.0,0.75,7,100,6.541142111670056,1.8781117850341589,0.07,0.53,0.39
3.0,0.75,10,100,8.654067358265333,2.1580294252558008,0.01,0.31,0.42
3.0,0.75,15,100,8.315062632071697,2.11806864503645,0.04,0.35,0.21
3.0,0.75,20,100,6.784044866323391,1.9145735120177607,0.01,0.4,0.16
3.0,1.0,7,100,7.382455603258049,1.9991063208363544,0.04,0.16,0.32
3.0,1.0,10,100,8.99414138758759,2.1965734084370503,0.05,0.34,0.37
3.0,1.0,15,100,8.764103673594187,2.170664251146843,0.07,0.34,0.27
3.0,1.0,20,100,8.181849329714328,2.1019182044897327,0.02,0.29,0.19
3.5,0.1,7,100,5.734745781508327,1.7465434220501603,0.09,0.13,0.12
3.5,0.1,10,100,5.84741661627943,1.7659999596531804,0.11,0.16,0.16
3.5,0.1,15,100,6.338502228171122,1.8466424989263013,0.46,0.05,0.03
3.5,0.1,20,100,5.244704077097458,1.6572188202561078,0.52,0.06,0.05
3.5,0.25,7,100,6.238215579572993,1.8306941766735825,0.06,0.2,0.12
3.5,0.25,10,100,5.858447393498049,1.767884618568483,0.08,0.18,0.19
3.5,0.25,15,100,6.245734506902795,1.8318987518580203,0.1,0.05,0.04
3.5,0.25,20,100,7.68830845837453,2.039700792920164,0.08,0.18,0.1
3.5,0.5,7,100,6.185375655151944,1.822187740483808,0.16,0.38,0.34
3.5,0.5,10,100,7.759710136567426,2.048944979962341,0.06,0.24,0.29
3.5,0.5,15,100,5.878725870033722,1.7713400496603569,0.1,0.37,0.25
3.5,0.5,20,100,6.673589204655863,1.8981578268399388,0.03,0.32,0.19
3.5,0.75,7,100,6.405118057079871,1.8570973671975453,0.09,0.44,0.45
3.5,0.75,10,100,7.007408065471369,1.9469678845232063,0.05,0.46,0.38
3.5,0.75,15,100,5.812943094099722,1.7600869992509842,0.05,0.54,0.32
3.5,0.75,20,100,7.759357357172567,2.048899515968443,0.05,0.41,0.31
3.5,1.0,7,100,6.341698788136216,1.8471466802131276,0.07,0.25,0.46
3.5,1.0,10,100,7.400559099459293,2.0015555513370518,0.07,0.33,0.41
3.5,1.0,15,100,5.364996209112913,1.6798956694864966,0.04,0.36,0.31
3.5,1.0,20,100,6.174719163769158,1.8204634019282613,0.02,0.3,0.22
4.0,0.1,7,100,3.4471742152898552,1.237554827391846,0.11,0.23,0.19
4.0,0.1,10,100,3.990817226773832,1.3839960286695865,0.12,0.16,0.11
4.0,0.1,15,100,5.29783277849862,1.6672978272144583,0.51,0.1,0.02
4.0,0.1,20,100,5.8654851200541085,1.769085193101518,0.42,0.08,0.06
4.0,0.25,7,100,4.855728361084131,1.5801591133713375,0.2,0.18,0.2
4.0,0.25,10,100,5.822119068614237,1.7616642966110796,0.17,0.24,0.3
4.0,0.25,15,100,5.338750618754993,1.674991659072384,0.06,0.15,0.09
4.0,0.25,20,100,5.257766584102733,1.6597063327971566,0.14,0.18,0.12
4.0,0.5,7,100,5.221449682769931,1.652775080344052,0.13,0.32,0.25
4.0,0.5,10,100,5.504840494208626,1.7056277950425387,0.09,0.16,0.18
4.0,0.5,15,100,5.588627450384942,1.7207337204141937,0.1,0.29,0.23
4.0,0.5,20,100,5.90025701401731,1.7749959116607397,0.11,0.22,0.16
4.0,0.75,7,100,5.689465522596028,1.7386163109663568,0.12,0.44,0.44
4.0,0.75,10,100,5.214013420451518,1.651349889434257,0.07,0.51,0.48
4.0,0.75,15,100,6.472162112715799,1.8675102277607496,0.13,0.5,0.37
4.0,0.75,20,100,4.836416215872483,1.5761739951930889,0.03,0.28,0.28
4.0,1.0,7,100,5.176138721491837,1.6440593577459215,0.1,0.22,0.43
4.0,1.0,10,100,5.860822659040703,1.7682899792376252,0.08,0.33,0.44
4.0,1.0,15,100,5.643155392842914,1.730443375882875,0.1,0.25,0.29
4.0,1.0,20,100,5.875746786404878,1.7708331645316568,0.05,0.32,0.29
4.5,0.1,7,100,2.698658614769301,0.9927548402149284,0.08,0.13,0.14
4.5,0.1,10,100,3.2010451970468505,1.16347738055279,0.65,0.09,0.12
4.5,0.1,15,100,4.241313898242738,1.4448731029014843,0.53,0.09,0.03
4.5,0.1,20,100,3.920001086111322,1.3660919308715476,0.6,0.12,0.05
4.5,0.25,7,100,5.498020345891365,1.7043880903348545,0.22,0.18,0.08
4.5,0.25,10,100,4.987242068919655,1.606883065373858,0.2,0.19,0.13
4.5,0.25,15,100,4.641933222283131,1.5351309222001146,0.27,0.12,0.06
4.5,0.25,20,100,5.682299655422314,1.7373560197081364,0.18,0.11,0.07
4.5,0.5,7,100,4.614772354987286,1.5292625395415016,0.24,0.32,0.26
4.5,0.5,10,100,4.159526408637162,1.4254012237148377,0.1,0.31,0.32
4.5,0.5,15,100,5.435757982312969,1.692998974016149,0.1,0.23,0.25
4.5,0.5,20,100,5.5712597519230345,1.7176211956783591,0.05,0.16,0.12
4.5,0.75,7,100,4.934159950346431,1.5961824355684242,0.18,0.45,0.41
4.5,0.75,10,100,4.910050404419293,1.5912842074195814,0.12,0.33,0.38
4.5,0.75,15,100,5.358845515870738,1.678748563053119,0.06,0.49,0.37
4.5,0.75,20,100,5.051036054723436,1.6195933815961423,0.12,0.19,0.27
4.5,1.0,7,100,4.508268887675571,1.5059132411768086,0.14,0.19,0.54
4.5,1.0,10,100,4.980980040889697,1.6056266670342718,0.11,0.38,0.55
4.5,1.0,15,100,5.4414393131536345,1.694043605496665,0.08,0.24,0.38
4.5,1.0,20,100,6.028754506081899,1.7965404398329692,0.12,0.32,0.47
5.0,0.1,7,100,2.4915454622757927,0.9129031855227956,0.77,0.09,0.12
5.0,0.1,10,100,2.7050953745010475,0.9951371702724564,0.72,0.17,0.11
5.0,0.1,15,100,3.428088038763533,1.2320026826588226,0.64,0.13,0.05
5.0,0.1,20,100,3.664777753525925,1.2987676932614287,0.63,0.13,0.05
5.0,0.25,7,100,3.866813153303269,1.352430693201594,0.25,0.24,0.17
5.0,0.25,10,100,3.634812984279944,1.2905576610457108,0.2,0.27,0.17
5.0,0.25,15,100,4.329340297029255,1.4654151740627086,0.27,0.17,0.06
5.0,0.25,20,100,4.777761324353015,1.563972094611347,0.18,0.14,0.1
5.0,0.5,7,100,4.261830848553175,1.4496988446094197,0.35,0.22,0.27
5.0,0.5,10,100,3.8404931289862594,1.345600777361459,0.19,0.21,0.28
5.0,0.5,15,100,4.23233357776382,1.4427535141726704,0.15,0.16,0.2
5.0,0.5,20,100,4.583534440312459,1.522470412368219,0.11,0.17,0.13
5.0,0.75,7,100,3.8847612411532655,1.3570615253424712,0.33,0.33,0.41
5.0,0.75,10,100,4.458977506782568,1.4949194811792788,0.1,0.33,0.39
5.0,0.75,15,100,4.518581442461973,1.508198104422729,0.13,0.31,0.33
5.0,0.75,20,100,5.016262760914418,1.612685186510913,0.07,0.12,0.25
5.0,1.0,7,100,4.121103172037078,1.4161208877232438,0.17,0.21,0.56
5.0,1.0,10,100,3.625839957776257,1.288085973955447,0.13,0.48,0.5
5.0,1.0,15,100,5.041985965044839,1.617800045153135,0.16,0.3,0.61
5.0,1.0,20,100,3.935883410023145,1.3701353573140744,0.12,0.28,0.43
