quantile,R,bias,rmse,mae,p95_abs_rel,failure_rate,n_valid,n_total,method,seed,n
x0.90,0.9,0.03622366278205077,0.21066957618744156,0.1463237296558427,0.41620609446361956,0.0,12000,12000,Default,-1,7
x0.90,0.9,0.0237001611444336,0.16856024364654518,0.11783167518295519,0.34082743774383845,0.0,12000,12000,Default,-1,10
x0.90,0.9,0.014747210135446606,0.13364569170808607,0.09325932184602034,0.2639212053409347,0.0,12000,12000,Default,-1,15
x0.90,0.9,0.010052575405360569,0.11258148955396459,0.08004984119736923,0.22977958744440574,0.0,12000,12000,Default,-1,20
x0.95,0.95,0.07881080105402462,0.28505734423747686,0.1932451926713493,0.5400845035442567,0.0,12000,12000,Default,-1,7
x0.95,0.95,0.05580439438858659,0.22432143235384405,0.15392079419439944,0.44441769809811893,0.0,12000,12000,Default,-1,10
x0.95,0.95,0.03800389735058004,0.1754970951999783,0.12020353856987182,0.35005239410230804,0.0,12000,12000,Default,-1,15
x0.95,0.95,0.02879637131938434,0.14563418470907408,0.1021928774171883,0.2961931894620052,0.0,12000,12000,Default,-1,20
x0.99,0.99,0.1936192599618419,0.49896900251130794,0.32998741805312193,0.9494147889816692,0.0,12000,12000,Default,-1,7
x0.99,0.99,0.14505909137812903,0.39692816697593836,0.26548991835991365,0.7605365486663359,0.0,12000,12000,Default,-1,10
x0.99,0.99,0.10537487216373725,0.3111889938945598,0.20873300981820023,0.6112507471812666,0.0,12000,12000,Default,-1,15
x0.99,0.99,0.0839153801978163,0.2592501672610742,0.1773713698150387,0.5233056585517478,0.0,12000,12000,Default,-1,20
x0.90,0.9,0.03427679246192426,0.21025177217597044,0.1453284727328844,0.41694024042785977,0.0,12000,12000,L6,-1,7
x0.90,0.9,0.023905687728643602,0.1698198623989151,0.11819327538568355,0.34486178904039166,0.0,12000,12000,L6,-1,10
x0.90,0.9,0.015772568018577498,0.1346874695276774,0.09367344633332647,0.2674564151066649,0.0,12000,12000,L6,-1,15
x0.90,0.9,0.011273833465078239,0.11329632527178898,0.08040918900081635,0.2312016785197862,0.0,12000,12000,L6,-1,20
x0.95,0.95,0.07045445346847923,0.2802286297690832,0.18704419376423653,0.5357956181986163,0.0,12000,12000,L6,-1,7
x0.95,0.95,0.051424438506750436,0.22307397089924583,0.15117220660182182,0.4394569025648906,0.0,12000,12000,L6,-1,10
x0.95,0.95,0.03598278567791497,0.17526923790127463,0.11860225291428825,0.3500533386040879,0.0,12000,12000,L6,-1,15
x0.95,0.95,0.027642976305874218,0.14606595637411476,0.10134978286588137,0.29802046457515596,0.0,12000,12000,L6,-1,20
x0.99,0.99,0.16446679922364535,0.47240726833007385,0.29809143463941645,0.8984989556781017,0.0,12000,12000,L6,-1,7
x0.99,0.99,0.12478327274950662,0.3755758725737921,0.24033182322282642,0.7363109765567437,0.0,12000,12000,L6,-1,10
x0.99,0.99,0.09203856405453452,0.29441309445169356,0.18849012023551975,0.59286806495116,0.0,12000,12000,L6,-1,15
x0.99,0.99,0.0737131909206232,0.2460950423302075,0.1609646821808998,0.5002130336702971,0.0,12000,12000,L6,-1,20
x0.90,0.9,0.036626386118884656,0.21010379728777817,0.1448895108098402,0.41506359936979886,0.0,12000,12000,Mean-Normalized,42,7
x0.90,0.9,0.02511271190671041,0.16872142902687698,0.11751326352607748,0.34098489154780515,0.0,12000,12000,Mean-Normalized,42,10
x0.90,0.9,0.016100346184100413,0.13425747437410812,0.09346454085023996,0.26597401841211743,0.0,12000,12000,Mean-Normalized,42,15
x0.90,0.9,0.011459433506206932,0.11332889792324449,0.08029399731068472,0.23123071917518942,0.0,12000,12000,Mean-Normalized,42,20
x0.95,0.95,0.07958389580620558,0.2830325189710317,0.18831104310055394,0.540027292205456,0.0,12000,12000,Mean-Normalized,42,7
x0.95,0.95,0.05856491571002951,0.22337650385354485,0.15123692291416668,0.4401707405486157,0.0,12000,12000,Mean-Normalized,42,10
x0.95,0.95,0.04070827239730371,0.1758322628013792,0.11916934532619844,0.3513903145418199,0.0,12000,12000,Mean-Normalized,42,15
x0.95,0.95,0.03186755814441801,0.1466734828859943,0.1016962450879372,0.30116927519078257,0.0,12000,12000,Mean-Normalized,42,20
x0.99,0.99,0.19765821083759783,0.494534222411705,0.3154635174872431,0.9461849040833367,0.0,12000,12000,Mean-Normalized,42,7
x0.99,0.99,0.15491249828608125,0.3926181843952069,0.2547969508834654,0.7675757823697873,0.0,12000,12000,Mean-Normalized,42,10
x0.99,0.99,0.1149507308956887,0.31066905797931377,0.203433587062128,0.6252095820944465,0.0,12000,12000,Mean-Normalized,42,15
x0.99,0.99,0.09450161456604911,0.261290013289131,0.17373450255478992,0.541630568930391,0.0,12000,12000,Mean-Normalized,42,20
x0.90,0.9,0.03953337940531976,0.21135208690164992,0.14539136393332414,0.41639475289349326,0.0,12000,12000,Mean-Normalized,2026,7
x0.90,0.9,0.024829558166074482,0.16874393114035266,0.11746116917897151,0.34174137614830846,0.0,12000,12000,Mean-Normalized,2026,10
x0.90,0.9,0.016634703408854052,0.13450237424442002,0.09349927104335251,0.26713834170054074,0.0,12000,12000,Mean-Normalized,2026,15
x0.90,0.9,0.01133367059573522,0.11322178976643599,0.08031173672244488,0.23089817895531145,0.0,12000,12000,Mean-Normalized,2026,20
x0.95,0.95,0.08521642473503145,0.28416121463205746,0.1886489583449264,0.5414657513101393,0.0,12000,12000,Mean-Normalized,2026,7
x0.95,0.95,0.05757429910470775,0.22344817221414073,0.15114829436676128,0.4401768548224645,0.0,12000,12000,Mean-Normalized,2026,10
x0.95,0.95,0.04196549351722718,0.1764089133060671,0.11918753922993945,0.35242463267463825,0.0,12000,12000,Mean-Normalized,2026,15
x0.95,0.95,0.03162730303945615,0.14633462792630664,0.10159042927257021,0.30131781366482313,0.0,12000,12000,Mean-Normalized,2026,20
x0.99,0.99,0.21063512427884404,0.49462137480381546,0.3151205830831202,0.9656257286064364,0.0,12000,12000,Mean-Normalized,2026,7
x0.99,0.99,0.15152643707973762,0.39278459932739856,0.25464168444366775,0.7647390693401592,0.0,12000,12000,Mean-Normalized,2026,10
x0.99,0.99,0.11853309577498063,0.31164810433572065,0.20315063011868179,0.6338455671429335,0.0,12000,12000,Mean-Normalized,2026,15
x0.99,0.99,0.09386013353646555,0.25982496704434094,0.1733240191030092,0.5362769838300357,0.0,12000,12000,Mean-Normalized,2026,20
x0.90,0.9,0.035897230258811086,0.20913708258694017,0.1447218248350507,0.4133195599121358,0.0,12000,12000,Mean-Normalized,3407,7
x0.90,0.9,0.025678187946909223,0.16917745679924337,0.1175522456606573,0.34146015084772807,0.0,12000,12000,Mean-Normalized,3407,10
x0.90,0.9,0.015994526884455847,0.13413687612286246,0.09330122064763216,0.26586357257190857,0.0,12000,12000,Mean-Normalized,3407,15
x0.90,0.9,0.011342244734848649,0.1131556136114875,0.08025675806248402,0.2304788962520492,0.0,12000,12000,Mean-Normalized,3407,20
x0.95,0.95,0.07765061228561211,0.2803156303813219,0.1875729738644023,0.5354018317300664,0.0,12000,12000,Mean-Normalized,3407,7
x0.95,0.95,0.05986619697119266,0.2239112109985416,0.1512858638616522,0.43936953227027004,0.0,12000,12000,Mean-Normalized,3407,10
x0.95,0.95,0.039830245232158216,0.17543265807362393,0.11883698098661342,0.35221686182822054,0.0,12000,12000,Mean-Normalized,3407,15
x0.95,0.95,0.03198418840404936,0.1465307146732086,0.10165203417291165,0.3004607905623635,0.0,12000,12000,Mean-Normalized,3407,20
x0.99,0.99,0.19229381798624695,0.48590431102829795,0.3124721038233864,0.9369878207236069,0.0,12000,12000,Mean-Normalized,3407,7
x0.99,0.99,0.15826176426140648,0.39377042581725513,0.2555129919583557,0.778646090792869,0.0,12000,12000,Mean-Normalized,3407,10
x0.99,0.99,0.1115606782969982,0.30927278270853653,0.20236716322758702,0.6241612182103099,0.0,12000,12000,Mean-Normalized,3407,15
x0.99,0.99,0.09558722487861919,0.2618699709724963,0.17434009262905065,0.5400463523116247,0.0,12000,12000,Mean-Normalized,3407,20
x0.90,,0.049961846437225,0.2110206711661158,0.144441246767981,0.4139651343320549,0.0,12000,12000,LSE,-1,7
x0.95,,0.0881826403152936,0.2873703506255559,0.1936236121402208,0.5569444618184205,0.0,12000,12000,LSE,-1,7
x0.99,,0.1780504672074779,0.5070772560621213,0.3395699707629548,0.9788623823269662,0.0,12000,12000,LSE,-1,7
x0.90,,0.0334522310795826,0.1650185068439597,0.1160146306146309,0.3334490352071077,0.0,12000,12000,LSE,-1,10
x0.95,,0.0614939356035542,0.2211193148477153,0.1523552709858071,0.4342229006803582,0.0,12000,12000,LSE,-1,10
x0.99,,0.1291087077826374,0.3990401970213659,0.2703572992193886,0.7760976096511603,0.0,12000,12000,LSE,-1,10
x0.90,,0.0209667717943722,0.1339092311380925,0.0944338803244984,0.2669234841808883,0.0,12000,12000,LSE,-1,15
x0.95,,0.0402686093038085,0.174937632088994,0.1214538115518929,0.3432171985376621,0.0,12000,12000,LSE,-1,15
x0.99,,0.0872751826153173,0.3143961141544545,0.2135284990688355,0.6039438543640262,0.0,12000,12000,LSE,-1,15
x0.90,,0.0157633626335951,0.1093704435624486,0.0781484550116561,0.2242965942046727,0.0,12000,12000,LSE,-1,20
x0.95,,0.0295827728235766,0.1412528563036661,0.0996161336339219,0.29235598423565,0.0,12000,12000,LSE,-1,20
x0.99,,0.0631033439316948,0.2588552837877171,0.1789488561205838,0.5172812000539126,0.0,12000,12000,LSE,-1,20
x0.90,,0.0172007411085482,0.1985671993420716,0.1408002674855074,0.3865797059530889,8.333333333333333e-05,11999,12000,WMLE,-1,7
x0.95,,0.0236643180830844,0.2513481736976257,0.1798541221617678,0.4741121817580119,8.333333333333333e-05,11999,12000,WMLE,-1,7
x0.99,,0.0422327227128372,0.3978599534548738,0.2906686804258281,0.7201081391928263,8.333333333333333e-05,11999,12000,WMLE,-1,7
x0.90,,0.0151282807955072,0.1616519393967548,0.1172533666596895,0.3228887124473928,0.0,12000,12000,WMLE,-1,10
x0.95,,0.0226193456264385,0.2074447659963001,0.1518790104994688,0.4085214983090472,0.0,12000,12000,WMLE,-1,10
x0.99,,0.0446996793121691,0.3445089212406819,0.2556654198214653,0.6638225274758087,0.0,12000,12000,WMLE,-1,10
x0.90,,0.0102325189321799,0.1333961530630511,0.0962622354118485,0.2649181364678595,0.0,12000,12000,WMLE,-1,15
x0.95,,0.0148540725749222,0.1727748418840713,0.1261316574281892,0.3474507575359246,0.0,12000,12000,WMLE,-1,15
x0.99,,0.0307284353294528,0.2957722668535991,0.2187492390495463,0.5886286019353002,0.0,12000,12000,WMLE,-1,15
x0.90,,0.0093748311133993,0.1111272223303408,0.0807852629912976,0.22974948300532,0.0,12000,12000,WMLE,-1,20
x0.95,,0.013101312013372,0.147128580606404,0.1078142909385092,0.3094037784588763,0.0,12000,12000,WMLE,-1,20
x0.99,,0.0268034825100001,0.2647580040014898,0.1935977248198004,0.5580444179569641,0.0,12000,12000,WMLE,-1,20
