beta_true,eta_true,sample_size,sim_id,est_beta,est_eta,est_gamma,bias_beta,bias_eta,bias_gamma,r_squared
2.0,1000,7,1,2.979449,2046.180952,0.000083,0.979449,1046.180952,-999.999917,0.935926
2.0,1000,7,2,2.181738,751.937888,975.214183,0.181738,-248.062112,-24.785817,0.903282
2.0,1000,7,3,5.000000,1843.325353,254.145606,3.000000,843.325353,-745.854394,0.903884
2.0,1000,7,4,2.654579,684.685633,846.240797,0.654579,-315.314367,-153.759203,0.879729
2.0,1000,7,5,4.884419,1939.367538,0.000087,2.884419,939.367538,-999.999913,0.654896
2.0,1000,7,6,5.000000,2172.270073,145.743848,3.000000,1172.270073,-854.256152,0.782777
2.0,1000,7,7,3.491121,1909.983928,0.000018,1.491121,909.983928,-999.999982,0.709731
2.0,1000,7,8,2.165945,624.699540,1093.481423,0.165945,-375.300460,93.481423,0.896428
2.0,1000,7,9,2.100000,582.231431,1125.933000,0.100000,-417.768569,125.933000,0.877267
2.0,1000,7,10,2.321555,668.146805,1016.967893,0.321555,-331.853195,16.967893,0.915130
2.0,1000,7,11,3.657141,1451.052705,521.255723,1.657141,451.052705,-478.744277,0.800239
2.0,1000,7,12,5.000000,1736.584650,41.587276,3.000000,736.584650,-958.412724,0.742008
2.0,1000,7,13,1.545361,676.816571,1122.332067,-0.454639,-323.183429,122.332067,0.892350
2.0,1000,7,14,4.019710,1783.278739,0.000093,2.019710,783.278739,-999.999907,0.871697
2.0,1000,7,15,1.955432,684.293482,1236.590441,-0.044568,-315.706518,236.590441,0.927642
2.0,1000,7,16,3.807577,1741.616201,0.000051,1.807577,741.616201,-999.999949,0.949587
2.0,1000,7,17,3.898649,1960.490502,0.000139,1.898649,960.490502,-999.999861,0.910687
2.0,1000,7,18,1.492071,773.790747,1095.673473,-0.507929,-226.209253,95.673473,0.946753
2.0,1000,7,19,2.499818,567.543462,1475.251248,0.499818,-432.456538,475.251248,0.885258
2.0,1000,7,20,1.557303,1314.679353,782.540342,-0.442697,314.679353,-217.459658,0.947336
2.0,1000,7,21,1.714399,542.388483,1408.504212,-0.285601,-457.611517,408.504212,0.888809
2.0,1000,7,22,4.114194,1291.185517,716.862159,2.114194,291.185517,-283.137841,0.831995
2.0,1000,7,23,2.813578,2400.154533,0.000015,0.813578,1400.154533,-999.999985,0.954120
2.0,1000,7,24,5.000000,1554.120844,156.142950,3.000000,554.120844,-843.857050,0.823713
2.0,1000,7,25,4.430489,886.172343,983.676383,2.430489,-113.827657,-16.323617,0.744711
2.0,1000,7,26,4.469304,2065.767257,0.000065,2.469304,1065.767257,-999.999935,0.863210
2.0,1000,7,27,2.330194,765.538319,1121.931634,0.330194,-234.461681,121.931634,0.826618
2.0,1000,7,28,1.642039,1104.251148,971.932747,-0.357961,104.251148,-28.067253,0.940508
2.0,1000,7,29,3.014900,927.959783,1174.969089,1.014900,-72.040217,174.969089,0.851102
2.0,1000,7,30,3.885625,1970.507838,0.000100,1.885625,970.507838,-999.999900,0.899862
2.0,1000,7,31,5.000000,1295.462675,545.696039,3.000000,295.462675,-454.303961,0.854407
2.0,1000,7,32,2.100000,927.539633,971.968466,0.100000,-72.460367,-28.031534,0.945777
2.0,1000,7,33,1.922465,930.066637,1165.240636,-0.077535,-69.933363,165.240636,0.939465
2.0,1000,7,34,2.100000,578.196700,1267.806986,0.100000,-421.803300,267.806986,0.900713
2.0,1000,7,35,3.389261,2382.331143,0.000002,1.389261,1382.331143,-999.999998,0.848958
2.0,1000,7,36,4.465553,2122.811204,0.000045,2.465553,1122.811204,-999.999955,0.881725
2.0,1000,7,37,3.745398,2307.266505,0.000073,1.745398,1307.266505,-999.999927,0.859962
2.0,1000,7,38,1.903510,1520.490634,787.422290,-0.096490,520.490634,-212.577710,0.877903
2.0,1000,7,39,1.642777,652.795033,1377.143820,-0.357223,-347.204967,377.143820,0.894363
2.0,1000,7,40,1.855879,615.040641,1470.978867,-0.144121,-384.959359,470.978867,0.901592
2.0,1000,7,41,1.648983,900.672009,1070.097952,-0.351017,-99.327991,70.097952,0.937885
2.0,1000,7,42,3.613210,696.633287,1212.592431,1.613210,-303.366713,212.592431,0.817462
2.0,1000,7,43,4.117341,1845.262997,0.000053,2.117341,845.262997,-999.999947,0.868178
2.0,1000,7,44,1.377826,401.611570,1502.799303,-0.622174,-598.388430,502.799303,0.956666
2.0,1000,7,45,2.880590,1293.294669,830.882535,0.880590,293.294669,-169.117465,0.844327
2.0,1000,7,46,2.820218,2007.758913,0.000009,0.820218,1007.758913,-999.999991,0.713743
2.0,1000,7,47,3.636830,2023.694631,0.000034,1.636830,1023.694631,-999.999966,0.778793
2.0,1000,7,48,1.850852,740.439721,1026.190546,-0.149148,-259.560279,26.190546,0.933174
2.0,1000,7,49,1.818935,505.606099,1547.133683,-0.181065,-494.393901,547.133683,0.879569
2.0,1000,7,50,4.281494,2159.004527,0.000130,2.281494,1159.004527,-999.999870,0.787522
2.0,1000,7,51,3.241242,1988.053603,0.000050,1.241242,988.053603,-999.999950,0.674114
2.0,1000,7,52,5.000000,1932.530926,59.528894,3.000000,932.530926,-940.471106,0.898914
2.0,1000,7,53,4.449842,1472.874714,621.381350,2.449842,472.874714,-378.618650,0.793495
2.0,1000,7,54,2.679973,919.697143,1002.473809,0.679973,-80.302857,2.473809,0.891469
2.0,1000,7,55,1.803143,914.918421,972.196098,-0.196857,-85.081579,-27.803902,0.857757
2.0,1000,7,56,2.100000,1085.324439,990.515850,0.100000,85.324439,-9.484150,0.952910
2.0,1000,7,57,5.000000,1657.738228,239.822219,3.000000,657.738228,-760.177781,0.912730
2.0,1000,7,58,2.769010,1128.009050,963.826279,0.769010,128.009050,-36.173721,0.802770
2.0,1000,7,59,3.756157,2246.219910,0.000021,1.756157,1246.219910,-999.999979,0.893451
2.0,1000,7,60,5.000000,1908.365493,223.085794,3.000000,908.365493,-776.914206,0.775287
2.0,1000,7,61,5.000000,1484.459435,41.991391,3.000000,484.459435,-958.008609,0.835914
2.0,1000,7,62,1.470413,572.414388,1367.866836,-0.529587,-427.585612,367.866836,0.937662
2.0,1000,7,63,1.478601,1053.850091,1066.243525,-0.521399,53.850091,66.243525,0.951267
2.0,1000,7,64,5.000000,1959.543919,70.641014,3.000000,959.543919,-929.358986,0.888456
2.0,1000,7,65,3.100000,2148.592854,0.316276,1.100000,1148.592854,-999.683724,0.897995
2.0,1000,7,66,4.471133,2203.099101,0.000136,2.471133,1203.099101,-999.999864,0.819237
2.0,1000,7,67,5.012068,1210.541076,817.343982,3.012068,210.541076,-182.656018,0.749119
2.0,1000,7,68,4.217491,2073.104366,0.000011,2.217491,1073.104366,-999.999989,0.805093
2.0,1000,7,69,2.327864,869.525055,1495.396815,0.327864,-130.474945,495.396815,0.912944
2.0,1000,7,70,2.041653,1039.214712,1232.945751,0.041653,39.214712,232.945751,0.930849
2.0,1000,7,71,2.100000,1065.610219,1029.550762,0.100000,65.610219,29.550762,0.963916
2.0,1000,7,72,1.710400,726.816424,1252.964178,-0.289600,-273.183576,252.964178,0.939761
2.0,1000,7,73,1.567097,1326.931117,844.376664,-0.432903,326.931117,-155.623336,0.951442
2.0,1000,7,74,2.943378,1618.029108,646.519796,0.943378,618.029108,-353.480204,0.885521
2.0,1000,7,75,1.994524,1082.072360,849.399470,-0.005476,82.072360,-150.600530,0.928795
2.0,1000,7,76,3.639300,2136.682212,0.000099,1.639300,1136.682212,-999.999901,0.914888
2.0,1000,7,77,1.480199,759.257698,1007.868549,-0.519801,-240.742302,7.868549,0.899883
2.0,1000,7,78,2.241790,1255.418292,738.146386,0.241790,255.418292,-261.853614,0.843544
2.0,1000,7,79,2.001546,1221.527719,1061.955700,0.001546,221.527719,61.955700,0.923092
2.0,1000,7,80,2.100000,991.417888,1122.492329,0.100000,-8.582112,122.492329,0.929095
2.0,1000,7,81,5.000000,1821.204488,169.397464,3.000000,821.204488,-830.602536,0.855658
2.0,1000,7,82,5.266743,2151.338775,180.182827,3.266743,1151.338775,-819.817173,0.511636
2.0,1000,7,83,3.529706,2034.961211,0.000005,1.529706,1034.961211,-999.999995,0.766580
2.0,1000,7,84,2.678217,1077.830897,1131.041543,0.678217,77.830897,131.041543,0.890209
2.0,1000,7,85,1.545458,663.295767,1371.970459,-0.454542,-336.704233,371.970459,0.884678
2.0,1000,7,86,2.411099,1184.019342,1053.432170,0.411099,184.019342,53.432170,0.913208
2.0,1000,7,87,3.778892,2332.616188,0.000002,1.778892,1332.616188,-999.999998,0.866496
2.0,1000,7,88,2.100000,997.183649,1006.692649,0.100000,-2.816351,6.692649,0.881499
2.0,1000,7,89,2.323929,670.898059,1439.674836,0.323929,-329.101941,439.674836,0.897011
2.0,1000,7,90,2.210453,710.920390,1187.990441,0.210453,-289.079610,187.990441,0.899481
2.0,1000,7,91,3.282139,1938.756505,0.000007,1.282139,938.756505,-999.999993,0.827632
2.0,1000,7,92,1.851229,797.040912,983.919365,-0.148771,-202.959088,-16.080635,0.943711
2.0,1000,7,93,3.200000,1623.367548,607.895537,1.200000,623.367548,-392.104463,0.827921
2.0,1000,7,94,2.100000,1171.214114,832.603206,0.100000,171.214114,-167.396794,0.971395
2.0,1000,7,95,2.140298,1136.723458,1017.831646,0.140298,136.723458,17.831646,0.918384
2.0,1000,7,96,1.815525,942.209178,1180.587415,-0.184475,-57.790822,180.587415,0.915630
2.0,1000,7,97,3.611818,2086.808146,0.000075,1.611818,1086.808146,-999.999925,0.819514
2.0,1000,7,98,2.809533,2172.018841,0.000006,0.809533,1172.018841,-999.999994,0.831879
2.0,1000,7,99,4.276815,2331.689456,0.000174,2.276815,1331.689456,-999.999826,0.844937
2.0,1000,7,100,3.236188,1549.363264,445.221689,1.236188,549.363264,-554.778311,0.849722
2.0,1000,7,101,2.100000,803.143578,1312.416722,0.100000,-196.856422,312.416722,0.923889
2.0,1000,7,102,3.181165,1928.081976,0.000033,1.181165,928.081976,-999.999967,0.804749
2.0,1000,7,103,3.216473,2233.725433,0.000037,1.216473,1233.725433,-999.999963,0.886721
2.0,1000,7,104,1.902612,1279.222171,1165.584624,-0.097388,279.222171,165.584624,0.912023
2.0,1000,7,105,1.465725,886.936599,1244.195609,-0.534275,-113.063401,244.195609,0.948156
2.0,1000,7,106,4.491160,2209.077871,0.000005,2.491160,1209.077871,-999.999995,0.886611
2.0,1000,7,107,3.902363,2180.116545,0.000104,1.902363,1180.116545,-999.999896,0.763980
2.0,1000,7,108,1.824188,749.901758,1043.668234,-0.175812,-250.098242,43.668234,0.929177
2.0,1000,7,109,3.146480,2058.512500,0.000092,1.146480,1058.512500,-999.999908,0.896241
2.0,1000,7,110,2.121974,1005.436641,914.344833,0.121974,5.436641,-85.655167,0.876388
2.0,1000,7,111,1.742005,1066.316477,932.447146,-0.257995,66.316477,-67.552854,0.901478
2.0,1000,7,112,1.811051,1144.985504,1015.237763,-0.188949,144.985504,15.237763,0.925525
2.0,1000,7,113,3.549704,2184.071430,0.000044,1.549704,1184.071430,-999.999956,0.944142
2.0,1000,7,114,4.617737,2163.150860,0.000002,2.617737,1163.150860,-999.999998,0.892984
2.0,1000,7,115,3.071105,2351.784502,0.000005,1.071105,1351.784502,-999.999995,0.833500
2.0,1000,7,116,5.000000,1759.498372,19.090394,3.000000,759.498372,-980.909606,0.861014
2.0,1000,7,117,4.500000,1757.681012,0.000184,2.500000,757.681012,-999.999816,0.875367
2.0,1000,7,118,1.560017,380.541596,1343.631649,-0.439983,-619.458404,343.631649,0.939659
2.0,1000,7,119,2.181501,951.947713,1036.438384,0.181501,-48.052287,36.438384,0.898254
2.0,1000,7,120,4.900000,1322.835426,687.032280,2.900000,322.835426,-312.967720,0.740868
2.0,1000,7,121,4.861232,2160.178111,0.000079,2.861232,1160.178111,-999.999921,0.657225
2.0,1000,7,122,5.000000,1832.802838,410.828885,3.000000,832.802838,-589.171115,0.872194
2.0,1000,7,123,5.000000,1801.753156,128.216971,3.000000,801.753156,-871.783029,0.856304
2.0,1000,7,124,2.185055,1279.646930,856.771203,0.185055,279.646930,-143.228797,0.908687
2.0,1000,7,125,5.000000,1398.922542,416.306707,3.000000,398.922542,-583.693293,0.886465
2.0,1000,7,126,4.953670,2206.697411,0.000029,2.953670,1206.697411,-999.999971,0.876722
2.0,1000,7,127,3.261214,1533.255500,563.295924,1.261214,533.255500,-436.704076,0.866147
2.0,1000,7,128,4.776598,1987.062422,0.000030,2.776598,987.062422,-999.999970,0.833104
2.0,1000,7,129,2.002494,1038.849400,1225.509030,0.002494,38.849400,225.509030,0.832130
2.0,1000,7,130,3.776865,2130.360791,0.000076,1.776865,1130.360791,-999.999924,0.875949
2.0,1000,7,131,2.207918,1062.179581,1176.639705,0.207918,62.179581,176.639705,0.849900
2.0,1000,7,132,2.362819,767.986793,946.822867,0.362819,-232.013207,-53.177133,0.879351
2.0,1000,7,133,1.910358,496.183801,1655.677573,-0.089642,-503.816199,655.677573,0.930085
2.0,1000,7,134,4.700000,2137.122818,64.095566,2.700000,1137.122818,-935.904434,0.941161
2.0,1000,7,135,2.792819,1209.458122,898.121281,0.792819,209.458122,-101.878719,0.815908
2.0,1000,7,136,2.817038,2275.104738,0.000029,0.817038,1275.104738,-999.999971,0.889127
2.0,1000,7,137,1.705423,1128.568708,988.538671,-0.294577,128.568708,-11.461329,0.905551
2.0,1000,7,138,2.100000,941.006100,1174.623367,0.100000,-58.993900,174.623367,0.895703
2.0,1000,7,139,5.000000,1670.229208,384.767010,3.000000,670.229208,-615.232990,0.881234
2.0,1000,7,140,3.367711,1922.503230,0.000067,1.367711,922.503230,-999.999933,0.944622
2.0,1000,7,141,2.624714,1277.643034,823.704272,0.624714,277.643034,-176.295728,0.889779
2.0,1000,7,142,5.000000,1523.239751,595.932171,3.000000,523.239751,-404.067829,0.832059
2.0,1000,7,143,2.804047,1901.804721,0.000004,0.804047,901.804721,-999.999996,0.774830
2.0,1000,7,144,1.526491,962.111058,1172.669275,-0.473509,-37.888942,172.669275,0.944026
2.0,1000,7,145,2.100000,518.575295,1750.860815,0.100000,-481.424705,750.860815,0.908748
2.0,1000,7,146,1.920742,1172.209020,1204.536004,-0.079258,172.209020,204.536004,0.900609
2.0,1000,7,147,2.100000,884.935944,1042.769550,0.100000,-115.064056,42.769550,0.887950
2.0,1000,7,148,2.415610,842.027004,1188.512476,0.415610,-157.972996,188.512476,0.897124
2.0,1000,7,149,1.534035,950.407443,1060.406604,-0.465965,-49.592557,60.406604,0.936214
2.0,1000,7,150,4.164562,1781.778834,0.000019,2.164562,781.778834,-999.999981,0.809861
2.0,1000,7,151,2.100000,1245.083290,848.862442,0.100000,245.083290,-151.137558,0.957797
2.0,1000,7,152,3.345592,2102.226050,0.000038,1.345592,1102.226050,-999.999962,0.906042
2.0,1000,7,153,4.932378,2084.483327,0.000012,2.932378,1084.483327,-999.999988,0.659270
2.0,1000,7,154,5.000000,1148.767221,630.392911,3.000000,148.767221,-369.607089,0.897068
2.0,1000,7,155,4.444765,1781.025770,0.000010,2.444765,781.025770,-999.999990,0.898683
2.0,1000,7,156,1.527013,893.947826,994.256393,-0.472987,-106.052174,-5.743607,0.879710
2.0,1000,7,157,1.479714,632.358486,1340.411761,-0.520286,-367.641514,340.411761,0.914127
2.0,1000,7,158,5.277243,1172.893088,731.351478,3.277243,172.893088,-268.648522,0.469990
2.0,1000,7,159,2.010163,1103.442502,855.009514,0.010163,103.442502,-144.990486,0.927504
2.0,1000,7,160,1.518169,949.867424,1032.248995,-0.481831,-50.132576,32.248995,0.957428
2.0,1000,7,161,2.039728,668.558344,1079.569330,0.039728,-331.441656,79.569330,0.873670
2.0,1000,7,162,2.479967,1114.887087,806.366754,0.479967,114.887087,-193.633246,0.838730
2.0,1000,7,163,2.230003,1188.773249,857.018961,0.230003,188.773249,-142.981039,0.822127
2.0,1000,7,164,2.098845,610.628411,1035.499852,0.098845,-389.371589,35.499852,0.857335
2.0,1000,7,165,1.419201,594.041260,1440.709298,-0.580799,-405.958740,440.709298,0.958328
2.0,1000,7,166,5.000000,1922.559197,106.258511,3.000000,922.559197,-893.741489,0.885475
2.0,1000,7,167,4.899999,2056.706153,0.000072,2.899999,1056.706153,-999.999928,0.775204
2.0,1000,7,168,2.100000,847.640964,980.364762,0.100000,-152.359036,-19.635238,0.891242
2.0,1000,7,169,2.170420,515.314427,1426.187966,0.170420,-484.685573,426.187966,0.930085
2.0,1000,7,170,1.726158,495.806360,1429.815174,-0.273842,-504.193640,429.815174,0.817277
2.0,1000,7,171,2.663453,1115.074700,1021.607959,0.663453,115.074700,21.607959,0.863546
2.0,1000,7,172,5.000000,1942.755413,71.478433,3.000000,942.755413,-928.521567,0.744651
2.0,1000,7,173,2.087653,633.620022,1251.933232,0.087653,-366.379978,251.933232,0.932112
2.0,1000,7,174,2.100000,1123.966067,975.552689,0.100000,123.966067,-24.447311,0.977349
2.0,1000,7,175,3.541618,2298.890172,0.000066,1.541618,1298.890172,-999.999934,0.915242
2.0,1000,7,176,3.212726,1297.912377,895.164584,1.212726,297.912377,-104.835416,0.863353
2.0,1000,7,177,1.677279,1095.142420,911.109889,-0.322721,95.142420,-88.890111,0.949636
2.0,1000,7,178,2.100000,807.259975,925.020660,0.100000,-192.740025,-74.979340,0.977187
2.0,1000,7,179,2.367435,1394.378479,727.326256,0.367435,394.378479,-272.673744,0.852936
2.0,1000,7,180,2.327074,862.087841,803.375836,0.327074,-137.912159,-196.624164,0.875080
2.0,1000,7,181,3.481606,1816.371745,0.000008,1.481606,816.371745,-999.999992,0.923233
2.0,1000,7,182,5.000000,1061.699521,656.001606,3.000000,61.699521,-343.998394,0.732878
2.0,1000,7,183,4.909704,1999.249174,0.000043,2.909704,999.249174,-999.999957,0.857468
2.0,1000,7,184,4.506481,2048.039156,0.000006,2.506481,1048.039156,-999.999994,0.727290
2.0,1000,7,185,5.000000,1549.937453,294.842375,3.000000,549.937453,-705.157625,0.872945
2.0,1000,7,186,1.877521,908.809058,971.830710,-0.122479,-91.190942,-28.169290,0.832771
2.0,1000,7,187,3.553187,2129.564099,0.000036,1.553187,1129.564099,-999.999964,0.907531
2.0,1000,7,188,1.907691,871.245368,1322.710050,-0.092309,-128.754632,322.710050,0.929156
2.0,1000,7,189,1.652707,794.521833,1085.929844,-0.347293,-205.478167,85.929844,0.941096
2.0,1000,7,190,2.100000,889.630079,1056.625909,0.100000,-110.369921,56.625909,0.960878
2.0,1000,7,191,4.278087,1470.226353,441.112345,2.278087,470.226353,-558.887655,0.802228
2.0,1000,7,192,2.100000,1249.643793,756.097596,0.100000,249.643793,-243.902404,0.964979
2.0,1000,7,193,4.266106,2736.851501,0.000175,2.266106,1736.851501,-999.999825,0.899756
2.0,1000,7,194,1.637166,1266.642966,897.432314,-0.362834,266.642966,-102.567686,0.895610
2.0,1000,7,195,3.238609,2529.738905,0.000010,1.238609,1529.738905,-999.999990,0.854125
2.0,1000,7,196,5.000000,1763.239118,0.000028,3.000000,763.239118,-999.999972,0.770242
2.0,1000,7,197,5.000000,1256.246699,599.677061,3.000000,256.246699,-400.322939,0.623301
2.0,1000,7,198,4.374363,2104.453444,0.000044,2.374363,1104.453444,-999.999956,0.899249
2.0,1000,7,199,5.000000,2173.108068,94.264200,3.000000,1173.108068,-905.735800,0.898538
2.0,1000,7,200,3.939842,2376.751771,0.000049,1.939842,1376.751771,-999.999951,0.850013
2.0,1000,7,201,2.100000,1037.723638,791.312408,0.100000,37.723638,-208.687592,0.978080
2.0,1000,7,202,1.853165,874.039277,1335.667295,-0.146835,-125.960723,335.667295,0.924957
2.0,1000,7,203,3.803428,1369.789559,695.090724,1.803428,369.789559,-304.909276,0.840719
2.0,1000,7,204,1.798808,1189.300633,830.975829,-0.201192,189.300633,-169.024171,0.942325
2.0,1000,7,205,2.112850,815.081294,838.671247,0.112850,-184.918706,-161.328753,0.909849
2.0,1000,7,206,3.614280,1842.271300,0.000002,1.614280,842.271300,-999.999998,0.888107
2.0,1000,7,207,5.000000,1634.791303,189.268574,3.000000,634.791303,-810.731426,0.899698
2.0,1000,7,208,4.205654,2190.326072,0.000090,2.205654,1190.326072,-999.999910,0.907489
2.0,1000,7,209,3.617247,2367.802795,0.000007,1.617247,1367.802795,-999.999993,0.963834
2.0,1000,7,210,1.410040,636.636402,1519.607027,-0.589960,-363.363598,519.607027,0.965994
2.0,1000,7,211,1.757019,672.249352,1372.596463,-0.242981,-327.750648,372.596463,0.865766
2.0,1000,7,212,5.000000,1682.173065,334.751904,3.000000,682.173065,-665.248096,0.855205
2.0,1000,7,213,4.898991,1719.263640,0.000059,2.898991,719.263640,-999.999941,0.848946
2.0,1000,7,214,3.427416,1104.421238,716.453984,1.427416,104.421238,-283.546016,0.852453
2.0,1000,7,215,3.719937,2129.243373,0.000112,1.719937,1129.243373,-999.999888,0.906857
2.0,1000,7,216,2.100000,943.941819,1148.802536,0.100000,-56.058181,148.802536,0.793523
2.0,1000,7,217,2.100000,712.071464,1083.842265,0.100000,-287.928536,83.842265,0.978143
2.0,1000,7,218,2.100000,968.616398,838.779255,0.100000,-31.383602,-161.220745,0.957100
2.0,1000,7,219,4.335903,2363.484625,0.000087,2.335903,1363.484625,-999.999913,0.837757
2.0,1000,7,220,1.389765,460.606406,1625.314687,-0.610235,-539.393594,625.314687,0.967699
2.0,1000,7,221,2.289787,1115.275831,1076.117339,0.289787,115.275831,76.117339,0.875525
2.0,1000,7,222,2.323911,1130.350240,801.526449,0.323911,130.350240,-198.473551,0.911712
2.0,1000,7,223,1.646511,1385.630703,912.703186,-0.353489,385.630703,-87.296814,0.953633
2.0,1000,7,224,4.000000,1562.949255,322.872824,2.000000,562.949255,-677.127176,0.676878
2.0,1000,7,225,1.493773,177.369128,1825.350836,-0.506227,-822.630872,825.350836,0.921285
2.0,1000,7,226,2.100000,968.045369,893.658996,0.100000,-31.954631,-106.341004,0.913240
2.0,1000,7,227,1.518290,902.362336,973.387893,-0.481710,-97.637664,-26.612107,0.926007
2.0,1000,7,228,4.700000,1923.416889,1.663544,2.700000,923.416889,-998.336456,0.822531
2.0,1000,7,229,1.762270,689.521446,1407.622494,-0.237730,-310.478554,407.622494,0.931861
2.0,1000,7,230,3.403735,1936.367448,0.000020,1.403735,936.367448,-999.999980,0.800520
2.0,1000,7,231,1.939724,1231.343902,1085.655075,-0.060276,231.343902,85.655075,0.896889
2.0,1000,7,232,1.663245,709.679232,1208.863551,-0.336755,-290.320768,208.863551,0.920717
2.0,1000,7,233,1.476505,649.746143,1237.076039,-0.523495,-350.253857,237.076039,0.944601
2.0,1000,7,234,5.401937,1470.408914,393.310921,3.401937,470.408914,-606.689079,0.373251
2.0,1000,7,235,3.969823,2177.061905,0.000041,1.969823,1177.061905,-999.999959,0.871733
2.0,1000,7,236,2.100000,1403.109311,797.748542,0.100000,403.109311,-202.251458,0.915767
2.0,1000,7,237,1.974115,1360.982025,714.269625,-0.025885,360.982025,-285.730375,0.820725
2.0,1000,7,238,1.421936,779.494764,1146.335379,-0.578064,-220.505236,146.335379,0.911976
2.0,1000,7,239,3.107926,1170.167669,683.345258,1.107926,170.167669,-316.654742,0.738229
2.0,1000,7,240,3.347919,2032.661922,0.000025,1.347919,1032.661922,-999.999975,0.936948
2.0,1000,7,241,3.314068,1866.775084,0.000002,1.314068,866.775084,-999.999998,0.837069
2.0,1000,7,242,1.723429,419.222797,1611.668043,-0.276571,-580.777203,611.668043,0.942106
2.0,1000,7,243,1.673676,736.295483,1456.013144,-0.326324,-263.704517,456.013144,0.931127
2.0,1000,7,244,1.473763,786.536847,1095.608340,-0.526237,-213.463153,95.608340,0.956780
2.0,1000,7,245,4.500000,1900.113072,23.619552,2.500000,900.113072,-976.380448,0.824467
2.0,1000,7,246,3.458504,2016.824858,0.000150,1.458504,1016.824858,-999.999850,0.821303
2.0,1000,7,247,2.100000,854.692853,919.702752,0.100000,-145.307147,-80.297248,0.937675
2.0,1000,7,248,2.736707,2315.458186,0.000026,0.736707,1315.458186,-999.999974,0.925083
2.0,1000,7,249,3.876056,1965.558196,0.000014,1.876056,965.558196,-999.999986,0.858632
2.0,1000,7,250,3.571200,2140.976374,0.000070,1.571200,1140.976374,-999.999930,0.914673
2.0,1000,7,251,1.716786,629.808838,1106.127754,-0.283214,-370.191162,106.127754,0.930185
2.0,1000,7,252,2.100000,1051.541857,1083.669072,0.100000,51.541857,83.669072,0.889241
2.0,1000,7,253,3.673043,1894.963006,0.000040,1.673043,894.963006,-999.999960,0.896169
2.0,1000,7,254,1.752289,817.396388,1572.010723,-0.247711,-182.603612,572.010723,0.943926
2.0,1000,7,255,4.079791,2098.470507,0.000180,2.079791,1098.470507,-999.999820,0.804830
2.0,1000,7,256,2.994126,2050.252229,0.000022,0.994126,1050.252229,-999.999978,0.645553
2.0,1000,7,257,2.100000,1028.870910,919.637082,0.100000,28.870910,-80.362918,0.961184
2.0,1000,7,258,1.754304,929.888320,1082.823070,-0.245696,-70.111680,82.823070,0.940299
2.0,1000,7,259,3.659858,2294.015712,0.000175,1.659858,1294.015712,-999.999825,0.773370
2.0,1000,7,260,4.260724,1931.270015,0.000059,2.260724,931.270015,-999.999941,0.820012
2.0,1000,7,261,1.722369,867.821368,917.497309,-0.277631,-132.178632,-82.502691,0.940000
2.0,1000,7,262,1.941355,1119.803921,1547.825871,-0.058645,119.803921,547.825871,0.893358
2.0,1000,7,263,3.847429,1532.865286,470.756172,1.847429,532.865286,-529.243828,0.818881
2.0,1000,7,264,3.322424,2242.397620,0.000171,1.322424,1242.397620,-999.999829,0.933980
2.0,1000,7,265,1.805991,962.440640,1197.855546,-0.194009,-37.559360,197.855546,0.926705
2.0,1000,7,266,2.432816,1836.038292,638.535853,0.432816,836.038292,-361.464147,0.833849
2.0,1000,7,267,2.100000,1163.026295,1013.055574,0.100000,163.026295,13.055574,0.872610
2.0,1000,7,268,4.675618,2173.605214,0.000001,2.675618,1173.605214,-999.999999,0.957571
2.0,1000,7,269,2.100000,1057.630415,1180.751768,0.100000,57.630415,180.751768,0.967319
2.0,1000,7,270,3.502297,2240.022647,0.000010,1.502297,1240.022647,-999.999990,0.830034
2.0,1000,7,271,4.700000,1915.904797,75.134194,2.700000,915.904797,-924.865806,0.859498
2.0,1000,7,272,2.311836,1098.554199,929.133953,0.311836,98.554199,-70.866047,0.878063
2.0,1000,7,273,1.623297,565.363178,1028.392887,-0.376703,-434.636822,28.392887,0.926767
2.0,1000,7,274,3.168541,2222.753761,0.000015,1.168541,1222.753761,-999.999985,0.692504
2.0,1000,7,275,2.100000,1022.995822,852.094517,0.100000,22.995822,-147.905483,0.967038
2.0,1000,7,276,3.675423,2159.756324,0.000002,1.675423,1159.756324,-999.999998,0.931516
2.0,1000,7,277,1.665221,846.649087,1180.943704,-0.334779,-153.350913,180.943704,0.931418
2.0,1000,7,278,4.548240,2109.548366,0.000022,2.548240,1109.548366,-999.999978,0.881363
2.0,1000,7,279,3.980908,1833.359521,0.000005,1.980908,833.359521,-999.999995,0.808512
2.0,1000,7,280,2.100000,831.089529,957.008964,0.100000,-168.910471,-42.991036,0.900666
2.0,1000,7,281,1.750792,645.549181,1056.638238,-0.249208,-354.450819,56.638238,0.896926
2.0,1000,7,282,4.501300,1368.553608,620.661450,2.501300,368.553608,-379.338550,0.764320
2.0,1000,7,283,2.100000,765.894811,1180.867503,0.100000,-234.105189,180.867503,0.961567
2.0,1000,7,284,1.842472,889.842686,1283.928037,-0.157528,-110.157314,283.928037,0.878505
2.0,1000,7,285,2.963808,2040.316938,0.000025,0.963808,1040.316938,-999.999975,0.862609
2.0,1000,7,286,3.880490,1883.021935,0.000024,1.880490,883.021935,-999.999976,0.687326
2.0,1000,7,287,3.825543,2071.532610,0.000152,1.825543,1071.532610,-999.999848,0.796408
2.0,1000,7,288,2.100000,615.105332,975.935007,0.100000,-384.894668,-24.064993,0.916922
2.0,1000,7,289,1.772478,1065.978474,998.003698,-0.227522,65.978474,-1.996302,0.926571
2.0,1000,7,290,2.100000,731.404075,1264.410772,0.100000,-268.595925,264.410772,0.972201
2.0,1000,7,291,1.778835,811.003158,1058.869918,-0.221165,-188.996842,58.869918,0.923537
2.0,1000,7,292,5.000000,2217.871162,0.865791,3.000000,1217.871162,-999.134209,0.845081
2.0,1000,7,293,4.700000,1907.645676,0.332843,2.700000,907.645676,-999.667157,0.883115
2.0,1000,7,294,5.000000,1837.721402,244.316062,3.000000,837.721402,-755.683938,0.761201
2.0,1000,7,295,4.848755,1878.070325,0.000000,2.848755,878.070325,-1000.000000,0.448783
2.0,1000,7,296,5.000000,1927.954731,47.618669,3.000000,927.954731,-952.381331,0.838952
2.0,1000,7,297,2.100000,1071.479241,725.628294,0.100000,71.479241,-274.371706,0.969630
2.0,1000,7,298,4.199998,2095.792629,0.000056,2.199998,1095.792629,-999.999944,0.818836
2.0,1000,7,299,1.515523,646.284743,962.684531,-0.484477,-353.715257,-37.315469,0.942575
2.0,1000,7,300,4.469494,1695.369905,0.000003,2.469494,695.369905,-999.999997,0.733229
2.0,1000,7,301,5.000000,1839.253050,44.638176,3.000000,839.253050,-955.361824,0.880967
2.0,1000,7,302,1.765076,796.950955,968.162979,-0.234924,-203.049045,-31.837021,0.900834
2.0,1000,7,303,4.019364,1994.484694,0.000014,2.019364,994.484694,-999.999986,0.915412
2.0,1000,7,304,3.488003,2174.543237,0.000064,1.488003,1174.543237,-999.999936,0.798398
2.0,1000,7,305,4.700000,2054.144958,33.236645,2.700000,1054.144958,-966.763355,0.926964
2.0,1000,7,306,4.141911,2033.975698,0.000005,2.141911,1033.975698,-999.999995,0.764749
2.0,1000,7,307,2.100000,1207.318334,1065.906893,0.100000,207.318334,65.906893,0.935015
2.0,1000,7,308,1.522083,600.353744,1365.520301,-0.477917,-399.646256,365.520301,0.937932
2.0,1000,7,309,3.476566,2171.340086,0.000077,1.476566,1171.340086,-999.999923,0.796282
2.0,1000,7,310,5.000000,1817.358989,305.128037,3.000000,817.358989,-694.871963,0.682996
2.0,1000,7,311,5.000000,1473.354283,405.139341,3.000000,473.354283,-594.860659,0.912899
2.0,1000,7,312,2.188998,1164.841520,900.759464,0.188998,164.841520,-99.240536,0.886027
2.0,1000,7,313,2.474956,1400.497132,645.482244,0.474956,400.497132,-354.517756,0.892700
2.0,1000,7,314,1.457578,831.909383,1161.690365,-0.542422,-168.090617,161.690365,0.911897
2.0,1000,7,315,4.876481,2169.523723,0.000048,2.876481,1169.523723,-999.999952,0.873288
2.0,1000,7,316,3.300000,2284.972584,0.000639,1.300000,1284.972584,-999.999361,0.854935
2.0,1000,7,317,2.100000,1309.417607,764.327246,0.100000,309.417607,-235.672754,0.940507
2.0,1000,7,318,2.007148,966.346845,960.211602,0.007148,-33.653155,-39.788398,0.884113
2.0,1000,7,319,1.804186,1020.614071,1070.368019,-0.195814,20.614071,70.368019,0.937708
2.0,1000,7,320,3.667064,2015.653100,0.000038,1.667064,1015.653100,-999.999962,0.901431
2.0,1000,7,321,4.356881,2207.375477,0.000277,2.356881,1207.375477,-999.999723,0.860978
2.0,1000,7,322,1.530903,528.604226,1769.217711,-0.469097,-471.395774,769.217711,0.948055
2.0,1000,7,323,2.300000,1629.810036,572.652905,0.300000,629.810036,-427.347095,0.913312
2.0,1000,7,324,5.000000,1471.940178,666.256155,3.000000,471.940178,-333.743845,0.805090
2.0,1000,7,325,1.902917,793.636721,962.157085,-0.097083,-206.363279,-37.842915,0.943297
2.0,1000,7,326,3.549663,2032.544325,0.000020,1.549663,1032.544325,-999.999980,0.850834
2.0,1000,7,327,5.102300,1460.812655,770.862080,3.102300,460.812655,-229.137920,0.664615
2.0,1000,7,328,5.000000,1901.946940,64.106826,3.000000,901.946940,-935.893174,0.856983
2.0,1000,7,329,1.537634,695.341358,1449.763243,-0.462366,-304.658642,449.763243,0.946220
2.0,1000,7,330,2.100000,1045.337005,856.245245,0.100000,45.337005,-143.754755,0.900991
2.0,1000,7,331,3.313632,2158.673299,0.000207,1.313632,1158.673299,-999.999793,0.902295
2.0,1000,7,332,2.100000,853.924364,964.056834,0.100000,-146.075636,-35.943166,0.865118
2.0,1000,7,333,3.005307,2129.156579,0.000042,1.005307,1129.156579,-999.999958,0.878181
2.0,1000,7,334,3.997904,1733.007419,0.000005,1.997904,733.007419,-999.999995,0.919274
2.0,1000,7,335,1.784652,664.130402,1176.442776,-0.215348,-335.869598,176.442776,0.922467
2.0,1000,7,336,2.100000,824.146049,818.316033,0.100000,-175.853951,-181.683967,0.952990
2.0,1000,7,337,4.176562,1948.832427,194.889852,2.176562,948.832427,-805.110148,0.810953
2.0,1000,7,338,3.885563,1887.507232,0.000089,1.885563,887.507232,-999.999911,0.778142
2.0,1000,7,339,4.970313,1905.901488,0.000064,2.970313,905.901488,-999.999936,0.926903
2.0,1000,7,340,1.471634,770.712453,1183.774846,-0.528366,-229.287547,183.774846,0.951605
2.0,1000,7,341,2.313124,873.311188,1056.726191,0.313124,-126.688812,56.726191,0.849866
2.0,1000,7,342,4.275590,1953.467675,0.000083,2.275590,953.467675,-999.999917,0.834441
2.0,1000,7,343,4.221197,2027.312966,0.000154,2.221197,1027.312966,-999.999846,0.814681
2.0,1000,7,344,4.955076,1745.005799,0.000015,2.955076,745.005799,-999.999985,0.526841
2.0,1000,7,345,4.321135,2304.428177,0.000008,2.321135,1304.428177,-999.999992,0.789625
2.0,1000,7,346,3.579735,1950.895529,0.000004,1.579735,950.895529,-999.999996,0.885634
2.0,1000,7,347,3.526825,2007.562235,0.000014,1.526825,1007.562235,-999.999986,0.889644
2.0,1000,7,348,4.500570,2295.301615,0.000011,2.500570,1295.301615,-999.999989,0.798624
2.0,1000,7,349,3.100000,2241.137575,31.866811,1.100000,1241.137575,-968.133189,0.955780
2.0,1000,7,350,1.379812,828.436138,1174.844737,-0.620188,-171.563862,174.844737,0.918009
2.0,1000,7,351,1.942213,655.380109,1120.532220,-0.057787,-344.619891,120.532220,0.819355
2.0,1000,7,352,5.000000,1847.692969,319.816601,3.000000,847.692969,-680.183399,0.912720
2.0,1000,7,353,4.107780,2432.237306,0.000072,2.107780,1432.237306,-999.999928,0.785639
2.0,1000,7,354,5.000000,1874.735386,17.670739,3.000000,874.735386,-982.329261,0.786661
2.0,1000,7,355,1.641026,801.112496,1041.998444,-0.358974,-198.887504,41.998444,0.928866
2.0,1000,7,356,5.000000,1981.466633,199.211226,3.000000,981.466633,-800.788774,0.857667
2.0,1000,7,357,1.711937,640.470431,1138.919576,-0.288063,-359.529569,138.919576,0.891323
2.0,1000,7,358,1.638827,747.345360,1501.344896,-0.361173,-252.654640,501.344896,0.943380
2.0,1000,7,359,4.479250,2208.727890,0.000063,2.479250,1208.727890,-999.999937,0.838420
2.0,1000,7,360,1.989579,1045.613343,963.432705,-0.010421,45.613343,-36.567295,0.842137
2.0,1000,7,361,5.189032,851.122414,996.325401,3.189032,-148.877586,-3.674599,0.441293
2.0,1000,7,362,3.006223,2534.183882,0.000023,1.006223,1534.183882,-999.999977,0.966780
2.0,1000,7,363,5.160989,1116.896831,800.485119,3.160989,116.896831,-199.514881,0.618974
2.0,1000,7,364,1.580768,425.220616,1517.122616,-0.419232,-574.779384,517.122616,0.959690
2.0,1000,7,365,2.262006,1120.436960,890.240611,0.262006,120.436960,-109.759389,0.914438
2.0,1000,7,366,3.319663,2368.865892,0.000153,1.319663,1368.865892,-999.999847,0.743496
2.0,1000,7,367,3.300000,776.726697,984.735239,1.300000,-223.273303,-15.264761,0.818502
2.0,1000,7,368,2.611232,1124.230830,808.156560,0.611232,124.230830,-191.843440,0.861742
2.0,1000,7,369,5.000000,906.236698,897.187468,3.000000,-93.763302,-102.812532,0.746485
2.0,1000,7,370,2.316543,672.112867,1122.518368,0.316543,-327.887133,122.518368,0.907868
2.0,1000,7,371,1.415027,1096.125108,1179.501949,-0.584973,96.125108,179.501949,0.968217
2.0,1000,7,372,1.744392,537.155635,1541.079328,-0.255608,-462.844365,541.079328,0.920455
2.0,1000,7,373,4.606734,1277.332592,554.958366,2.606734,277.332592,-445.041634,0.780329
2.0,1000,7,374,4.887709,1972.136550,0.000066,2.887709,972.136550,-999.999934,0.897863
2.0,1000,7,375,2.100000,776.142264,1062.371125,0.100000,-223.857736,62.371125,0.903324
2.0,1000,7,376,1.829977,811.105679,927.714032,-0.170023,-188.894321,-72.285968,0.899500
2.0,1000,7,377,4.700000,1937.311612,16.240515,2.700000,937.311612,-983.759485,0.946041
2.0,1000,7,378,2.107861,1207.364354,957.736491,0.107861,207.364354,-42.263509,0.932705
2.0,1000,7,379,4.226561,2006.346520,0.000073,2.226561,1006.346520,-999.999927,0.874619
2.0,1000,7,380,2.016297,1178.038224,789.464607,0.016297,178.038224,-210.535393,0.865528
2.0,1000,7,381,3.557509,2137.686105,0.000105,1.557509,1137.686105,-999.999895,0.909954
2.0,1000,7,382,3.822980,1110.017871,781.951151,1.822980,110.017871,-218.048849,0.796170
2.0,1000,7,383,3.929002,2237.042578,0.000010,1.929002,1237.042578,-999.999990,0.711855
2.0,1000,7,384,4.077034,1923.624402,0.000121,2.077034,923.624402,-999.999879,0.851257
2.0,1000,7,385,3.902958,1904.900175,0.000008,1.902958,904.900175,-999.999992,0.740284
2.0,1000,7,386,2.488857,1155.480145,800.879101,0.488857,155.480145,-199.120899,0.876780
2.0,1000,7,387,2.100000,1065.155675,1028.559013,0.100000,65.155675,28.559013,0.942700
2.0,1000,7,388,1.395547,747.349735,1182.492273,-0.604453,-252.650265,182.492273,0.953185
2.0,1000,7,389,3.285053,1959.062803,0.000154,1.285053,959.062803,-999.999846,0.831461
2.0,1000,7,390,2.886573,2077.393643,0.000001,0.886573,1077.393643,-999.999999,0.600275
2.0,1000,7,391,4.866209,1992.588980,0.000004,2.866209,992.588980,-999.999996,0.881893
2.0,1000,7,392,2.169305,1240.528629,1039.369918,0.169305,240.528629,39.369918,0.863103
2.0,1000,7,393,3.398721,2075.105401,0.000046,1.398721,1075.105401,-999.999954,0.832422
2.0,1000,7,394,2.100000,916.157723,969.549745,0.100000,-83.842277,-30.450255,0.909190
2.0,1000,7,395,2.100000,930.432943,1008.074583,0.100000,-69.567057,8.074583,0.922027
2.0,1000,7,396,1.432808,690.807774,1165.602069,-0.567192,-309.192226,165.602069,0.915766
2.0,1000,7,397,2.030755,775.159852,1311.709178,0.030755,-224.840148,311.709178,0.901196
2.0,1000,7,398,1.553035,451.681380,1390.925747,-0.446965,-548.318620,390.925747,0.902715
2.0,1000,7,399,2.495575,654.564199,1050.936099,0.495575,-345.435801,50.936099,0.912071
2.0,1000,7,400,4.447829,1972.446406,0.000062,2.447829,972.446406,-999.999938,0.774663
2.0,1000,7,401,2.100000,1029.145557,1083.360395,0.100000,29.145557,83.360395,0.954163
2.0,1000,7,402,2.559037,1021.853947,868.723307,0.559037,21.853947,-131.276693,0.783093
2.0,1000,7,403,1.640685,886.092083,1133.332330,-0.359315,-113.907917,133.332330,0.917976
2.0,1000,7,404,1.893385,1184.337627,941.394809,-0.106615,184.337627,-58.605191,0.919236
2.0,1000,7,405,1.663739,1520.862317,966.071250,-0.336261,520.862317,-33.928750,0.835482
2.0,1000,7,406,2.100000,806.269336,1300.766426,0.100000,-193.730664,300.766426,0.881327
2.0,1000,7,407,5.000000,1876.929784,39.426591,3.000000,876.929784,-960.573409,0.802811
2.0,1000,7,408,3.857901,1706.668590,332.660574,1.857901,706.668590,-667.339426,0.798944
2.0,1000,7,409,2.379179,1182.964499,1098.354662,0.379179,182.964499,98.354662,0.865669
2.0,1000,7,410,1.947053,725.568238,1073.467274,-0.052947,-274.431762,73.467274,0.859599
2.0,1000,7,411,3.148693,1980.726697,0.000036,1.148693,980.726697,-999.999964,0.920860
2.0,1000,7,412,1.717694,611.857152,1024.253679,-0.282306,-388.142848,24.253679,0.879542
2.0,1000,7,413,2.332825,784.289711,1136.847863,0.332825,-215.710289,136.847863,0.912202
2.0,1000,7,414,2.100000,1560.871162,602.281394,0.100000,560.871162,-397.718606,0.960366
2.0,1000,7,415,2.100000,878.196250,1294.446332,0.100000,-121.803750,294.446332,0.980559
2.0,1000,7,416,3.849381,1565.845054,569.412344,1.849381,565.845054,-430.587656,0.724194
2.0,1000,7,417,2.214551,933.542121,930.735593,0.214551,-66.457879,-69.264407,0.828254
2.0,1000,7,418,3.651819,1884.698238,0.000007,1.651819,884.698238,-999.999993,0.695649
2.0,1000,7,419,3.229995,2513.335915,0.000012,1.229995,1513.335915,-999.999988,0.714797
2.0,1000,7,420,3.426676,2052.745780,0.000081,1.426676,1052.745780,-999.999919,0.893982
2.0,1000,7,421,2.100000,1006.037583,849.000688,0.100000,6.037583,-150.999312,0.919542
2.0,1000,7,422,5.000000,1952.659479,6.868830,3.000000,952.659479,-993.131170,0.805757
2.0,1000,7,423,5.394972,1148.416629,718.354948,3.394972,148.416629,-281.645052,0.377366
2.0,1000,7,424,1.856648,882.151183,1104.828863,-0.143352,-117.848817,104.828863,0.944345
2.0,1000,7,425,3.796251,2031.815815,0.000137,1.796251,1031.815815,-999.999863,0.928714
2.0,1000,7,426,4.800000,1764.033651,636.863314,2.800000,764.033651,-363.136686,0.745127
2.0,1000,7,427,4.310654,1511.007210,649.228977,2.310654,511.007210,-350.771023,0.772338
2.0,1000,7,428,2.287288,1829.740935,607.785937,0.287288,829.740935,-392.214063,0.894571
2.0,1000,7,429,5.000000,1426.823379,353.465984,3.000000,426.823379,-646.534016,0.848630
2.0,1000,7,430,1.720000,953.508411,853.561351,-0.280000,-46.491589,-146.438649,0.951465
2.0,1000,7,431,3.571661,2244.553926,0.000007,1.571661,1244.553926,-999.999993,0.860575
2.0,1000,7,432,3.678902,1989.423583,0.000028,1.678902,989.423583,-999.999972,0.886494
2.0,1000,7,433,5.000000,1512.781483,449.998402,3.000000,512.781483,-550.001598,0.874132
2.0,1000,7,434,3.702154,1789.584635,0.000039,1.702154,789.584635,-999.999961,0.858701
2.0,1000,7,435,2.100000,727.389136,906.445897,0.100000,-272.610864,-93.554103,0.959768
2.0,1000,7,436,1.899282,1447.233967,867.186433,-0.100718,447.233967,-132.813567,0.851489
2.0,1000,7,437,3.799911,1730.753573,0.000094,1.799911,730.753573,-999.999906,0.845639
2.0,1000,7,438,2.100000,1524.338741,688.123301,0.100000,524.338741,-311.876699,0.934652
2.0,1000,7,439,2.733537,1152.191374,858.887097,0.733537,152.191374,-141.112903,0.889479
2.0,1000,7,440,3.655603,2008.892833,0.000064,1.655603,1008.892833,-999.999936,0.816542
2.0,1000,7,441,2.100000,908.493175,906.542493,0.100000,-91.506825,-93.457507,0.944772
2.0,1000,7,442,5.000000,1406.040680,470.468122,3.000000,406.040680,-529.531878,0.902968
2.0,1000,7,443,4.427848,1707.002457,0.000015,2.427848,707.002457,-999.999985,0.924561
2.0,1000,7,444,3.081220,2245.033554,0.000038,1.081220,1245.033554,-999.999962,0.781069
2.0,1000,7,445,4.612851,2172.263101,0.000032,2.612851,1172.263101,-999.999968,0.875368
2.0,1000,7,446,1.611135,638.507295,1389.287473,-0.388865,-361.492705,389.287473,0.937784
2.0,1000,7,447,1.757928,803.404270,1270.042950,-0.242072,-196.595730,270.042950,0.950499
2.0,1000,7,448,3.491949,1896.030190,300.425851,1.491949,896.030190,-699.574149,0.855945
2.0,1000,7,449,5.000000,1921.482693,46.225018,3.000000,921.482693,-953.774982,0.905098
2.0,1000,7,450,2.100000,578.885411,1587.335115,0.100000,-421.114589,587.335115,0.930847
2.0,1000,7,451,5.000000,1927.404988,17.351044,3.000000,927.404988,-982.648956,0.843376
2.0,1000,7,452,3.396512,2203.977375,0.000142,1.396512,1203.977375,-999.999858,0.848252
2.0,1000,7,453,4.700000,2031.125731,0.000064,2.700000,1031.125731,-999.999936,0.872170
2.0,1000,7,454,1.511574,1119.554817,880.883369,-0.488426,119.554817,-119.116631,0.954733
2.0,1000,7,455,2.274744,801.186992,1210.604820,0.274744,-198.813008,210.604820,0.896528
2.0,1000,7,456,3.500000,2124.908048,0.000060,1.500000,1124.908048,-999.999940,0.957039
2.0,1000,7,457,1.874422,929.925697,952.877380,-0.125578,-70.074303,-47.122620,0.897134
2.0,1000,7,458,1.631311,799.884823,1199.728051,-0.368689,-200.115177,199.728051,0.919122
2.0,1000,7,459,2.087629,865.215392,986.666939,0.087629,-134.784608,-13.333061,0.930348
2.0,1000,7,460,1.513756,806.466591,1143.997368,-0.486244,-193.533409,143.997368,0.945398
2.0,1000,7,461,3.499912,1812.302565,0.000024,1.499912,812.302565,-999.999976,0.926964
2.0,1000,7,462,4.945085,2074.031567,0.000124,2.945085,1074.031567,-999.999876,0.837803
2.0,1000,7,463,1.823124,713.042754,1182.973848,-0.176876,-286.957246,182.973848,0.911202
2.0,1000,7,464,3.913600,1968.239004,0.000003,1.913600,968.239004,-999.999997,0.801889
2.0,1000,7,465,2.852229,1447.448672,589.842699,0.852229,447.448672,-410.157301,0.765092
2.0,1000,7,466,2.100000,917.542413,815.697855,0.100000,-82.457587,-184.302145,0.948838
2.0,1000,7,467,5.000000,1863.335862,50.684943,3.000000,863.335862,-949.315057,0.856242
2.0,1000,7,468,3.456045,2237.748233,0.000004,1.456045,1237.748233,-999.999996,0.828488
2.0,1000,7,469,3.450648,2130.707645,0.000012,1.450648,1130.707645,-999.999988,0.912640
2.0,1000,7,470,2.856853,1468.476976,539.389305,0.856853,468.476976,-460.610695,0.760716
2.0,1000,7,471,5.000000,1777.483858,118.206455,3.000000,777.483858,-881.793545,0.723762
2.0,1000,7,472,3.440031,2196.887042,0.000015,1.440031,1196.887042,-999.999985,0.935229
2.0,1000,7,473,5.000000,1673.283860,323.192550,3.000000,673.283860,-676.807450,0.838618
2.0,1000,7,474,2.483967,1107.427522,963.894205,0.483967,107.427522,-36.105795,0.868729
2.0,1000,7,475,1.975856,1217.959285,1077.066311,-0.024144,217.959285,77.066311,0.905226
2.0,1000,7,476,5.000000,1908.701060,42.572301,3.000000,908.701060,-957.427699,0.824456
2.0,1000,7,477,4.198930,1991.347672,0.000024,2.198930,991.347672,-999.999976,0.838624
2.0,1000,7,478,3.427192,2288.087715,0.000017,1.427192,1288.087715,-999.999983,0.946858
2.0,1000,7,479,2.727996,974.635909,940.387904,0.727996,-25.364091,-59.612096,0.898675
2.0,1000,7,480,2.389812,679.189753,1238.565337,0.389812,-320.810247,238.565337,0.894340
2.0,1000,7,481,2.633161,1292.659005,772.268010,0.633161,292.659005,-227.731990,0.899249
2.0,1000,7,482,5.000000,1073.757288,775.162194,3.000000,73.757288,-224.837806,0.896840
2.0,1000,7,483,3.300000,1750.511701,0.000125,1.300000,750.511701,-999.999875,0.886696
2.0,1000,7,484,3.648254,2306.573445,0.000009,1.648254,1306.573445,-999.999991,0.892298
2.0,1000,7,485,5.000000,1789.464884,138.776699,3.000000,789.464884,-861.223301,0.895966
2.0,1000,7,486,3.626950,2010.683011,0.000006,1.626950,1010.683011,-999.999994,0.869473
2.0,1000,7,487,1.510996,1123.543379,1371.541587,-0.489004,123.543379,371.541587,0.908621
2.0,1000,7,488,2.642410,757.959610,999.441765,0.642410,-242.040390,-0.558235,0.893166
2.0,1000,7,489,3.954636,2454.666627,0.000022,1.954636,1454.666627,-999.999978,0.910870
2.0,1000,7,490,5.643952,970.535328,977.217941,3.643952,-29.464672,-22.782059,0.049701
2.0,1000,7,491,4.644966,2166.448512,0.000032,2.644966,1166.448512,-999.999968,0.805803
2.0,1000,7,492,2.100000,916.960608,953.075488,0.100000,-83.039392,-46.924512,0.951086
2.0,1000,7,493,2.022752,587.417006,1376.307041,0.022752,-412.582994,376.307041,0.887245
2.0,1000,7,494,5.000000,1669.198194,135.808644,3.000000,669.198194,-864.191356,0.834890
2.0,1000,7,495,2.546096,1187.974477,951.063661,0.546096,187.974477,-48.936339,0.863125
2.0,1000,7,496,3.937158,1954.320435,0.000007,1.937158,954.320435,-999.999993,0.857166
2.0,1000,7,497,1.756818,1090.667377,953.334423,-0.243182,90.667377,-46.665577,0.944595
2.0,1000,7,498,1.774110,909.392484,889.980141,-0.225890,-90.607516,-110.019859,0.939659
2.0,1000,7,499,2.100000,626.467657,1174.737107,0.100000,-373.532343,174.737107,0.953763
2.0,1000,7,500,2.100000,782.874856,850.842940,0.100000,-217.125144,-149.157060,0.863109
2.0,1000,7,501,2.100000,846.783516,1061.332551,0.100000,-153.216484,61.332551,0.940516
2.0,1000,7,502,2.624129,1274.501285,1001.636333,0.624129,274.501285,1.636333,0.871150
2.0,1000,7,503,4.168366,1981.133639,0.000017,2.168366,981.133639,-999.999983,0.890028
2.0,1000,7,504,2.961809,2096.611835,0.000045,0.961809,1096.611835,-999.999955,0.817351
2.0,1000,7,505,2.894276,2363.380567,0.000030,0.894276,1363.380567,-999.999970,0.883990
2.0,1000,7,506,2.100000,781.806641,1168.794791,0.100000,-218.193359,168.794791,0.975023
2.0,1000,7,507,4.136846,1808.921366,0.000033,2.136846,808.921366,-999.999967,0.652039
2.0,1000,7,508,3.935383,2514.304032,0.000155,1.935383,1514.304032,-999.999845,0.854535
2.0,1000,7,509,3.542978,2026.637782,0.000026,1.542978,1026.637782,-999.999974,0.949019
2.0,1000,7,510,3.916241,1615.625204,0.000063,1.916241,615.625204,-999.999937,0.819997
2.0,1000,7,511,3.359452,2305.811906,0.000253,1.359452,1305.811906,-999.999747,0.941840
2.0,1000,7,512,3.587778,1922.442148,0.000002,1.587778,922.442148,-999.999998,0.844412
2.0,1000,7,513,3.574048,1786.470809,0.000112,1.574048,786.470809,-999.999888,0.737880
2.0,1000,7,514,5.000000,1775.896102,30.860823,3.000000,775.896102,-969.139177,0.888725
2.0,1000,7,515,2.612775,2398.657783,0.000004,0.612775,1398.657783,-999.999996,0.959727
2.0,1000,7,516,1.755052,810.550577,956.716206,-0.244948,-189.449423,-43.283794,0.859144
2.0,1000,7,517,1.773061,796.857182,1017.102475,-0.226939,-203.142818,17.102475,0.955860
2.0,1000,7,518,2.134089,1180.881650,890.337285,0.134089,180.881650,-109.662715,0.932045
2.0,1000,7,519,5.000000,1713.432979,590.784041,3.000000,713.432979,-409.215959,0.909580
2.0,1000,7,520,4.147273,2258.299748,0.000094,2.147273,1258.299748,-999.999906,0.843059
2.0,1000,7,521,1.866415,752.319419,1121.657823,-0.133585,-247.680581,121.657823,0.892224
2.0,1000,7,522,5.357682,1492.425781,471.195182,3.357682,492.425781,-528.804818,0.364444
2.0,1000,7,523,3.100000,1972.839520,0.000151,1.100000,972.839520,-999.999849,0.785236
2.0,1000,7,524,2.100000,761.265041,1495.296263,0.100000,-238.734959,495.296263,0.967485
2.0,1000,7,525,3.722838,2062.508619,0.000045,1.722838,1062.508619,-999.999955,0.932867
2.0,1000,7,526,3.461372,915.193519,1121.070199,1.461372,-84.806481,121.070199,0.840344
2.0,1000,7,527,3.848522,1452.095830,697.939850,1.848522,452.095830,-302.060150,0.822966
2.0,1000,7,528,4.700000,1677.047265,21.185725,2.700000,677.047265,-978.814275,0.789410
2.0,1000,7,529,3.953331,1962.435843,0.000028,1.953331,962.435843,-999.999972,0.874769
2.0,1000,7,530,3.937960,2008.691835,0.000008,1.937960,1008.691835,-999.999992,0.800037
2.0,1000,7,531,1.863725,1108.860181,1160.265422,-0.136275,108.860181,160.265422,0.922809
2.0,1000,7,532,2.006076,985.623878,1208.918261,0.006076,-14.376122,208.918261,0.857637
2.0,1000,7,533,3.683950,1828.083411,0.000000,1.683950,828.083411,-1000.000000,0.904814
2.0,1000,7,534,3.941521,1381.422419,887.018832,1.941521,381.422419,-112.981168,0.823288
2.0,1000,7,535,5.000000,1242.498727,530.864039,3.000000,242.498727,-469.135961,0.809114
2.0,1000,7,536,5.000000,1904.018160,202.180088,3.000000,904.018160,-797.819912,0.834792
2.0,1000,7,537,2.100000,1059.752823,876.148886,0.100000,59.752823,-123.851114,0.920046
2.0,1000,7,538,5.277019,1520.025021,361.131254,3.277019,520.025021,-638.868746,0.495319
2.0,1000,7,539,3.726584,1972.552227,0.000048,1.726584,972.552227,-999.999952,0.833376
2.0,1000,7,540,3.376068,1862.052842,0.000120,1.376068,862.052842,-999.999880,0.739960
2.0,1000,7,541,5.000000,1688.430240,122.706093,3.000000,688.430240,-877.293907,0.889160
2.0,1000,7,542,2.174918,897.122781,1173.863458,0.174918,-102.877219,173.863458,0.925167
2.0,1000,7,543,2.983215,2172.230608,0.000009,0.983215,1172.230608,-999.999991,0.909781
2.0,1000,7,544,5.000000,1951.139058,64.340171,3.000000,951.139058,-935.659829,0.780935
2.0,1000,7,545,3.963502,1919.138163,0.000095,1.963502,919.138163,-999.999905,0.870789
2.0,1000,7,546,5.000000,2202.647390,390.531204,3.000000,1202.647390,-609.468796,0.648310
2.0,1000,7,547,4.080137,1942.474675,0.000074,2.080137,942.474675,-999.999926,0.855891
2.0,1000,7,548,5.000000,1950.319135,31.005065,3.000000,950.319135,-968.994935,0.900236
2.0,1000,7,549,3.584750,1071.737834,907.427201,1.584750,71.737834,-92.572799,0.770180
2.0,1000,7,550,3.941047,2004.596853,0.000115,1.941047,1004.596853,-999.999885,0.906859
2.0,1000,7,551,3.998436,1967.786139,0.000043,1.998436,967.786139,-999.999957,0.875952
2.0,1000,7,552,2.012026,550.632866,1177.306874,0.012026,-449.367134,177.306874,0.907136
2.0,1000,7,553,2.100000,1100.570639,945.899496,0.100000,100.570639,-54.100504,0.957869
2.0,1000,7,554,2.070820,308.606668,1615.345552,0.070820,-691.393332,615.345552,0.901592
2.0,1000,7,555,2.902637,1064.067115,922.994734,0.902637,64.067115,-77.005266,0.869076
2.0,1000,7,556,1.496121,815.081108,1011.447494,-0.503879,-184.918892,11.447494,0.947519
2.0,1000,7,557,2.462217,775.466971,1374.246160,0.462217,-224.533029,374.246160,0.845916
2.0,1000,7,558,3.828038,1798.874614,483.899536,1.828038,798.874614,-516.100464,0.800557
2.0,1000,7,559,1.916264,1002.852654,911.883767,-0.083736,2.852654,-88.116233,0.885735
2.0,1000,7,560,3.847756,2120.522854,0.000054,1.847756,1120.522854,-999.999946,0.867105
2.0,1000,7,561,4.303968,1854.990170,0.000049,2.303968,854.990170,-999.999951,0.927667
2.0,1000,7,562,1.832345,1307.802554,914.584000,-0.167655,307.802554,-85.416000,0.931670
2.0,1000,7,563,4.156035,2040.587520,0.000029,2.156035,1040.587520,-999.999971,0.837375
2.0,1000,7,564,4.009425,2134.930475,0.000006,2.009425,1134.930475,-999.999994,0.770430
2.0,1000,7,565,2.474269,920.810292,989.331994,0.474269,-79.189708,-10.668006,0.893180
2.0,1000,7,566,4.472990,1778.791986,0.000008,2.472990,778.791986,-999.999992,0.841184
2.0,1000,7,567,3.300000,1059.117811,750.829391,1.300000,59.117811,-249.170609,0.860354
2.0,1000,7,568,3.663447,2122.348148,0.000035,1.663447,1122.348148,-999.999965,0.886160
2.0,1000,7,569,2.524365,913.778784,1034.288627,0.524365,-86.221216,34.288627,0.906355
2.0,1000,7,570,1.819693,944.835687,1334.823972,-0.180307,-55.164313,334.823972,0.920982
2.0,1000,7,571,2.545407,1453.226712,917.126328,0.545407,453.226712,-82.873672,0.846250
2.0,1000,7,572,3.174219,946.214827,1050.289207,1.174219,-53.785173,50.289207,0.852779
2.0,1000,7,573,2.053148,1169.227493,884.560630,0.053148,169.227493,-115.439370,0.925383
2.0,1000,7,574,2.100000,773.032399,1061.943240,0.100000,-226.967601,61.943240,0.906241
2.0,1000,7,575,3.552508,2101.032409,0.000018,1.552508,1101.032409,-999.999982,0.855322
2.0,1000,7,576,1.981061,1094.868775,1008.922021,-0.018939,94.868775,8.922021,0.834363
2.0,1000,7,577,2.325028,1285.247465,1067.258585,0.325028,285.247465,67.258585,0.846946
2.0,1000,7,578,2.100000,944.049627,762.326344,0.100000,-55.950373,-237.673656,0.887426
2.0,1000,7,579,4.346513,2013.480933,0.000010,2.346513,1013.480933,-999.999990,0.848737
2.0,1000,7,580,4.169659,1936.218572,0.000001,2.169659,936.218572,-999.999999,0.874435
2.0,1000,7,581,3.923292,1972.271723,0.000004,1.923292,972.271723,-999.999996,0.899286
2.0,1000,7,582,4.529518,1853.356775,0.000008,2.529518,853.356775,-999.999992,0.914170
2.0,1000,7,583,2.100000,1034.513199,993.974814,0.100000,34.513199,-6.025186,0.895063
2.0,1000,7,584,4.433195,2036.512134,0.000066,2.433195,1036.512134,-999.999934,0.791034
2.0,1000,7,585,5.000000,1599.827655,200.488509,3.000000,599.827655,-799.511491,0.737113
2.0,1000,7,586,5.000000,1877.548049,434.473729,3.000000,877.548049,-565.526271,0.913759
2.0,1000,7,587,2.511651,1082.694735,1073.530258,0.511651,82.694735,73.530258,0.892958
2.0,1000,7,588,2.343544,1213.489849,816.168350,0.343544,213.489849,-183.831650,0.907970
2.0,1000,7,589,5.318922,1727.060506,407.726894,3.318922,727.060506,-592.273106,0.470076
2.0,1000,7,590,3.567432,1264.029171,878.986032,1.567432,264.029171,-121.013968,0.819666
2.0,1000,7,591,4.134917,1518.222336,696.020181,2.134917,518.222336,-303.979819,0.804328
2.0,1000,7,592,3.370777,2328.567911,0.000047,1.370777,1328.567911,-999.999953,0.873135
2.0,1000,7,593,2.100000,937.921997,915.304659,0.100000,-62.078003,-84.695341,0.965349
2.0,1000,7,594,3.049596,1432.249117,577.815464,1.049596,432.249117,-422.184536,0.871704
2.0,1000,7,595,1.900252,1068.065843,907.881665,-0.099748,68.065843,-92.118335,0.871034
2.0,1000,7,596,1.672542,771.837058,891.669397,-0.327458,-228.162942,-108.330603,0.858723
2.0,1000,7,597,1.450216,641.220043,1063.298154,-0.549784,-358.779957,63.298154,0.932250
2.0,1000,7,598,2.100000,1132.448983,971.695882,0.100000,132.448983,-28.304118,0.979009
2.0,1000,7,599,4.052301,1938.999459,0.000028,2.052301,938.999459,-999.999972,0.924052
2.0,1000,7,600,2.100000,1058.487291,1084.438371,0.100000,58.487291,84.438371,0.957818
2.0,1000,7,601,5.000000,716.197454,1057.271028,3.000000,-283.802546,57.271028,0.899932
2.0,1000,7,602,2.100000,633.282960,960.684892,0.100000,-366.717040,-39.315108,0.945942
2.0,1000,7,603,2.583156,1191.459255,895.747965,0.583156,191.459255,-104.252035,0.896440
2.0,1000,7,604,4.080064,2072.506590,0.000038,2.080064,1072.506590,-999.999962,0.903749
2.0,1000,7,605,4.468496,2069.127885,0.000001,2.468496,1069.127885,-999.999999,0.875899
2.0,1000,7,606,2.572390,1268.082902,814.342386,0.572390,268.082902,-185.657614,0.876086
2.0,1000,7,607,2.100000,803.052293,1245.623305,0.100000,-196.947707,245.623305,0.934571
2.0,1000,7,608,1.489215,881.248757,1012.559150,-0.510785,-118.751243,12.559150,0.912666
2.0,1000,7,609,5.000000,1794.431872,125.298274,3.000000,794.431872,-874.701726,0.897187
2.0,1000,7,610,3.821043,1950.468687,0.000062,1.821043,950.468687,-999.999938,0.902651
2.0,1000,7,611,4.860709,1945.709693,0.000026,2.860709,945.709693,-999.999974,0.856807
2.0,1000,7,612,3.730391,1756.316016,0.000014,1.730391,756.316016,-999.999986,0.892121
2.0,1000,7,613,4.209223,2301.834795,0.000007,2.209223,1301.834795,-999.999993,0.897612
2.0,1000,7,614,2.206183,1034.456150,843.365595,0.206183,34.456150,-156.634405,0.883413
2.0,1000,7,615,4.629695,2516.498513,0.000083,2.629695,1516.498513,-999.999917,0.438953
2.0,1000,7,616,3.319264,2045.941385,0.000098,1.319264,1045.941385,-999.999902,0.620819
2.0,1000,7,617,3.253199,1921.118735,363.989526,1.253199,921.118735,-636.010474,0.863755
2.0,1000,7,618,2.679493,2272.811675,0.000035,0.679493,1272.811675,-999.999965,0.730290
2.0,1000,7,619,1.612343,691.273936,1273.654972,-0.387657,-308.726064,273.654972,0.926890
2.0,1000,7,620,2.100000,717.181116,1276.147114,0.100000,-282.818884,276.147114,0.953374
2.0,1000,7,621,3.759158,2331.067401,0.000022,1.759158,1331.067401,-999.999978,0.856696
2.0,1000,7,622,4.358610,2116.631600,0.000038,2.358610,1116.631600,-999.999962,0.841913
2.0,1000,7,623,2.064312,837.138413,901.516746,0.064312,-162.861587,-98.483254,0.881246
2.0,1000,7,624,5.000000,1636.854982,448.604759,3.000000,636.854982,-551.395241,0.828706
2.0,1000,7,625,2.898744,1302.940058,780.635053,0.898744,302.940058,-219.364947,0.866487
2.0,1000,7,626,1.953989,756.729047,1195.144008,-0.046011,-243.270953,195.144008,0.930527
2.0,1000,7,627,1.636344,520.197105,1386.786568,-0.363656,-479.802895,386.786568,0.925865
2.0,1000,7,628,2.109159,1148.706773,748.644390,0.109159,148.706773,-251.355610,0.880010
2.0,1000,7,629,1.514375,694.633626,1143.480339,-0.485625,-305.366374,143.480339,0.926279
2.0,1000,7,630,2.235991,977.516314,964.696084,0.235991,-22.483686,-35.303916,0.922230
2.0,1000,7,631,3.361284,2342.169646,0.000015,1.361284,1342.169646,-999.999985,0.826481
2.0,1000,7,632,1.635084,355.078832,1310.860492,-0.364916,-644.921168,310.860492,0.932423
2.0,1000,7,633,4.013276,1869.548902,0.000006,2.013276,869.548902,-999.999994,0.868598
2.0,1000,7,634,2.100000,961.457155,1080.904278,0.100000,-38.542845,80.904278,0.929178
2.0,1000,7,635,1.981208,562.350270,1339.932205,-0.018792,-437.649730,339.932205,0.911918
2.0,1000,7,636,1.940122,976.714346,1022.828371,-0.059878,-23.285654,22.828371,0.942169
2.0,1000,7,637,5.000000,2157.921687,19.017520,3.000000,1157.921687,-980.982480,0.895589
2.0,1000,7,638,5.000000,1663.921112,451.713989,3.000000,663.921112,-548.286011,0.886060
2.0,1000,7,639,2.707226,1037.463133,1074.463977,0.707226,37.463133,74.463977,0.880465
2.0,1000,7,640,4.746530,935.243228,865.164235,2.746530,-64.756772,-134.835765,0.769097
2.0,1000,7,641,3.508507,2219.357367,0.000035,1.508507,1219.357367,-999.999965,0.644536
2.0,1000,7,642,1.764996,504.845962,1716.763231,-0.235004,-495.154038,716.763231,0.927731
2.0,1000,7,643,3.333365,2249.274300,0.000037,1.333365,1249.274300,-999.999963,0.721616
2.0,1000,7,644,1.625114,539.583356,1214.516908,-0.374886,-460.416644,214.516908,0.928344
2.0,1000,7,645,5.404846,1355.843288,603.767550,3.404846,355.843288,-396.232450,0.327809
2.0,1000,7,646,2.100000,663.177504,1267.931422,0.100000,-336.822496,267.931422,0.851505
2.0,1000,7,647,2.107109,580.170520,1285.404745,0.107109,-419.829480,285.404745,0.908605
2.0,1000,7,648,2.183320,1363.166363,800.291824,0.183320,363.166363,-199.708176,0.870369
2.0,1000,7,649,4.700000,1905.412955,11.690786,2.700000,905.412955,-988.309214,0.825353
2.0,1000,7,650,4.555302,2255.830516,0.000075,2.555302,1255.830516,-999.999925,0.817751
2.0,1000,7,651,1.823667,753.425733,1168.130866,-0.176333,-246.574267,168.130866,0.933886
2.0,1000,7,652,4.700000,1988.060788,46.447890,2.700000,988.060788,-953.552110,0.854157
2.0,1000,7,653,3.725640,1996.232728,0.000004,1.725640,996.232728,-999.999996,0.711141
2.0,1000,7,654,5.000000,1896.814615,110.035531,3.000000,896.814615,-889.964469,0.893124
2.0,1000,7,655,4.557614,2587.471662,0.000008,2.557614,1587.471662,-999.999992,0.872411
2.0,1000,7,656,5.000000,1726.644378,149.050319,3.000000,726.644378,-850.949681,0.907408
2.0,1000,7,657,2.100000,1023.532575,1117.048399,0.100000,23.532575,117.048399,0.880144
2.0,1000,7,658,2.100000,587.007508,1338.848386,0.100000,-412.992492,338.848386,0.948061
2.0,1000,7,659,1.856454,933.432056,986.160689,-0.143546,-66.567944,-13.839311,0.842954
2.0,1000,7,660,1.968330,1002.119152,1144.601220,-0.031670,2.119152,144.601220,0.934114
2.0,1000,7,661,5.273261,2226.228916,131.074984,3.273261,1226.228916,-868.925016,0.512353
2.0,1000,7,662,2.100000,717.932829,1007.875676,0.100000,-282.067171,7.875676,0.961550
2.0,1000,7,663,2.305463,1274.637831,933.173505,0.305463,274.637831,-66.826495,0.911728
2.0,1000,7,664,2.012127,1270.822938,928.408378,0.012127,270.822938,-71.591622,0.895140
2.0,1000,7,665,1.528101,623.863050,1406.972707,-0.471899,-376.136950,406.972707,0.893235
2.0,1000,7,666,2.240391,486.538457,1264.085588,0.240391,-513.461543,264.085588,0.894958
2.0,1000,7,667,2.137229,1006.881127,1210.702023,0.137229,6.881127,210.702023,0.882659
2.0,1000,7,668,2.100000,693.314935,1481.481344,0.100000,-306.685065,481.481344,0.940693
2.0,1000,7,669,4.520979,2134.268215,0.000037,2.520979,1134.268215,-999.999963,0.861271
2.0,1000,7,670,4.593918,2090.065526,0.000026,2.593918,1090.065526,-999.999974,0.897958
2.0,1000,7,671,2.141450,1060.397535,1081.937645,0.141450,60.397535,81.937645,0.930429
2.0,1000,7,672,5.000000,1881.557908,84.985866,3.000000,881.557908,-915.014134,0.888164
2.0,1000,7,673,1.529602,873.314576,1043.085503,-0.470398,-126.685424,43.085503,0.913711
2.0,1000,7,674,1.798246,1048.745087,949.905722,-0.201754,48.745087,-50.094278,0.909511
2.0,1000,7,675,3.321842,2119.328892,0.000047,1.321842,1119.328892,-999.999953,0.869562
2.0,1000,7,676,2.723951,1088.762722,1107.801341,0.723951,88.762722,107.801341,0.868778
2.0,1000,7,677,2.225628,805.834981,1184.263810,0.225628,-194.165019,184.263810,0.920599
2.0,1000,7,678,2.100000,710.151294,1392.505853,0.100000,-289.848706,392.505853,0.964734
2.0,1000,7,679,5.000000,1554.569203,367.644477,3.000000,554.569203,-632.355523,0.812348
2.0,1000,7,680,3.228312,1200.748794,983.959133,1.228312,200.748794,-16.040867,0.861901
2.0,1000,7,681,2.680457,1140.704989,777.318963,0.680457,140.704989,-222.681037,0.866000
2.0,1000,7,682,3.800835,1668.004010,0.000015,1.800835,668.004010,-999.999985,0.791532
2.0,1000,7,683,2.984150,786.451350,1049.220692,0.984150,-213.548650,49.220692,0.804777
2.0,1000,7,684,2.131554,1032.339679,1040.284006,0.131554,32.339679,40.284006,0.891658
2.0,1000,7,685,2.859998,1958.858844,0.000001,0.859998,958.858844,-999.999999,0.851567
2.0,1000,7,686,2.055716,840.617198,980.370916,0.055716,-159.382802,-19.629084,0.912653
2.0,1000,7,687,2.009201,1010.259466,1035.385329,0.009201,10.259466,35.385329,0.903842
2.0,1000,7,688,2.200000,1310.338258,806.976703,0.200000,310.338258,-193.023297,0.975953
2.0,1000,7,689,3.882355,2121.078236,0.000022,1.882355,1121.078236,-999.999978,0.805970
2.0,1000,7,690,4.432250,2015.987243,0.000003,2.432250,1015.987243,-999.999997,0.883160
2.0,1000,7,691,2.025855,657.147130,1400.622744,0.025855,-342.852870,400.622744,0.868160
2.0,1000,7,692,2.432697,1027.695794,978.139506,0.432697,27.695794,-21.860494,0.889559
2.0,1000,7,693,2.100000,946.148158,1093.308195,0.100000,-53.851842,93.308195,0.965963
2.0,1000,7,694,3.139750,2439.301203,0.000032,1.139750,1439.301203,-999.999968,0.851334
2.0,1000,7,695,2.580547,1411.972944,732.562332,0.580547,411.972944,-267.437668,0.766866
2.0,1000,7,696,4.619455,2030.911853,0.000010,2.619455,1030.911853,-999.999990,0.874480
2.0,1000,7,697,1.800042,598.405564,1315.422338,-0.199958,-401.594436,315.422338,0.902163
2.0,1000,7,698,2.290402,692.652155,1042.101603,0.290402,-307.347845,42.101603,0.911511
2.0,1000,7,699,2.253014,1181.718947,1076.805257,0.253014,181.718947,76.805257,0.913631
2.0,1000,7,700,5.000000,1881.291425,264.167345,3.000000,881.291425,-735.832655,0.797193
2.0,1000,7,701,4.003145,963.532678,683.957166,2.003145,-36.467322,-316.042834,0.712950
2.0,1000,7,702,3.098825,2526.102482,0.000082,1.098825,1526.102482,-999.999918,0.877882
2.0,1000,7,703,2.100000,842.039660,1031.794579,0.100000,-157.960340,31.794579,0.937539
2.0,1000,7,704,3.927980,2302.744435,0.000007,1.927980,1302.744435,-999.999993,0.765583
2.0,1000,7,705,5.000000,1462.613836,386.276105,3.000000,462.613836,-613.723895,0.892122
2.0,1000,7,706,4.700000,2210.070056,16.485847,2.700000,1210.070056,-983.514153,0.903327
2.0,1000,7,707,3.468093,1175.962926,779.433946,1.468093,175.962926,-220.566054,0.730061
2.0,1000,7,708,4.000000,1112.625648,874.247246,2.000000,112.625648,-125.752754,0.667248
2.0,1000,7,709,3.654949,1902.656605,0.000003,1.654949,902.656605,-999.999997,0.779820
2.0,1000,7,710,5.000000,1384.203467,662.393736,3.000000,384.203467,-337.606264,0.856116
2.0,1000,7,711,3.566155,2167.564360,0.000011,1.566155,1167.564360,-999.999989,0.876279
2.0,1000,7,712,1.991855,1230.636321,1050.970464,-0.008145,230.636321,50.970464,0.921820
2.0,1000,7,713,5.000000,1262.740859,493.089317,3.000000,262.740859,-506.910683,0.742701
2.0,1000,7,714,3.933625,2134.189119,0.000000,1.933625,1134.189119,-1000.000000,0.887486
2.0,1000,7,715,5.000000,1445.590626,473.653351,3.000000,445.590626,-526.346649,0.863598
2.0,1000,7,716,1.906214,972.817247,819.438068,-0.093786,-27.182753,-180.561932,0.913899
2.0,1000,7,717,1.476040,630.798317,1176.870649,-0.523960,-369.201683,176.870649,0.940272
2.0,1000,7,718,4.522479,2457.828395,0.000079,2.522479,1457.828395,-999.999921,0.868837
2.0,1000,7,719,3.604100,969.582653,881.580924,1.604100,-30.417347,-118.419076,0.841061
2.0,1000,7,720,5.000000,1974.198400,51.097963,3.000000,974.198400,-948.902037,0.841805
2.0,1000,7,721,3.963762,2121.651883,0.000009,1.963762,1121.651883,-999.999991,0.933505
2.0,1000,7,722,2.525159,989.828950,889.493484,0.525159,-10.171050,-110.506516,0.890543
2.0,1000,7,723,2.202156,828.677330,1231.669092,0.202156,-171.322670,231.669092,0.911430
2.0,1000,7,724,3.978199,1797.505205,0.000014,1.978199,797.505205,-999.999986,0.839273
2.0,1000,7,725,2.603988,1262.932146,740.117108,0.603988,262.932146,-259.882892,0.877855
2.0,1000,7,726,1.753753,879.612920,1164.452356,-0.246247,-120.387080,164.452356,0.937945
2.0,1000,7,727,5.000000,1776.096878,190.098932,3.000000,776.096878,-809.901068,0.813998
2.0,1000,7,728,2.100000,1131.042213,958.032425,0.100000,131.042213,-41.967575,0.923603
2.0,1000,7,729,2.100000,782.404325,943.557510,0.100000,-217.595675,-56.442490,0.903950
2.0,1000,7,730,4.700000,1249.518300,523.768970,2.700000,249.518300,-476.231030,0.849318
2.0,1000,7,731,4.514889,2082.430580,0.000008,2.514889,1082.430580,-999.999992,0.892683
2.0,1000,7,732,1.423327,633.493894,1068.468503,-0.576673,-366.506106,68.468503,0.952333
2.0,1000,7,733,5.000000,1772.563516,241.944369,3.000000,772.563516,-758.055631,0.864886
2.0,1000,7,734,2.100000,976.559648,1161.601972,0.100000,-23.440352,161.601972,0.796116
2.0,1000,7,735,5.000000,1321.651431,542.659896,3.000000,321.651431,-457.340104,0.880178
2.0,1000,7,736,2.874776,2138.819467,0.000018,0.874776,1138.819467,-999.999982,0.803432
2.0,1000,7,737,2.460717,1202.908185,806.353632,0.460717,202.908185,-193.646368,0.886994
2.0,1000,7,738,1.870283,1015.936194,1020.177988,-0.129717,15.936194,20.177988,0.857981
2.0,1000,7,739,4.299979,1976.397668,0.000113,2.299979,976.397668,-999.999887,0.905089
2.0,1000,7,740,4.038164,1656.114323,664.017031,2.038164,656.114323,-335.982969,0.785141
2.0,1000,7,741,1.303643,349.020255,1395.332996,-0.696357,-650.979745,395.332996,0.946091
2.0,1000,7,742,3.513371,811.214760,939.224636,1.513371,-188.785240,-60.775364,0.828759
2.0,1000,7,743,2.300834,1066.734179,1179.193438,0.300834,66.734179,179.193438,0.876074
2.0,1000,7,744,1.659454,609.325742,1334.046952,-0.340546,-390.674258,334.046952,0.852226
2.0,1000,7,745,1.591155,954.238710,1639.512683,-0.408845,-45.761290,639.512683,0.918414
2.0,1000,7,746,2.100000,934.603111,1168.534763,0.100000,-65.396889,168.534763,0.942778
2.0,1000,7,747,2.552656,1202.085948,1037.302956,0.552656,202.085948,37.302956,0.899627
2.0,1000,7,748,4.223817,2189.567731,0.000066,2.223817,1189.567731,-999.999934,0.881953
2.0,1000,7,749,1.481507,786.171618,1253.989536,-0.518493,-213.828382,253.989536,0.952623
2.0,1000,7,750,4.700000,2249.756560,7.222109,2.700000,1249.756560,-992.777891,0.881638
2.0,1000,7,751,4.366720,1805.874064,0.000043,2.366720,805.874064,-999.999957,0.843170
2.0,1000,7,752,4.033612,1937.537665,0.000017,2.033612,937.537665,-999.999983,0.866046
2.0,1000,7,753,2.100000,1045.647345,1054.546260,0.100000,45.647345,54.546260,0.948580
2.0,1000,7,754,2.100000,613.552293,1136.394881,0.100000,-386.447707,136.394881,0.906265
2.0,1000,7,755,1.606320,667.273820,1167.217502,-0.393680,-332.726180,167.217502,0.947915
2.0,1000,7,756,3.792049,2105.467415,0.000039,1.792049,1105.467415,-999.999961,0.796387
2.0,1000,7,757,2.100000,596.685717,1192.772734,0.100000,-403.314283,192.772734,0.921356
2.0,1000,7,758,3.222362,2005.297063,0.000046,1.222362,1005.297063,-999.999954,0.811692
2.0,1000,7,759,3.427536,1951.327140,0.000267,1.427536,951.327140,-999.999733,0.874742
2.0,1000,7,760,2.500085,868.196836,937.377269,0.500085,-131.803164,-62.622731,0.908886
2.0,1000,7,761,2.801594,1484.064786,616.389587,0.801594,484.064786,-383.610413,0.819578
2.0,1000,7,762,2.039378,757.835074,1238.365662,0.039378,-242.164926,238.365662,0.837227
2.0,1000,7,763,4.900000,1679.332528,278.068046,2.900000,679.332528,-721.931954,0.726201
2.0,1000,7,764,2.100000,973.291681,1155.716167,0.100000,-26.708319,155.716167,0.911834
2.0,1000,7,765,3.502088,2127.709840,0.000071,1.502088,1127.709840,-999.999929,0.782267
2.0,1000,7,766,3.076166,2150.469875,0.000011,1.076166,1150.469875,-999.999989,0.922741
2.0,1000,7,767,5.000000,1740.248174,342.931734,3.000000,740.248174,-657.068266,0.924886
2.0,1000,7,768,3.632765,2018.702514,0.000069,1.632765,1018.702514,-999.999931,0.838782
2.0,1000,7,769,4.169659,1812.796816,0.000001,2.169659,812.796816,-999.999999,0.760083
2.0,1000,7,770,5.000000,1609.491719,270.582437,3.000000,609.491719,-729.417563,0.880496
2.0,1000,7,771,2.028634,1176.577785,888.312214,0.028634,176.577785,-111.687786,0.883139
2.0,1000,7,772,5.059255,1791.662397,235.725833,3.059255,791.662397,-764.274167,0.595560
2.0,1000,7,773,4.425285,1875.346697,0.000081,2.425285,875.346697,-999.999919,0.838478
2.0,1000,7,774,5.000000,1566.049219,373.213682,3.000000,566.049219,-626.786318,0.746999
2.0,1000,7,775,5.000000,2115.329304,174.884887,3.000000,1115.329304,-825.115113,0.785643
2.0,1000,7,776,2.808071,1133.499294,895.266897,0.808071,133.499294,-104.733103,0.833381
2.0,1000,7,777,5.000000,924.248249,948.315858,3.000000,-75.751751,-51.684142,0.788214
2.0,1000,7,778,3.785652,1788.979324,0.000062,1.785652,788.979324,-999.999938,0.652627
2.0,1000,7,779,2.145257,628.422806,1352.637296,0.145257,-371.577194,352.637296,0.898947
2.0,1000,7,780,2.869870,1942.735036,0.000154,0.869870,942.735036,-999.999846,0.819018
2.0,1000,7,781,2.732977,979.637918,1020.432378,0.732977,-20.362082,20.432378,0.820083
2.0,1000,7,782,2.558823,2351.907096,0.000042,0.558823,1351.907096,-999.999958,0.862748
2.0,1000,7,783,2.158487,1041.040197,788.066768,0.158487,41.040197,-211.933232,0.908278
2.0,1000,7,784,3.411538,2060.880506,0.000166,1.411538,1060.880506,-999.999834,0.948583
2.0,1000,7,785,3.236388,2081.114538,0.000140,1.236388,1081.114538,-999.999860,0.549095
2.0,1000,7,786,3.100000,2009.241452,74.841726,1.100000,1009.241452,-925.158274,0.921080
2.0,1000,7,787,3.568528,1762.215446,0.000059,1.568528,762.215446,-999.999941,0.853728
2.0,1000,7,788,3.100000,2096.203797,61.239029,1.100000,1096.203797,-938.760971,0.925274
2.0,1000,7,789,2.692953,1076.432145,1019.355452,0.692953,76.432145,19.355452,0.882263
2.0,1000,7,790,5.000000,2038.481352,219.042995,3.000000,1038.481352,-780.957005,0.918529
2.0,1000,7,791,4.526069,2143.130647,0.000173,2.526069,1143.130647,-999.999827,0.885977
2.0,1000,7,792,3.513665,1971.638308,0.000041,1.513665,971.638308,-999.999959,0.907467
2.0,1000,7,793,2.100000,1372.299784,875.433217,0.100000,372.299784,-124.566783,0.967802
2.0,1000,7,794,2.488136,1268.719469,939.067420,0.488136,268.719469,-60.932580,0.891838
2.0,1000,7,795,2.100000,537.489817,1322.428060,0.100000,-462.510183,322.428060,0.957881
2.0,1000,7,796,1.827968,591.062082,1476.456917,-0.172032,-408.937918,476.456917,0.918801
2.0,1000,7,797,5.000000,1883.586095,107.342634,3.000000,883.586095,-892.657366,0.824494
2.0,1000,7,798,5.000000,1506.719998,476.288152,3.000000,506.719998,-523.711848,0.827384
2.0,1000,7,799,5.000000,1760.232333,23.213851,3.000000,760.232333,-976.786149,0.938518
2.0,1000,7,800,2.100000,668.056183,979.963901,0.100000,-331.943817,-20.036099,0.904352
2.0,1000,7,801,4.169924,2316.285665,0.000037,2.169924,1316.285665,-999.999963,0.821653
2.0,1000,7,802,1.651394,902.608714,988.036153,-0.348606,-97.391286,-11.963847,0.944135
2.0,1000,7,803,4.737306,1662.914448,755.246056,2.737306,662.914448,-244.753944,0.667551
2.0,1000,7,804,1.681233,865.296707,997.685226,-0.318767,-134.703293,-2.314774,0.931972
2.0,1000,7,805,1.510789,823.651229,1017.546053,-0.489211,-176.348771,17.546053,0.928004
2.0,1000,7,806,3.300000,1071.168576,802.940442,1.300000,71.168576,-197.059558,0.871290
2.0,1000,7,807,4.408143,1976.040446,0.000047,2.408143,976.040446,-999.999953,0.905065
2.0,1000,7,808,3.800006,1890.656097,0.000041,1.800006,890.656097,-999.999959,0.794198
2.0,1000,7,809,2.100000,1005.437281,1259.384513,0.100000,5.437281,259.384513,0.875074
2.0,1000,7,810,1.798133,485.763084,1277.474003,-0.201867,-514.236916,277.474003,0.905197
2.0,1000,7,811,3.100000,1898.624781,0.000013,1.100000,898.624781,-999.999987,0.748719
2.0,1000,7,812,1.681207,950.105521,984.976068,-0.318793,-49.894479,-15.023932,0.902795
2.0,1000,7,813,3.915680,1930.134561,0.000001,1.915680,930.134561,-999.999999,0.828732
2.0,1000,7,814,4.219376,2043.470108,0.000013,2.219376,1043.470108,-999.999987,0.881309
2.0,1000,7,815,1.668919,682.089388,1207.581092,-0.331081,-317.910612,207.581092,0.931052
2.0,1000,7,816,2.939025,598.380089,1098.308126,0.939025,-401.619911,98.308126,0.798951
2.0,1000,7,817,4.941342,2269.716044,0.000122,2.941342,1269.716044,-999.999878,0.916339
2.0,1000,7,818,3.869358,1578.445074,426.235233,1.869358,578.445074,-573.764767,0.727279
2.0,1000,7,819,5.000000,1430.563847,520.748910,3.000000,430.563847,-479.251090,0.867641
2.0,1000,7,820,1.799895,827.938681,1273.113956,-0.200105,-172.061319,273.113956,0.909342
2.0,1000,7,821,4.573187,1829.286624,0.000061,2.573187,829.286624,-999.999939,0.912010
2.0,1000,7,822,4.279255,1959.046927,0.000141,2.279255,959.046927,-999.999859,0.898727
2.0,1000,7,823,4.900000,1240.980376,547.198744,2.900000,240.980376,-452.801256,0.754025
2.0,1000,7,824,3.100000,1065.565913,1085.555586,1.100000,65.565913,85.555586,0.758811
2.0,1000,7,825,2.681800,1453.118972,908.052822,0.681800,453.118972,-91.947178,0.889438
2.0,1000,7,826,3.027091,2271.886512,0.000016,1.027091,1271.886512,-999.999984,0.929381
2.0,1000,7,827,1.475242,539.863511,1448.351771,-0.524758,-460.136489,448.351771,0.951266
2.0,1000,7,828,3.818852,2226.591551,0.000011,1.818852,1226.591551,-999.999989,0.825714
2.0,1000,7,829,2.100000,672.351856,1177.965195,0.100000,-327.648144,177.965195,0.933755
2.0,1000,7,830,1.467595,943.793370,1177.796721,-0.532405,-56.206630,177.796721,0.849472
2.0,1000,7,831,4.100000,2090.528654,0.000146,2.100000,1090.528654,-999.999854,0.924649
2.0,1000,7,832,4.216856,2199.273616,0.000009,2.216856,1199.273616,-999.999991,0.814318
2.0,1000,7,833,4.576714,2263.764604,0.000001,2.576714,1263.764604,-999.999999,0.921755
2.0,1000,7,834,2.561926,1333.363529,832.565325,0.561926,333.363529,-167.434675,0.860338
2.0,1000,7,835,4.677810,1884.070586,0.000004,2.677810,884.070586,-999.999996,0.810676
2.0,1000,7,836,1.536648,954.316180,1447.460485,-0.463352,-45.683820,447.460485,0.886401
2.0,1000,7,837,2.100000,863.311895,1119.779198,0.100000,-136.688105,119.779198,0.948237
2.0,1000,7,838,3.946496,2132.661064,0.000046,1.946496,1132.661064,-999.999954,0.932109
2.0,1000,7,839,2.133535,1547.250089,681.971029,0.133535,547.250089,-318.028971,0.854390
2.0,1000,7,840,3.100000,2304.083176,63.721257,1.100000,1304.083176,-936.278743,0.940612
2.0,1000,7,841,3.665869,1797.876785,0.000080,1.665869,797.876785,-999.999920,0.705149
2.0,1000,7,842,3.442675,1668.863486,454.137094,1.442675,668.863486,-545.862906,0.846032
2.0,1000,7,843,4.586902,1792.430386,0.000159,2.586902,792.430386,-999.999841,0.854726
2.0,1000,7,844,2.100000,1201.854670,946.691043,0.100000,201.854670,-53.308957,0.884935
2.0,1000,7,845,3.640495,2098.272922,0.000011,1.640495,1098.272922,-999.999989,0.814954
2.0,1000,7,846,4.662655,1763.931203,0.000008,2.662655,763.931203,-999.999992,0.843789
2.0,1000,7,847,3.452445,2342.172726,0.000056,1.452445,1342.172726,-999.999944,0.829176
2.0,1000,7,848,5.000000,1027.801296,750.906285,3.000000,27.801296,-249.093715,0.715366
2.0,1000,7,849,3.077197,2121.434174,0.000076,1.077197,1121.434174,-999.999924,0.842347
2.0,1000,7,850,1.962837,1455.000960,721.547027,-0.037163,455.000960,-278.452973,0.891194
2.0,1000,7,851,4.500000,2149.199975,0.000053,2.500000,1149.199975,-999.999947,0.889386
2.0,1000,7,852,2.186747,648.002436,1368.535515,0.186747,-351.997564,368.535515,0.916903
2.0,1000,7,853,2.100000,1035.198437,982.863728,0.100000,35.198437,-17.136272,0.940308
2.0,1000,7,854,4.876952,2166.336174,0.000010,2.876952,1166.336174,-999.999990,0.891158
2.0,1000,7,855,5.000000,1681.828795,213.461905,3.000000,681.828795,-786.538095,0.908905
2.0,1000,7,856,4.187889,1933.400354,0.000004,2.187889,933.400354,-999.999996,0.779363
2.0,1000,7,857,1.955431,1200.147701,813.142220,-0.044569,200.147701,-186.857780,0.890945
2.0,1000,7,858,1.949657,1085.765766,861.597822,-0.050343,85.765766,-138.402178,0.934427
2.0,1000,7,859,4.177393,2163.975937,0.000013,2.177393,1163.975937,-999.999987,0.934027
2.0,1000,7,860,2.467552,1289.413021,893.044863,0.467552,289.413021,-106.955137,0.910610
2.0,1000,7,861,2.338366,895.285404,1013.860228,0.338366,-104.714596,13.860228,0.912153
2.0,1000,7,862,3.800113,2181.303732,0.000017,1.800113,1181.303732,-999.999983,0.892324
2.0,1000,7,863,4.058053,2113.432192,0.000000,2.058053,1113.432192,-1000.000000,0.925805
2.0,1000,7,864,2.100000,842.383596,1024.211713,0.100000,-157.616404,24.211713,0.970809
2.0,1000,7,865,2.909309,1385.991539,752.220496,0.909309,385.991539,-247.779504,0.893610
2.0,1000,7,866,2.100000,987.623766,1188.283402,0.100000,-12.376234,188.283402,0.909768
2.0,1000,7,867,2.048125,718.105122,1376.479516,0.048125,-281.894878,376.479516,0.843382
2.0,1000,7,868,2.100000,1127.365314,900.015248,0.100000,127.365314,-99.984752,0.880269
2.0,1000,7,869,4.567025,2222.949404,0.000029,2.567025,1222.949404,-999.999971,0.863669
2.0,1000,7,870,5.000000,1818.862257,104.466999,3.000000,818.862257,-895.533001,0.863065
2.0,1000,7,871,2.836431,2501.722186,0.000001,0.836431,1501.722186,-999.999999,0.907558
2.0,1000,7,872,3.779007,2232.505387,0.000118,1.779007,1232.505387,-999.999882,0.858005
2.0,1000,7,873,2.793234,1651.852557,585.487018,0.793234,651.852557,-414.512982,0.899277
2.0,1000,7,874,3.873107,1888.450296,0.000055,1.873107,888.450296,-999.999945,0.842900
2.0,1000,7,875,2.100000,899.115041,1039.846966,0.100000,-100.884959,39.846966,0.957807
2.0,1000,7,876,3.217036,2132.914064,0.000002,1.217036,1132.914064,-999.999998,0.921406
2.0,1000,7,877,3.554293,1733.480301,665.757994,1.554293,733.480301,-334.242006,0.835723
2.0,1000,7,878,3.144419,1447.716852,488.709016,1.144419,447.716852,-511.290984,0.765182
2.0,1000,7,879,4.671455,2289.871261,0.000003,2.671455,1289.871261,-999.999997,0.771030
2.0,1000,7,880,4.029511,1942.842302,0.000000,2.029511,942.842302,-1000.000000,0.886220
2.0,1000,7,881,1.510445,812.560690,1061.511800,-0.489555,-187.439310,61.511800,0.929395
2.0,1000,7,882,3.319033,2034.727605,0.000035,1.319033,1034.727605,-999.999965,0.880778
2.0,1000,7,883,4.678541,1672.060448,878.712481,2.678541,672.060448,-121.287519,0.799464
2.0,1000,7,884,3.975032,2067.223325,0.000021,1.975032,1067.223325,-999.999979,0.883644
2.0,1000,7,885,1.771437,956.386597,1095.532336,-0.228563,-43.613403,95.532336,0.907967
2.0,1000,7,886,2.426089,1387.333291,956.197837,0.426089,387.333291,-43.802163,0.846703
2.0,1000,7,887,3.300000,867.182748,926.401266,1.300000,-132.817252,-73.598734,0.874871
2.0,1000,7,888,2.100000,1223.892559,1067.471938,0.100000,223.892559,67.471938,0.975405
2.0,1000,7,889,1.542910,710.661074,1003.933314,-0.457090,-289.338926,3.933314,0.944051
2.0,1000,7,890,3.232006,2110.931436,0.000037,1.232006,1110.931436,-999.999963,0.827847
2.0,1000,7,891,3.283731,2107.883697,0.000005,1.283731,1107.883697,-999.999995,0.943327
2.0,1000,7,892,1.854657,686.660446,1438.463422,-0.145343,-313.339554,438.463422,0.894091
2.0,1000,7,893,1.588277,892.415578,1134.413763,-0.411723,-107.584422,134.413763,0.924789
2.0,1000,7,894,3.490025,2227.508890,0.000011,1.490025,1227.508890,-999.999989,0.813613
2.0,1000,7,895,2.234817,1079.834271,962.912838,0.234817,79.834271,-37.087162,0.743547
2.0,1000,7,896,5.000000,1673.815198,263.776684,3.000000,673.815198,-736.223316,0.879910
2.0,1000,7,897,3.729128,1923.465148,0.000102,1.729128,923.465148,-999.999898,0.895205
2.0,1000,7,898,4.665877,1831.136240,0.000015,2.665877,831.136240,-999.999985,0.885223
2.0,1000,7,899,2.693411,603.607452,1166.101296,0.693411,-396.392548,166.101296,0.878086
2.0,1000,7,900,5.000000,1655.042430,216.216496,3.000000,655.042430,-783.783504,0.856139
2.0,1000,7,901,2.146756,838.788981,1204.678058,0.146756,-161.211019,204.678058,0.853056
2.0,1000,7,902,3.385849,2354.147920,0.000029,1.385849,1354.147920,-999.999971,0.945030
2.0,1000,7,903,2.749232,691.476288,1148.017380,0.749232,-308.523712,148.017380,0.850791
2.0,1000,7,904,3.140999,1348.980259,788.988447,1.140999,348.980259,-211.011553,0.851069
2.0,1000,7,905,4.552088,2289.739792,0.000007,2.552088,1289.739792,-999.999993,0.682259
2.0,1000,7,906,1.923747,567.841126,1416.244999,-0.076253,-432.158874,416.244999,0.872934
2.0,1000,7,907,5.000000,1816.094338,183.657346,3.000000,816.094338,-816.342654,0.832293
2.0,1000,7,908,4.252108,2106.333474,0.000012,2.252108,1106.333474,-999.999988,0.875130
2.0,1000,7,909,1.642944,852.303033,1112.478529,-0.357056,-147.696967,112.478529,0.904119
2.0,1000,7,910,4.570221,2193.864570,0.000020,2.570221,1193.864570,-999.999980,0.932769
2.0,1000,7,911,4.995746,2280.289199,0.000120,2.995746,1280.289199,-999.999880,0.835704
2.0,1000,7,912,2.100000,1426.327504,953.264230,0.100000,426.327504,-46.735770,0.971968
2.0,1000,7,913,2.451313,853.599006,783.328903,0.451313,-146.400994,-216.671097,0.791729
2.0,1000,7,914,4.111956,2243.174367,0.000061,2.111956,1243.174367,-999.999939,0.894235
2.0,1000,7,915,3.837276,2168.354961,0.000060,1.837276,1168.354961,-999.999940,0.919343
2.0,1000,7,916,3.282794,1951.306119,0.000054,1.282794,951.306119,-999.999946,0.910489
2.0,1000,7,917,2.100000,1223.610468,1105.224400,0.100000,223.610468,105.224400,0.931806
2.0,1000,7,918,3.439653,2075.098810,0.000013,1.439653,1075.098810,-999.999987,0.810534
2.0,1000,7,919,5.000000,1979.273602,164.791825,3.000000,979.273602,-835.208175,0.587399
2.0,1000,7,920,2.287384,1120.259315,863.125650,0.287384,120.259315,-136.874350,0.907823
2.0,1000,7,921,5.098953,1790.360539,483.727887,3.098953,790.360539,-516.272113,0.682023
2.0,1000,7,922,1.576280,869.060633,1016.707785,-0.423720,-130.939367,16.707785,0.957983
2.0,1000,7,923,1.572434,864.674889,1136.508060,-0.427566,-135.325111,136.508060,0.908293
2.0,1000,7,924,5.000000,1650.178570,285.916662,3.000000,650.178570,-714.083338,0.938444
2.0,1000,7,925,4.468886,1682.414883,680.788729,2.468886,682.414883,-319.211271,0.785712
2.0,1000,7,926,2.289857,846.317254,820.423844,0.289857,-153.682746,-179.576156,0.843575
2.0,1000,7,927,2.579436,728.800576,1298.350063,0.579436,-271.199424,298.350063,0.802537
2.0,1000,7,928,3.698172,2297.104721,0.000012,1.698172,1297.104721,-999.999988,0.819696
2.0,1000,7,929,3.523910,2217.983774,0.000130,1.523910,1217.983774,-999.999870,0.921022
2.0,1000,7,930,5.000000,1498.684174,342.912315,3.000000,498.684174,-657.087685,0.876523
2.0,1000,7,931,1.621357,849.506391,950.271291,-0.378643,-150.493609,-49.728709,0.941740
2.0,1000,7,932,2.100000,1179.682751,720.070066,0.100000,179.682751,-279.929934,0.893531
2.0,1000,7,933,2.055749,1041.872848,960.578367,0.055749,41.872848,-39.421633,0.827899
2.0,1000,7,934,1.698530,410.202728,1251.149842,-0.301470,-589.797272,251.149842,0.936206
2.0,1000,7,935,3.673514,2125.386356,0.000046,1.673514,1125.386356,-999.999954,0.936513
2.0,1000,7,936,4.999999,2101.786127,0.000043,2.999999,1101.786127,-999.999957,0.910045
2.0,1000,7,937,2.026540,1395.661919,674.286796,0.026540,395.661919,-325.713204,0.901275
2.0,1000,7,938,1.558942,1121.458549,1078.268188,-0.441058,121.458549,78.268188,0.802599
2.0,1000,7,939,2.680393,800.447074,768.691635,0.680393,-199.552926,-231.308365,0.850161
2.0,1000,7,940,4.414639,2271.274073,0.000127,2.414639,1271.274073,-999.999873,0.879099
2.0,1000,7,941,1.699137,1434.892692,1109.538988,-0.300863,434.892692,109.538988,0.944574
2.0,1000,7,942,4.702435,2132.609053,0.000018,2.702435,1132.609053,-999.999982,0.772588
2.0,1000,7,943,1.314926,689.958943,1013.851600,-0.685074,-310.041057,13.851600,0.852633
2.0,1000,7,944,2.476317,1369.021804,736.468082,0.476317,369.021804,-263.531918,0.898623
2.0,1000,7,945,5.000000,1691.731654,305.960356,3.000000,691.731654,-694.039644,0.741380
2.0,1000,7,946,1.745312,699.633976,1022.876444,-0.254688,-300.366024,22.876444,0.940629
2.0,1000,7,947,5.000000,1511.105806,375.786931,3.000000,511.105806,-624.213069,0.857641
2.0,1000,7,948,4.654234,1953.080173,0.000074,2.654234,953.080173,-999.999926,0.788811
2.0,1000,7,949,2.100000,958.475829,1299.605307,0.100000,-41.524171,299.605307,0.973435
2.0,1000,7,950,2.456370,1153.415219,1162.052762,0.456370,153.415219,162.052762,0.863878
2.0,1000,7,951,2.100000,617.386109,1096.596614,0.100000,-382.613891,96.596614,0.916697
2.0,1000,7,952,3.130152,1058.475020,767.768279,1.130152,58.475020,-232.231721,0.887368
2.0,1000,7,953,5.000000,1605.952993,99.920402,3.000000,605.952993,-900.079598,0.834481
2.0,1000,7,954,3.100000,2154.191402,46.925460,1.100000,1154.191402,-953.074540,0.922677
2.0,1000,7,955,2.963670,2180.687016,0.000086,0.963670,1180.687016,-999.999914,0.844983
2.0,1000,7,956,4.630295,2106.993036,0.000042,2.630295,1106.993036,-999.999958,0.876186
2.0,1000,7,957,2.100000,1111.059203,860.788983,0.100000,111.059203,-139.211017,0.947521
2.0,1000,7,958,3.517958,1337.620226,609.212138,1.517958,337.620226,-390.787862,0.824611
2.0,1000,7,959,1.846942,933.146730,1230.082123,-0.153058,-66.853270,230.082123,0.940850
2.0,1000,7,960,4.314322,1856.482908,0.000004,2.314322,856.482908,-999.999996,0.872796
2.0,1000,7,961,2.336022,840.417849,1172.943697,0.336022,-159.582151,172.943697,0.903557
2.0,1000,7,962,5.000000,1130.396664,774.815137,3.000000,130.396664,-225.184863,0.809322
2.0,1000,7,963,4.096169,1911.108313,0.000004,2.096169,911.108313,-999.999996,0.883508
2.0,1000,7,964,1.907254,1138.081050,1004.267361,-0.092746,138.081050,4.267361,0.788611
2.0,1000,7,965,1.510475,702.788117,1403.958162,-0.489525,-297.211883,403.958162,0.962802
2.0,1000,7,966,3.857932,2163.441178,0.000009,1.857932,1163.441178,-999.999991,0.921220
2.0,1000,7,967,4.626449,1365.756478,729.745602,2.626449,365.756478,-270.254398,0.632687
2.0,1000,7,968,1.713672,1121.836982,935.847044,-0.286328,121.836982,-64.152956,0.841050
2.0,1000,7,969,4.337939,1210.376806,583.964998,2.337939,210.376806,-416.035002,0.821163
2.0,1000,7,970,2.947934,1459.695384,656.023575,0.947934,459.695384,-343.976425,0.821444
2.0,1000,7,971,4.308282,2067.364067,0.000009,2.308282,1067.364067,-999.999991,0.859810
2.0,1000,7,972,3.950331,2084.402253,0.000064,1.950331,1084.402253,-999.999936,0.860934
2.0,1000,7,973,3.733322,778.055424,1093.227333,1.733322,-221.944576,93.227333,0.843119
2.0,1000,7,974,4.198636,1938.773983,0.000024,2.198636,938.773983,-999.999976,0.805349
2.0,1000,7,975,3.767543,1932.822555,0.000039,1.767543,932.822555,-999.999961,0.961888
2.0,1000,7,976,2.094404,1280.845870,927.791559,0.094404,280.845870,-72.208441,0.887780
2.0,1000,7,977,5.000000,1488.140762,381.044212,3.000000,488.140762,-618.955788,0.842468
2.0,1000,7,978,3.100000,2229.805560,0.000042,1.100000,1229.805560,-999.999958,0.936705
2.0,1000,7,979,4.700000,2184.141130,0.000012,2.700000,1184.141130,-999.999988,0.681248
2.0,1000,7,980,2.125146,976.072124,829.633811,0.125146,-23.927876,-170.366189,0.891507
2.0,1000,7,981,2.100000,1032.926069,1075.614199,0.100000,32.926069,75.614199,0.897854
2.0,1000,7,982,1.690447,956.172971,890.199616,-0.309553,-43.827029,-109.800384,0.931648
2.0,1000,7,983,3.100000,2102.739678,0.000085,1.100000,1102.739678,-999.999915,0.709897
2.0,1000,7,984,2.638943,1354.980403,1118.629287,0.638943,354.980403,118.629287,0.885908
2.0,1000,7,985,5.000000,1155.052378,474.978398,3.000000,155.052378,-525.021602,0.672847
2.0,1000,7,986,1.487525,735.595844,1171.573476,-0.512475,-264.404156,171.573476,0.954100
2.0,1000,7,987,3.780703,1836.166461,0.000040,1.780703,836.166461,-999.999960,0.826254
2.0,1000,7,988,3.473578,1227.881286,761.900102,1.473578,227.881286,-238.099898,0.839505
2.0,1000,7,989,4.700000,1283.082744,830.262925,2.700000,283.082744,-169.737075,0.825858
2.0,1000,7,990,2.978064,2009.393534,0.000002,0.978064,1009.393534,-999.999998,0.901767
2.0,1000,7,991,1.536523,923.685831,1197.666623,-0.463477,-76.314169,197.666623,0.930138
2.0,1000,7,992,5.000000,1609.776079,182.225628,3.000000,609.776079,-817.774372,0.858597
2.0,1000,7,993,1.489660,633.423156,1300.207583,-0.510340,-366.576844,300.207583,0.949302
2.0,1000,7,994,1.848246,919.518743,894.280509,-0.151754,-80.481257,-105.719491,0.912923
2.0,1000,7,995,5.000000,1812.576685,0.000132,3.000000,812.576685,-999.999868,0.856334
2.0,1000,7,996,3.972601,2001.382003,0.000041,1.972601,1001.382003,-999.999959,0.891244
2.0,1000,7,997,2.053097,666.335719,1110.689342,0.053097,-333.664281,110.689342,0.921073
2.0,1000,7,998,1.571550,1214.878179,1044.340261,-0.428450,214.878179,44.340261,0.939047
2.0,1000,7,999,1.627005,781.158156,1215.853786,-0.372995,-218.841844,215.853786,0.861086
2.0,1000,7,1000,1.518760,379.806823,1336.507491,-0.481240,-620.193177,336.507491,0.904171
