fit_id,n,fold,seed,route,converged,nan_flag,best_epoch,stopped_epoch,best_val_loss,last_train_loss,rrmse_x95,n_test,n_nonfinite,n_illegal,n_support_viol,support_legality_ok,sample_bytes_sha,evidence_sha256,runtime_s,init_param_sha,batch_order_sha,network_sha,scaler_sha,train_rows_sha,val_rows_sha,test_rows_sha
n7_f1_s42_rP,7,1,42,P,True,False,67,87,0.08586429043021641,0.08456170713954192,0.35275222355661284,2400,0,0,0,True,bd572d19eae50e08876928977865b2d54dfa3ed45c5242f6e2ba665d43445433,14ce91de4119f982bbc7aef8651646f58f24b70ea0b620e6960ed56ab0f69996,10.69936466217041,902d70c901bd0a4a645c69e67728048e30e07ef25ec94427086f3264603f9e8e,24d4cd7d49534ec374f60148b884a8117fa5a38f42ec99d01a9872b95a523406,d0520e47ccc3ac5c92bc1e2d3cdb1f947bf00e6c01d2dd3837559c4f531f1aa3,102da7fe6d4cdaec75f5cb23632a53e3c3cfa2aa13b08702298b474f3677bf1a,69326fb8352cc6897ed3b0720075ef0bfd2496294a445f54067122b2de9eebf2,d41cc63c1299e51e5d984a8b5650b6914f91332425a96a388b585ab3bd21f45a,1c96cc34836502c521cd6efe5c1d8a87f0f4fea0f695db33d9008d45db8cc5f9
n7_f1_s42_rQ,7,1,42,Q,True,False,57,77,0.02790305382473698,0.023983652713860073,0.3692180161773775,2400,0,0,0,True,bd572d19eae50e08876928977865b2d54dfa3ed45c5242f6e2ba665d43445433,b95c34f73c654252c32cd5e7275651677a01f7c13c6ca7f320bd9934f0cc6bb3,10.272372961044312,902d70c901bd0a4a645c69e67728048e30e07ef25ec94427086f3264603f9e8e,24d4cd7d49534ec374f60148b884a8117fa5a38f42ec99d01a9872b95a523406,d0520e47ccc3ac5c92bc1e2d3cdb1f947bf00e6c01d2dd3837559c4f531f1aa3,102da7fe6d4cdaec75f5cb23632a53e3c3cfa2aa13b08702298b474f3677bf1a,69326fb8352cc6897ed3b0720075ef0bfd2496294a445f54067122b2de9eebf2,d41cc63c1299e51e5d984a8b5650b6914f91332425a96a388b585ab3bd21f45a,1c96cc34836502c521cd6efe5c1d8a87f0f4fea0f695db33d9008d45db8cc5f9
n7_f1_s2026_rP,7,1,2026,P,True,False,42,62,0.08751583981484436,0.08286712789604776,0.3778142360143099,2400,0,0,0,True,bd572d19eae50e08876928977865b2d54dfa3ed45c5242f6e2ba665d43445433,94572d86d9de34da4a4f45724e8b44e8a4843024a866702afb8d9b2ffdf26840,7.026502370834351,d342c8583a8649af6181faa989255a17c215bcb47881225b6743df412acf6d6a,ece16abf335b36a0b316ae98f68d9cafdabb7880802a13762068168e778e510f,d0520e47ccc3ac5c92bc1e2d3cdb1f947bf00e6c01d2dd3837559c4f531f1aa3,102da7fe6d4cdaec75f5cb23632a53e3c3cfa2aa13b08702298b474f3677bf1a,69326fb8352cc6897ed3b0720075ef0bfd2496294a445f54067122b2de9eebf2,d41cc63c1299e51e5d984a8b5650b6914f91332425a96a388b585ab3bd21f45a,1c96cc34836502c521cd6efe5c1d8a87f0f4fea0f695db33d9008d45db8cc5f9
n7_f1_s2026_rQ,7,1,2026,Q,True,False,80,100,0.027377611973435412,0.023488109787429084,0.3744757252750605,2400,0,0,0,True,bd572d19eae50e08876928977865b2d54dfa3ed45c5242f6e2ba665d43445433,d1d830bd3b93ecf1fe62f8be38c5a35ef4e6ae3b13ad7a3871327f332d4c9472,11.456692218780518,d342c8583a8649af6181faa989255a17c215bcb47881225b6743df412acf6d6a,ece16abf335b36a0b316ae98f68d9cafdabb7880802a13762068168e778e510f,d0520e47ccc3ac5c92bc1e2d3cdb1f947bf00e6c01d2dd3837559c4f531f1aa3,102da7fe6d4cdaec75f5cb23632a53e3c3cfa2aa13b08702298b474f3677bf1a,69326fb8352cc6897ed3b0720075ef0bfd2496294a445f54067122b2de9eebf2,d41cc63c1299e51e5d984a8b5650b6914f91332425a96a388b585ab3bd21f45a,1c96cc34836502c521cd6efe5c1d8a87f0f4fea0f695db33d9008d45db8cc5f9
n7_f1_s3407_rP,7,1,3407,P,True,False,60,80,0.08714473854189138,0.08410256993183972,0.38327706951371693,2400,0,0,0,True,bd572d19eae50e08876928977865b2d54dfa3ed45c5242f6e2ba665d43445433,d84e0d7e8af7ac230382cf2242d65cad66e1a43618bf6c709b8785e228b7f8ef,8.907927989959717,64a2a2f4b5a1a294ac7f6369c1df943f0765eda8b185e2d0ef04a4dac65838cf,d8cd616900d854408341df6d0017855a883ca7f1391e08f44452ad7b34dd2780,d0520e47ccc3ac5c92bc1e2d3cdb1f947bf00e6c01d2dd3837559c4f531f1aa3,102da7fe6d4cdaec75f5cb23632a53e3c3cfa2aa13b08702298b474f3677bf1a,69326fb8352cc6897ed3b0720075ef0bfd2496294a445f54067122b2de9eebf2,d41cc63c1299e51e5d984a8b5650b6914f91332425a96a388b585ab3bd21f45a,1c96cc34836502c521cd6efe5c1d8a87f0f4fea0f695db33d9008d45db8cc5f9
n7_f1_s3407_rQ,7,1,3407,Q,True,False,102,122,0.027579177807681148,0.0232639778029076,0.3755953664988978,2400,0,0,0,True,bd572d19eae50e08876928977865b2d54dfa3ed45c5242f6e2ba665d43445433,ab8edd0dd53e8478d1b3e23bf37561fef3b73774021d404dfa8ab8efa845367f,14.953363180160522,64a2a2f4b5a1a294ac7f6369c1df943f0765eda8b185e2d0ef04a4dac65838cf,d8cd616900d854408341df6d0017855a883ca7f1391e08f44452ad7b34dd2780,d0520e47ccc3ac5c92bc1e2d3cdb1f947bf00e6c01d2dd3837559c4f531f1aa3,102da7fe6d4cdaec75f5cb23632a53e3c3cfa2aa13b08702298b474f3677bf1a,69326fb8352cc6897ed3b0720075ef0bfd2496294a445f54067122b2de9eebf2,d41cc63c1299e51e5d984a8b5650b6914f91332425a96a388b585ab3bd21f45a,1c96cc34836502c521cd6efe5c1d8a87f0f4fea0f695db33d9008d45db8cc5f9
n7_f2_s42_rP,7,2,42,P,True,False,95,115,0.07942765820585027,0.08234133871825863,0.1955117744566704,2400,0,0,0,True,fb235847fed0c13936be060587d5725b6701e29ff1630564d5fa3876f1cb70ef,37317e35fa1a874eb14e5d844a583846914759491981eaa21ffd22a708306fcd,13.596864223480225,902d70c901bd0a4a645c69e67728048e30e07ef25ec94427086f3264603f9e8e,24d4cd7d49534ec374f60148b884a8117fa5a38f42ec99d01a9872b95a523406,d0520e47ccc3ac5c92bc1e2d3cdb1f947bf00e6c01d2dd3837559c4f531f1aa3,c15d3c8abae61209cab43f711bbc68e09d0c81ddfec60e0c3bbdd5662c75947a,8264251267146a2f4a074b1b66a469ec168b4659799de8cd0999710f7fbb75aa,8adb6dc5fd68033226692992f4f68a55c06d0dddaada419bc72e2df50d2aae6c,049d435e17b207702cef3e472fe3bb45c32b79109266ad5901a0d3d362df3245
n7_f2_s42_rQ,7,2,42,Q,True,False,75,95,0.042925784217873374,0.041792988118860036,0.19512419115520352,2400,0,0,0,True,fb235847fed0c13936be060587d5725b6701e29ff1630564d5fa3876f1cb70ef,0a95e6ff7187635445efc76b62c7a18d10ded3b27352861d52cd236cff274c38,11.236182928085327,902d70c901bd0a4a645c69e67728048e30e07ef25ec94427086f3264603f9e8e,24d4cd7d49534ec374f60148b884a8117fa5a38f42ec99d01a9872b95a523406,d0520e47ccc3ac5c92bc1e2d3cdb1f947bf00e6c01d2dd3837559c4f531f1aa3,c15d3c8abae61209cab43f711bbc68e09d0c81ddfec60e0c3bbdd5662c75947a,8264251267146a2f4a074b1b66a469ec168b4659799de8cd0999710f7fbb75aa,8adb6dc5fd68033226692992f4f68a55c06d0dddaada419bc72e2df50d2aae6c,049d435e17b207702cef3e472fe3bb45c32b79109266ad5901a0d3d362df3245
n7_f2_s2026_rP,7,2,2026,P,True,False,65,85,0.07947893269500153,0.08593755111807848,0.18664774666549583,2400,0,0,0,True,fb235847fed0c13936be060587d5725b6701e29ff1630564d5fa3876f1cb70ef,cbb0cee294080ced5442cfc2fcb3666b71cf02858b3ab4f4f08aa002a0c2acfb,10.252238988876343,d342c8583a8649af6181faa989255a17c215bcb47881225b6743df412acf6d6a,ece16abf335b36a0b316ae98f68d9cafdabb7880802a13762068168e778e510f,d0520e47ccc3ac5c92bc1e2d3cdb1f947bf00e6c01d2dd3837559c4f531f1aa3,c15d3c8abae61209cab43f711bbc68e09d0c81ddfec60e0c3bbdd5662c75947a,8264251267146a2f4a074b1b66a469ec168b4659799de8cd0999710f7fbb75aa,8adb6dc5fd68033226692992f4f68a55c06d0dddaada419bc72e2df50d2aae6c,049d435e17b207702cef3e472fe3bb45c32b79109266ad5901a0d3d362df3245
n7_f2_s2026_rQ,7,2,2026,Q,True,False,35,55,0.04311706653679279,0.04356627349426506,0.20366046383336428,2400,0,0,0,True,fb235847fed0c13936be060587d5725b6701e29ff1630564d5fa3876f1cb70ef,621731d8e9f466aa9958bd2c8f2f7e1bf352c5f7c8d08ef6506652245bb32f5b,6.82686448097229,d342c8583a8649af6181faa989255a17c215bcb47881225b6743df412acf6d6a,ece16abf335b36a0b316ae98f68d9cafdabb7880802a13762068168e778e510f,d0520e47ccc3ac5c92bc1e2d3cdb1f947bf00e6c01d2dd3837559c4f531f1aa3,c15d3c8abae61209cab43f711bbc68e09d0c81ddfec60e0c3bbdd5662c75947a,8264251267146a2f4a074b1b66a469ec168b4659799de8cd0999710f7fbb75aa,8adb6dc5fd68033226692992f4f68a55c06d0dddaada419bc72e2df50d2aae6c,049d435e17b207702cef3e472fe3bb45c32b79109266ad5901a0d3d362df3245
n7_f2_s3407_rP,7,2,3407,P,True,False,93,113,0.07961037174130688,0.08183867592374146,0.1993451457641228,2400,0,0,0,True,fb235847fed0c13936be060587d5725b6701e29ff1630564d5fa3876f1cb70ef,be21dd40625246ab90dd42e098882b8301f4da1538e647a1c4942d5e4e93ae44,12.99921703338623,64a2a2f4b5a1a294ac7f6369c1df943f0765eda8b185e2d0ef04a4dac65838cf,d8cd616900d854408341df6d0017855a883ca7f1391e08f44452ad7b34dd2780,d0520e47ccc3ac5c92bc1e2d3cdb1f947bf00e6c01d2dd3837559c4f531f1aa3,c15d3c8abae61209cab43f711bbc68e09d0c81ddfec60e0c3bbdd5662c75947a,8264251267146a2f4a074b1b66a469ec168b4659799de8cd0999710f7fbb75aa,8adb6dc5fd68033226692992f4f68a55c06d0dddaada419bc72e2df50d2aae6c,049d435e17b207702cef3e472fe3bb45c32b79109266ad5901a0d3d362df3245
n7_f2_s3407_rQ,7,2,3407,Q,True,False,61,81,0.04331420718993655,0.04230566315704371,0.18114247444656636,2400,0,0,0,True,fb235847fed0c13936be060587d5725b6701e29ff1630564d5fa3876f1cb70ef,b9546a42fd2fb91adacc8eb60e0eb9699fb0ccc0fd9f44882785ca65330d77a2,9.262892484664917,64a2a2f4b5a1a294ac7f6369c1df943f0765eda8b185e2d0ef04a4dac65838cf,d8cd616900d854408341df6d0017855a883ca7f1391e08f44452ad7b34dd2780,d0520e47ccc3ac5c92bc1e2d3cdb1f947bf00e6c01d2dd3837559c4f531f1aa3,c15d3c8abae61209cab43f711bbc68e09d0c81ddfec60e0c3bbdd5662c75947a,8264251267146a2f4a074b1b66a469ec168b4659799de8cd0999710f7fbb75aa,8adb6dc5fd68033226692992f4f68a55c06d0dddaada419bc72e2df50d2aae6c,049d435e17b207702cef3e472fe3bb45c32b79109266ad5901a0d3d362df3245
n7_f3_s42_rP,7,3,42,P,True,False,93,113,0.07587880470553733,0.07942635747393428,0.1533302897969977,2400,0,0,0,True,02d32a75f37a8b84a52dfe60a78e110749022ba449960053268690c69bb24856,32d9a9c393b7f48c83b8bd61040ae5bb83f05993472dab35e9c37ffc9754efd2,13.429538488388062,902d70c901bd0a4a645c69e67728048e30e07ef25ec94427086f3264603f9e8e,24d4cd7d49534ec374f60148b884a8117fa5a38f42ec99d01a9872b95a523406,d0520e47ccc3ac5c92bc1e2d3cdb1f947bf00e6c01d2dd3837559c4f531f1aa3,f41b5e4f4982016e452315eec75d29a59e1b9d30ad81fdce8e84986dbbc285dd,225d5957e6524db3d4fe0459e89324dc533a031ca8aa2e35d2437cc1d5281ce6,1c79c5d01f2c7c6cbbb7fc19eb236c933c0dbfba1e7dcc1a2a16985ea6727a95,01af2420ead3a203656ec737fd8fb7dfa9fce71a904bac94c1cc8cb90b7cd262
n7_f3_s42_rQ,7,3,42,Q,True,False,48,68,0.04568580307518048,0.0396895091687669,0.1791209110320177,2400,0,0,0,True,02d32a75f37a8b84a52dfe60a78e110749022ba449960053268690c69bb24856,cce3f5c48e23ba6df49c72c6a8559d413bcea5fe3d56f022ae4c715a66d02e55,8.778929233551025,902d70c901bd0a4a645c69e67728048e30e07ef25ec94427086f3264603f9e8e,24d4cd7d49534ec374f60148b884a8117fa5a38f42ec99d01a9872b95a523406,d0520e47ccc3ac5c92bc1e2d3cdb1f947bf00e6c01d2dd3837559c4f531f1aa3,f41b5e4f4982016e452315eec75d29a59e1b9d30ad81fdce8e84986dbbc285dd,225d5957e6524db3d4fe0459e89324dc533a031ca8aa2e35d2437cc1d5281ce6,1c79c5d01f2c7c6cbbb7fc19eb236c933c0dbfba1e7dcc1a2a16985ea6727a95,01af2420ead3a203656ec737fd8fb7dfa9fce71a904bac94c1cc8cb90b7cd262
n7_f3_s2026_rP,7,3,2026,P,True,False,109,129,0.07552648030472811,0.0769325486735262,0.15309731177963262,2400,0,0,0,True,02d32a75f37a8b84a52dfe60a78e110749022ba449960053268690c69bb24856,13858bbdda01317b54790e0b15dd29c6d6298054ef436efc31a78724eac05039,14.339736223220825,d342c8583a8649af6181faa989255a17c215bcb47881225b6743df412acf6d6a,ece16abf335b36a0b316ae98f68d9cafdabb7880802a13762068168e778e510f,d0520e47ccc3ac5c92bc1e2d3cdb1f947bf00e6c01d2dd3837559c4f531f1aa3,f41b5e4f4982016e452315eec75d29a59e1b9d30ad81fdce8e84986dbbc285dd,225d5957e6524db3d4fe0459e89324dc533a031ca8aa2e35d2437cc1d5281ce6,1c79c5d01f2c7c6cbbb7fc19eb236c933c0dbfba1e7dcc1a2a16985ea6727a95,01af2420ead3a203656ec737fd8fb7dfa9fce71a904bac94c1cc8cb90b7cd262
n7_f3_s2026_rQ,7,3,2026,Q,True,False,86,106,0.04572220471998069,0.03900865919521378,0.19500030449899627,2400,0,0,0,True,02d32a75f37a8b84a52dfe60a78e110749022ba449960053268690c69bb24856,b2a59f0422fe15a31c7e53e26d88c2ad9116850a9c06fb64806e747b34a0fc85,11.874974966049194,d342c8583a8649af6181faa989255a17c215bcb47881225b6743df412acf6d6a,ece16abf335b36a0b316ae98f68d9cafdabb7880802a13762068168e778e510f,d0520e47ccc3ac5c92bc1e2d3cdb1f947bf00e6c01d2dd3837559c4f531f1aa3,f41b5e4f4982016e452315eec75d29a59e1b9d30ad81fdce8e84986dbbc285dd,225d5957e6524db3d4fe0459e89324dc533a031ca8aa2e35d2437cc1d5281ce6,1c79c5d01f2c7c6cbbb7fc19eb236c933c0dbfba1e7dcc1a2a16985ea6727a95,01af2420ead3a203656ec737fd8fb7dfa9fce71a904bac94c1cc8cb90b7cd262
n7_f3_s3407_rP,7,3,3407,P,True,False,193,213,0.07410794444955389,0.07586836483048544,0.1575191932505963,2400,0,0,0,True,02d32a75f37a8b84a52dfe60a78e110749022ba449960053268690c69bb24856,b2a81ca645a2668589835520c662e19e77600bcdbd10f3bc221c60229cca112d,23.25124168395996,64a2a2f4b5a1a294ac7f6369c1df943f0765eda8b185e2d0ef04a4dac65838cf,d8cd616900d854408341df6d0017855a883ca7f1391e08f44452ad7b34dd2780,d0520e47ccc3ac5c92bc1e2d3cdb1f947bf00e6c01d2dd3837559c4f531f1aa3,f41b5e4f4982016e452315eec75d29a59e1b9d30ad81fdce8e84986dbbc285dd,225d5957e6524db3d4fe0459e89324dc533a031ca8aa2e35d2437cc1d5281ce6,1c79c5d01f2c7c6cbbb7fc19eb236c933c0dbfba1e7dcc1a2a16985ea6727a95,01af2420ead3a203656ec737fd8fb7dfa9fce71a904bac94c1cc8cb90b7cd262
n7_f3_s3407_rQ,7,3,3407,Q,True,False,60,80,0.04554380713703286,0.03861071991935878,0.20183706247785962,2400,0,0,0,True,02d32a75f37a8b84a52dfe60a78e110749022ba449960053268690c69bb24856,6d8009694acf538ed5d4210b20ddcde20f10e32b603f0c515c348a0dcdc19a01,9.769806623458862,64a2a2f4b5a1a294ac7f6369c1df943f0765eda8b185e2d0ef04a4dac65838cf,d8cd616900d854408341df6d0017855a883ca7f1391e08f44452ad7b34dd2780,d0520e47ccc3ac5c92bc1e2d3cdb1f947bf00e6c01d2dd3837559c4f531f1aa3,f41b5e4f4982016e452315eec75d29a59e1b9d30ad81fdce8e84986dbbc285dd,225d5957e6524db3d4fe0459e89324dc533a031ca8aa2e35d2437cc1d5281ce6,1c79c5d01f2c7c6cbbb7fc19eb236c933c0dbfba1e7dcc1a2a16985ea6727a95,01af2420ead3a203656ec737fd8fb7dfa9fce71a904bac94c1cc8cb90b7cd262
n7_f4_s42_rP,7,4,42,P,True,False,89,109,0.07690387865166515,0.07826948596160829,0.22218833845621158,2400,0,0,0,True,0c498f56073059c730e2937da3078cba776775ea6ce4c7f4baa0d10ebaa94034,297dea5123a5250a1258ea98736e6929e2a0de67db6eeca5251a504b766dd4ff,13.603567361831665,902d70c901bd0a4a645c69e67728048e30e07ef25ec94427086f3264603f9e8e,24d4cd7d49534ec374f60148b884a8117fa5a38f42ec99d01a9872b95a523406,d0520e47ccc3ac5c92bc1e2d3cdb1f947bf00e6c01d2dd3837559c4f531f1aa3,d6e911d2a55cfdd4d61e784428a74a78d411e9398a0efed6642dd5b4aef40d24,c27336b2af4c6b7c0b556cb075f225eb15ab0da5d032bde1d6b172b1ca1fa4e2,0218d09bad4e9741017250704be38a23c7806d0a9c52208529c10459ef94b3b6,9f2ab76ce3c4103fbdcd369fe8047b168d445265d7100cb586e950c1dd55b675
n7_f4_s42_rQ,7,4,42,Q,True,False,90,110,0.0425151635591373,0.03355842223878507,0.27735224405594816,2400,0,0,0,True,0c498f56073059c730e2937da3078cba776775ea6ce4c7f4baa0d10ebaa94034,1915313a49ada0d74fe69ccab06882bccdf09f8ab38ad4b2bd79ecb81ea62397,13.05733871459961,902d70c901bd0a4a645c69e67728048e30e07ef25ec94427086f3264603f9e8e,24d4cd7d49534ec374f60148b884a8117fa5a38f42ec99d01a9872b95a523406,d0520e47ccc3ac5c92bc1e2d3cdb1f947bf00e6c01d2dd3837559c4f531f1aa3,d6e911d2a55cfdd4d61e784428a74a78d411e9398a0efed6642dd5b4aef40d24,c27336b2af4c6b7c0b556cb075f225eb15ab0da5d032bde1d6b172b1ca1fa4e2,0218d09bad4e9741017250704be38a23c7806d0a9c52208529c10459ef94b3b6,9f2ab76ce3c4103fbdcd369fe8047b168d445265d7100cb586e950c1dd55b675
n7_f4_s2026_rP,7,4,2026,P,True,False,50,70,0.07867352918115482,0.07808691183970744,0.214939439325312,2400,0,0,0,True,0c498f56073059c730e2937da3078cba776775ea6ce4c7f4baa0d10ebaa94034,4a8652ae5d6a41663ddc100255830f3b0bdb2491264a9e083a14780e7da3ef85,7.788179636001587,d342c8583a8649af6181faa989255a17c215bcb47881225b6743df412acf6d6a,ece16abf335b36a0b316ae98f68d9cafdabb7880802a13762068168e778e510f,d0520e47ccc3ac5c92bc1e2d3cdb1f947bf00e6c01d2dd3837559c4f531f1aa3,d6e911d2a55cfdd4d61e784428a74a78d411e9398a0efed6642dd5b4aef40d24,c27336b2af4c6b7c0b556cb075f225eb15ab0da5d032bde1d6b172b1ca1fa4e2,0218d09bad4e9741017250704be38a23c7806d0a9c52208529c10459ef94b3b6,9f2ab76ce3c4103fbdcd369fe8047b168d445265d7100cb586e950c1dd55b675
n7_f4_s2026_rQ,7,4,2026,Q,True,False,74,94,0.04293969565287187,0.031783120322453604,0.2782499410692515,2400,0,0,0,True,0c498f56073059c730e2937da3078cba776775ea6ce4c7f4baa0d10ebaa94034,88ea6984620a26ca99f6e51317ebfdd7e67a3c0df4574bcfa54602f132ef1789,11.04843020439148,d342c8583a8649af6181faa989255a17c215bcb47881225b6743df412acf6d6a,ece16abf335b36a0b316ae98f68d9cafdabb7880802a13762068168e778e510f,d0520e47ccc3ac5c92bc1e2d3cdb1f947bf00e6c01d2dd3837559c4f531f1aa3,d6e911d2a55cfdd4d61e784428a74a78d411e9398a0efed6642dd5b4aef40d24,c27336b2af4c6b7c0b556cb075f225eb15ab0da5d032bde1d6b172b1ca1fa4e2,0218d09bad4e9741017250704be38a23c7806d0a9c52208529c10459ef94b3b6,9f2ab76ce3c4103fbdcd369fe8047b168d445265d7100cb586e950c1dd55b675
n7_f4_s3407_rP,7,4,3407,P,True,False,98,118,0.07653788220746112,0.07731866579230313,0.21734390571798717,2400,0,0,0,True,0c498f56073059c730e2937da3078cba776775ea6ce4c7f4baa0d10ebaa94034,b0e13fac30cd56eebdb5258a6f0474ee010734ebac8f2578bc55e04ce325f10c,13.807716369628906,64a2a2f4b5a1a294ac7f6369c1df943f0765eda8b185e2d0ef04a4dac65838cf,d8cd616900d854408341df6d0017855a883ca7f1391e08f44452ad7b34dd2780,d0520e47ccc3ac5c92bc1e2d3cdb1f947bf00e6c01d2dd3837559c4f531f1aa3,d6e911d2a55cfdd4d61e784428a74a78d411e9398a0efed6642dd5b4aef40d24,c27336b2af4c6b7c0b556cb075f225eb15ab0da5d032bde1d6b172b1ca1fa4e2,0218d09bad4e9741017250704be38a23c7806d0a9c52208529c10459ef94b3b6,9f2ab76ce3c4103fbdcd369fe8047b168d445265d7100cb586e950c1dd55b675
n7_f4_s3407_rQ,7,4,3407,Q,True,False,62,82,0.04321150565000796,0.03220825545496711,0.27191045042222706,2400,0,0,0,True,0c498f56073059c730e2937da3078cba776775ea6ce4c7f4baa0d10ebaa94034,0754e13c67df6f01cde9b895e791996783d3a1f53ed967472e5bc5ddcc799acb,9.351022243499756,64a2a2f4b5a1a294ac7f6369c1df943f0765eda8b185e2d0ef04a4dac65838cf,d8cd616900d854408341df6d0017855a883ca7f1391e08f44452ad7b34dd2780,d0520e47ccc3ac5c92bc1e2d3cdb1f947bf00e6c01d2dd3837559c4f531f1aa3,d6e911d2a55cfdd4d61e784428a74a78d411e9398a0efed6642dd5b4aef40d24,c27336b2af4c6b7c0b556cb075f225eb15ab0da5d032bde1d6b172b1ca1fa4e2,0218d09bad4e9741017250704be38a23c7806d0a9c52208529c10459ef94b3b6,9f2ab76ce3c4103fbdcd369fe8047b168d445265d7100cb586e950c1dd55b675
n7_f5_s42_rP,7,5,42,P,True,False,68,88,0.08226979732211369,0.08416471516977843,0.25744381836049923,2400,0,0,0,True,8a06b7f0cce1f8835a2dcf6586d36e39c39fa1118d22b6f9e8b2ba7b72be47ce,0b6d8f2b87ea6250222b1e0a56c7219aa8fb395a1039bbe38546d467cc0c5e93,11.134977102279663,902d70c901bd0a4a645c69e67728048e30e07ef25ec94427086f3264603f9e8e,24d4cd7d49534ec374f60148b884a8117fa5a38f42ec99d01a9872b95a523406,d0520e47ccc3ac5c92bc1e2d3cdb1f947bf00e6c01d2dd3837559c4f531f1aa3,6e9bae978c077fc9fd6ef13c6d24eebc6e51b87c3b6e6392f5046aeb5684133c,112091d4a94813b47a27800b6cea398db007a5752e18f250543db9d3e4239d47,92995c087cbc07170fc421e76c62ea629aab6f537b65600086f4db0d0f7556a0,2cc95138ec0ade8c2bdebe091d3b5ba58b41662b1db512db932469dbd677dde9
n7_f5_s42_rQ,7,5,42,Q,True,False,52,72,0.029191517839245864,0.03411548285064318,0.26060108931673315,2400,0,0,0,True,8a06b7f0cce1f8835a2dcf6586d36e39c39fa1118d22b6f9e8b2ba7b72be47ce,4a58b9758aaaa6a56badcecc2c5a76dd1d9ddf0f9c62f7db1e13295e236c7d0a,8.38900876045227,902d70c901bd0a4a645c69e67728048e30e07ef25ec94427086f3264603f9e8e,24d4cd7d49534ec374f60148b884a8117fa5a38f42ec99d01a9872b95a523406,d0520e47ccc3ac5c92bc1e2d3cdb1f947bf00e6c01d2dd3837559c4f531f1aa3,6e9bae978c077fc9fd6ef13c6d24eebc6e51b87c3b6e6392f5046aeb5684133c,112091d4a94813b47a27800b6cea398db007a5752e18f250543db9d3e4239d47,92995c087cbc07170fc421e76c62ea629aab6f537b65600086f4db0d0f7556a0,2cc95138ec0ade8c2bdebe091d3b5ba58b41662b1db512db932469dbd677dde9
n7_f5_s2026_rP,7,5,2026,P,True,False,103,123,0.0815962589857145,0.0827551107116601,0.2523663440920614,2400,0,0,0,True,8a06b7f0cce1f8835a2dcf6586d36e39c39fa1118d22b6f9e8b2ba7b72be47ce,8b93b5f40a9826567663f5be5b9913d0ecd95aeaee2f86173af2f5353421f313,14.524967908859253,d342c8583a8649af6181faa989255a17c215bcb47881225b6743df412acf6d6a,ece16abf335b36a0b316ae98f68d9cafdabb7880802a13762068168e778e510f,d0520e47ccc3ac5c92bc1e2d3cdb1f947bf00e6c01d2dd3837559c4f531f1aa3,6e9bae978c077fc9fd6ef13c6d24eebc6e51b87c3b6e6392f5046aeb5684133c,112091d4a94813b47a27800b6cea398db007a5752e18f250543db9d3e4239d47,92995c087cbc07170fc421e76c62ea629aab6f537b65600086f4db0d0f7556a0,2cc95138ec0ade8c2bdebe091d3b5ba58b41662b1db512db932469dbd677dde9
n7_f5_s2026_rQ,7,5,2026,Q,True,False,59,79,0.02917972053263237,0.03306749604047482,0.25407724055043235,2400,0,0,0,True,8a06b7f0cce1f8835a2dcf6586d36e39c39fa1118d22b6f9e8b2ba7b72be47ce,ee3213fdedce67536e908c145b1d989e4b1e0d68e7b956ab5f6e4579950940e5,9.040598392486572,d342c8583a8649af6181faa989255a17c215bcb47881225b6743df412acf6d6a,ece16abf335b36a0b316ae98f68d9cafdabb7880802a13762068168e778e510f,d0520e47ccc3ac5c92bc1e2d3cdb1f947bf00e6c01d2dd3837559c4f531f1aa3,6e9bae978c077fc9fd6ef13c6d24eebc6e51b87c3b6e6392f5046aeb5684133c,112091d4a94813b47a27800b6cea398db007a5752e18f250543db9d3e4239d47,92995c087cbc07170fc421e76c62ea629aab6f537b65600086f4db0d0f7556a0,2cc95138ec0ade8c2bdebe091d3b5ba58b41662b1db512db932469dbd677dde9
n7_f5_s3407_rP,7,5,3407,P,True,False,63,83,0.08137479560953519,0.08287416749009256,0.2553907481796674,2400,0,0,0,True,8a06b7f0cce1f8835a2dcf6586d36e39c39fa1118d22b6f9e8b2ba7b72be47ce,49c4cc87c172639a687a65bab0ee0fa21e09411a2e327ef49dc272fa1c8de060,9.13579797744751,64a2a2f4b5a1a294ac7f6369c1df943f0765eda8b185e2d0ef04a4dac65838cf,d8cd616900d854408341df6d0017855a883ca7f1391e08f44452ad7b34dd2780,d0520e47ccc3ac5c92bc1e2d3cdb1f947bf00e6c01d2dd3837559c4f531f1aa3,6e9bae978c077fc9fd6ef13c6d24eebc6e51b87c3b6e6392f5046aeb5684133c,112091d4a94813b47a27800b6cea398db007a5752e18f250543db9d3e4239d47,92995c087cbc07170fc421e76c62ea629aab6f537b65600086f4db0d0f7556a0,2cc95138ec0ade8c2bdebe091d3b5ba58b41662b1db512db932469dbd677dde9
n7_f5_s3407_rQ,7,5,3407,Q,True,False,61,81,0.029455664312639414,0.034031762057095676,0.26321476940049066,2400,0,0,0,True,8a06b7f0cce1f8835a2dcf6586d36e39c39fa1118d22b6f9e8b2ba7b72be47ce,9a8f93bdbafe254bff5f210094705965774bbd5d3786fdc334fd0fc432f92d7f,9.276659727096558,64a2a2f4b5a1a294ac7f6369c1df943f0765eda8b185e2d0ef04a4dac65838cf,d8cd616900d854408341df6d0017855a883ca7f1391e08f44452ad7b34dd2780,d0520e47ccc3ac5c92bc1e2d3cdb1f947bf00e6c01d2dd3837559c4f531f1aa3,6e9bae978c077fc9fd6ef13c6d24eebc6e51b87c3b6e6392f5046aeb5684133c,112091d4a94813b47a27800b6cea398db007a5752e18f250543db9d3e4239d47,92995c087cbc07170fc421e76c62ea629aab6f537b65600086f4db0d0f7556a0,2cc95138ec0ade8c2bdebe091d3b5ba58b41662b1db512db932469dbd677dde9
n10_f1_s42_rP,10,1,42,P,True,False,100,120,0.060953048904366446,0.059220460429593155,0.21465648859091527,2400,0,0,0,True,c2d2964f8f81c1016b7b5777c90f8da60141674a027253bc7df38411de21fb90,28743f0505e926a4f0bc7a58856eed26b2f7ff3d1fc9fd7810c5a2958ee0fa01,14.301294326782227,d0b73213da5017459159d55d5d4e8f3b522400c4546c1e10f226cbdeed0c4be5,24d4cd7d49534ec374f60148b884a8117fa5a38f42ec99d01a9872b95a523406,d8d3ea0e9027d08d135850c94cedef7baaf9c47c48004e3b18a92b29d4942681,b4aff104c491ba2ae3b29e2d3851af4283e16a15d8c287d2af29f683cfc96647,b3f9598e834951f551d46ca3d884a44c5c688ab5c79dd90400e158d117eb47aa,3b9b7e77619683994eb0af4c9e0f37332ecd4e1ae1ef331db333533eb7f1319b,2b18d8f619ab57e2b623b1f145484f255469e365e05d47ffe4a50b13b37d7d73
n10_f1_s42_rQ,10,1,42,Q,True,False,45,65,0.031422679094328956,0.0212027104762477,0.23942871432725854,2400,0,0,0,True,c2d2964f8f81c1016b7b5777c90f8da60141674a027253bc7df38411de21fb90,3a40b47e966b8605da155b8da861459950b0665d420dc6d3d2f3bf82ee70d287,8.1771981716156,d0b73213da5017459159d55d5d4e8f3b522400c4546c1e10f226cbdeed0c4be5,24d4cd7d49534ec374f60148b884a8117fa5a38f42ec99d01a9872b95a523406,d8d3ea0e9027d08d135850c94cedef7baaf9c47c48004e3b18a92b29d4942681,b4aff104c491ba2ae3b29e2d3851af4283e16a15d8c287d2af29f683cfc96647,b3f9598e834951f551d46ca3d884a44c5c688ab5c79dd90400e158d117eb47aa,3b9b7e77619683994eb0af4c9e0f37332ecd4e1ae1ef331db333533eb7f1319b,2b18d8f619ab57e2b623b1f145484f255469e365e05d47ffe4a50b13b37d7d73
n10_f1_s2026_rP,10,1,2026,P,True,False,98,118,0.06037727720230064,0.05949775485414669,0.21878867755902412,2400,0,0,0,True,c2d2964f8f81c1016b7b5777c90f8da60141674a027253bc7df38411de21fb90,355547624182d86c5826db8b206fad8cb11a89d23061988ec78341f741cbc7c6,13.373455047607422,9a0568b66c4fd7e091cedaa10dfce3c252fd4ddc8cc643966e4375aba0fdff1a,ece16abf335b36a0b316ae98f68d9cafdabb7880802a13762068168e778e510f,d8d3ea0e9027d08d135850c94cedef7baaf9c47c48004e3b18a92b29d4942681,b4aff104c491ba2ae3b29e2d3851af4283e16a15d8c287d2af29f683cfc96647,b3f9598e834951f551d46ca3d884a44c5c688ab5c79dd90400e158d117eb47aa,3b9b7e77619683994eb0af4c9e0f37332ecd4e1ae1ef331db333533eb7f1319b,2b18d8f619ab57e2b623b1f145484f255469e365e05d47ffe4a50b13b37d7d73
n10_f1_s2026_rQ,10,1,2026,Q,True,False,50,70,0.03147357882273432,0.021788905249950804,0.24333135146387697,2400,0,0,0,True,c2d2964f8f81c1016b7b5777c90f8da60141674a027253bc7df38411de21fb90,7c6db5c8dbf832dbf377c9a1be8af96ae791e1563a682dd0b51718d069c14648,8.447815418243408,9a0568b66c4fd7e091cedaa10dfce3c252fd4ddc8cc643966e4375aba0fdff1a,ece16abf335b36a0b316ae98f68d9cafdabb7880802a13762068168e778e510f,d8d3ea0e9027d08d135850c94cedef7baaf9c47c48004e3b18a92b29d4942681,b4aff104c491ba2ae3b29e2d3851af4283e16a15d8c287d2af29f683cfc96647,b3f9598e834951f551d46ca3d884a44c5c688ab5c79dd90400e158d117eb47aa,3b9b7e77619683994eb0af4c9e0f37332ecd4e1ae1ef331db333533eb7f1319b,2b18d8f619ab57e2b623b1f145484f255469e365e05d47ffe4a50b13b37d7d73
n10_f1_s3407_rP,10,1,3407,P,True,False,91,111,0.060224245692366334,0.05947874756263099,0.20881999295702586,2400,0,0,0,True,c2d2964f8f81c1016b7b5777c90f8da60141674a027253bc7df38411de21fb90,6b766786fb811b0f0b84ffa5db3ae8eb5b5280371c50b85492020eb38c6ed859,12.791154384613037,a1e4caac54b630f1b323a13421dde5e2b20ab13afb3662c955cab8a49fa60b29,d8cd616900d854408341df6d0017855a883ca7f1391e08f44452ad7b34dd2780,d8d3ea0e9027d08d135850c94cedef7baaf9c47c48004e3b18a92b29d4942681,b4aff104c491ba2ae3b29e2d3851af4283e16a15d8c287d2af29f683cfc96647,b3f9598e834951f551d46ca3d884a44c5c688ab5c79dd90400e158d117eb47aa,3b9b7e77619683994eb0af4c9e0f37332ecd4e1ae1ef331db333533eb7f1319b,2b18d8f619ab57e2b623b1f145484f255469e365e05d47ffe4a50b13b37d7d73
n10_f1_s3407_rQ,10,1,3407,Q,True,False,39,59,0.030254642445827488,0.021803601985415855,0.24240492949127446,2400,0,0,0,True,c2d2964f8f81c1016b7b5777c90f8da60141674a027253bc7df38411de21fb90,8080f4abf9cab8be5e55232f736ff7021fef2c2a5c8b37fd816a2803a945c17b,7.76682448387146,a1e4caac54b630f1b323a13421dde5e2b20ab13afb3662c955cab8a49fa60b29,d8cd616900d854408341df6d0017855a883ca7f1391e08f44452ad7b34dd2780,d8d3ea0e9027d08d135850c94cedef7baaf9c47c48004e3b18a92b29d4942681,b4aff104c491ba2ae3b29e2d3851af4283e16a15d8c287d2af29f683cfc96647,b3f9598e834951f551d46ca3d884a44c5c688ab5c79dd90400e158d117eb47aa,3b9b7e77619683994eb0af4c9e0f37332ecd4e1ae1ef331db333533eb7f1319b,2b18d8f619ab57e2b623b1f145484f255469e365e05d47ffe4a50b13b37d7d73
n10_f2_s42_rP,10,2,42,P,True,False,55,75,0.06534991586736259,0.06170637360875469,0.31164452585958063,2400,0,0,0,True,2b2645f9e15183c6370d6be365ea33be3cf77a83f409799c6c0541b0c5462b9b,4e83ad1be20b50d795634f7f8c37a5c222aa9e06429ca2420d1ebd6485d125a1,8.938749551773071,d0b73213da5017459159d55d5d4e8f3b522400c4546c1e10f226cbdeed0c4be5,24d4cd7d49534ec374f60148b884a8117fa5a38f42ec99d01a9872b95a523406,d8d3ea0e9027d08d135850c94cedef7baaf9c47c48004e3b18a92b29d4942681,1ff3cee0cd24811c12d9726b36c181d09d9b1164f76d2832ea72c8fd9b9eabd8,47291ab45e009386e10399b3e9ab1c0f981e180fecabfcfa3c0e0d9bad287641,6c9e07601b978320d5835d36abdecdf59de6daa056f461e99d9ac51a1400a08e,ddafadfa73f1d7464aa95df6b2ec5fc28720ca2737a394bc286baee1c0b6d7dd
n10_f2_s42_rQ,10,2,42,Q,True,False,44,64,0.01683442837220191,0.016801804545727002,0.3128141095404563,2400,0,0,0,True,2b2645f9e15183c6370d6be365ea33be3cf77a83f409799c6c0541b0c5462b9b,199e551b8eb4c3c0b0c0bfa35fce4042764ab841d7ad2b1d44ca20719ab0ba00,7.429543733596802,d0b73213da5017459159d55d5d4e8f3b522400c4546c1e10f226cbdeed0c4be5,24d4cd7d49534ec374f60148b884a8117fa5a38f42ec99d01a9872b95a523406,d8d3ea0e9027d08d135850c94cedef7baaf9c47c48004e3b18a92b29d4942681,1ff3cee0cd24811c12d9726b36c181d09d9b1164f76d2832ea72c8fd9b9eabd8,47291ab45e009386e10399b3e9ab1c0f981e180fecabfcfa3c0e0d9bad287641,6c9e07601b978320d5835d36abdecdf59de6daa056f461e99d9ac51a1400a08e,ddafadfa73f1d7464aa95df6b2ec5fc28720ca2737a394bc286baee1c0b6d7dd
n10_f2_s2026_rP,10,2,2026,P,True,False,68,88,0.06452391360111917,0.060607680295976164,0.32065827253035234,2400,0,0,0,True,2b2645f9e15183c6370d6be365ea33be3cf77a83f409799c6c0541b0c5462b9b,1a81988df88d6b8af55658453260735bea1404b1680dadc72ddb350d4be43470,10.447879314422607,9a0568b66c4fd7e091cedaa10dfce3c252fd4ddc8cc643966e4375aba0fdff1a,ece16abf335b36a0b316ae98f68d9cafdabb7880802a13762068168e778e510f,d8d3ea0e9027d08d135850c94cedef7baaf9c47c48004e3b18a92b29d4942681,1ff3cee0cd24811c12d9726b36c181d09d9b1164f76d2832ea72c8fd9b9eabd8,47291ab45e009386e10399b3e9ab1c0f981e180fecabfcfa3c0e0d9bad287641,6c9e07601b978320d5835d36abdecdf59de6daa056f461e99d9ac51a1400a08e,ddafadfa73f1d7464aa95df6b2ec5fc28720ca2737a394bc286baee1c0b6d7dd
n10_f2_s2026_rQ,10,2,2026,Q,True,False,58,78,0.01680271677581437,0.016743318385849925,0.32061346381519956,2400,0,0,0,True,2b2645f9e15183c6370d6be365ea33be3cf77a83f409799c6c0541b0c5462b9b,7cca767dd09f74d4212aa1a484ec0128b75bd7b712720305072463a5a9305180,9.951125383377075,9a0568b66c4fd7e091cedaa10dfce3c252fd4ddc8cc643966e4375aba0fdff1a,ece16abf335b36a0b316ae98f68d9cafdabb7880802a13762068168e778e510f,d8d3ea0e9027d08d135850c94cedef7baaf9c47c48004e3b18a92b29d4942681,1ff3cee0cd24811c12d9726b36c181d09d9b1164f76d2832ea72c8fd9b9eabd8,47291ab45e009386e10399b3e9ab1c0f981e180fecabfcfa3c0e0d9bad287641,6c9e07601b978320d5835d36abdecdf59de6daa056f461e99d9ac51a1400a08e,ddafadfa73f1d7464aa95df6b2ec5fc28720ca2737a394bc286baee1c0b6d7dd
n10_f2_s3407_rP,10,2,3407,P,True,False,105,125,0.064249125005761,0.058473130357883936,0.32548469380333306,2400,0,0,0,True,2b2645f9e15183c6370d6be365ea33be3cf77a83f409799c6c0541b0c5462b9b,28e3c4550e813c3842a486c959a8a0da1878c92c22fb04c607786216673ef7db,14.625167846679688,a1e4caac54b630f1b323a13421dde5e2b20ab13afb3662c955cab8a49fa60b29,d8cd616900d854408341df6d0017855a883ca7f1391e08f44452ad7b34dd2780,d8d3ea0e9027d08d135850c94cedef7baaf9c47c48004e3b18a92b29d4942681,1ff3cee0cd24811c12d9726b36c181d09d9b1164f76d2832ea72c8fd9b9eabd8,47291ab45e009386e10399b3e9ab1c0f981e180fecabfcfa3c0e0d9bad287641,6c9e07601b978320d5835d36abdecdf59de6daa056f461e99d9ac51a1400a08e,ddafadfa73f1d7464aa95df6b2ec5fc28720ca2737a394bc286baee1c0b6d7dd
n10_f2_s3407_rQ,10,2,3407,Q,True,False,55,75,0.016816164928328936,0.01697499500074327,0.3151516549025753,2400,0,0,0,True,2b2645f9e15183c6370d6be365ea33be3cf77a83f409799c6c0541b0c5462b9b,fd96f3c7bc88515dceee8e256613521716501a9d7a6525413cb7c9870b975f50,8.578381776809692,a1e4caac54b630f1b323a13421dde5e2b20ab13afb3662c955cab8a49fa60b29,d8cd616900d854408341df6d0017855a883ca7f1391e08f44452ad7b34dd2780,d8d3ea0e9027d08d135850c94cedef7baaf9c47c48004e3b18a92b29d4942681,1ff3cee0cd24811c12d9726b36c181d09d9b1164f76d2832ea72c8fd9b9eabd8,47291ab45e009386e10399b3e9ab1c0f981e180fecabfcfa3c0e0d9bad287641,6c9e07601b978320d5835d36abdecdf59de6daa056f461e99d9ac51a1400a08e,ddafadfa73f1d7464aa95df6b2ec5fc28720ca2737a394bc286baee1c0b6d7dd
n10_f3_s42_rP,10,3,42,P,True,False,97,117,0.059696953931700165,0.057012516938835085,0.16352400309219983,2400,0,0,0,True,390ee3a2e4e768ed224db39b4b6ae7317425870f75bcb6fbd6fe4fe5d4163635,72b66430e6c7e8a3af65b3328f923cd8e887dc9264130542483a89428103a834,13.424069166183472,d0b73213da5017459159d55d5d4e8f3b522400c4546c1e10f226cbdeed0c4be5,24d4cd7d49534ec374f60148b884a8117fa5a38f42ec99d01a9872b95a523406,d8d3ea0e9027d08d135850c94cedef7baaf9c47c48004e3b18a92b29d4942681,70f36b333f7a8dd34d16ec02940922b05a24a8733905b538a969efa50aa5d4b6,145d0469c524cbb38f82e58308dbffc600ede2f59595cfa9dfdf502ff2cbb339,d022585099a203500287cfdcb34612fe0c9e74af4113ad3541ae4570f82a7370,f40e24bf347b642e7484f0a7fc4d79da277c6f0689ecfd14973c13074417b482
n10_f3_s42_rQ,10,3,42,Q,True,False,24,44,0.03266026803953186,0.031098888316623143,0.19613615005854285,2400,0,0,0,True,390ee3a2e4e768ed224db39b4b6ae7317425870f75bcb6fbd6fe4fe5d4163635,f9749c777d01372f106a10e883d37462fe52f92f544f61b157afdf768b7ed32a,5.22010064125061,d0b73213da5017459159d55d5d4e8f3b522400c4546c1e10f226cbdeed0c4be5,24d4cd7d49534ec374f60148b884a8117fa5a38f42ec99d01a9872b95a523406,d8d3ea0e9027d08d135850c94cedef7baaf9c47c48004e3b18a92b29d4942681,70f36b333f7a8dd34d16ec02940922b05a24a8733905b538a969efa50aa5d4b6,145d0469c524cbb38f82e58308dbffc600ede2f59595cfa9dfdf502ff2cbb339,d022585099a203500287cfdcb34612fe0c9e74af4113ad3541ae4570f82a7370,f40e24bf347b642e7484f0a7fc4d79da277c6f0689ecfd14973c13074417b482
n10_f3_s2026_rP,10,3,2026,P,True,False,48,68,0.060617010580038676,0.05822292479901054,0.18467202748478626,2400,0,0,0,True,390ee3a2e4e768ed224db39b4b6ae7317425870f75bcb6fbd6fe4fe5d4163635,4ed6c6887aae5e8fb7348461d6e5c62af6f76c0bffabf9bfd54fa93b7ac30c0c,7.8370277881622314,9a0568b66c4fd7e091cedaa10dfce3c252fd4ddc8cc643966e4375aba0fdff1a,ece16abf335b36a0b316ae98f68d9cafdabb7880802a13762068168e778e510f,d8d3ea0e9027d08d135850c94cedef7baaf9c47c48004e3b18a92b29d4942681,70f36b333f7a8dd34d16ec02940922b05a24a8733905b538a969efa50aa5d4b6,145d0469c524cbb38f82e58308dbffc600ede2f59595cfa9dfdf502ff2cbb339,d022585099a203500287cfdcb34612fe0c9e74af4113ad3541ae4570f82a7370,f40e24bf347b642e7484f0a7fc4d79da277c6f0689ecfd14973c13074417b482
n10_f3_s2026_rQ,10,3,2026,Q,True,False,39,59,0.03182150095487402,0.03095042535772941,0.14033846465255911,2400,0,0,0,True,390ee3a2e4e768ed224db39b4b6ae7317425870f75bcb6fbd6fe4fe5d4163635,7533658e39831f75e4b997bc7fc32a1789d5f8a25d29e3cbc253495d1cfc547e,6.763806343078613,9a0568b66c4fd7e091cedaa10dfce3c252fd4ddc8cc643966e4375aba0fdff1a,ece16abf335b36a0b316ae98f68d9cafdabb7880802a13762068168e778e510f,d8d3ea0e9027d08d135850c94cedef7baaf9c47c48004e3b18a92b29d4942681,70f36b333f7a8dd34d16ec02940922b05a24a8733905b538a969efa50aa5d4b6,145d0469c524cbb38f82e58308dbffc600ede2f59595cfa9dfdf502ff2cbb339,d022585099a203500287cfdcb34612fe0c9e74af4113ad3541ae4570f82a7370,f40e24bf347b642e7484f0a7fc4d79da277c6f0689ecfd14973c13074417b482
n10_f3_s3407_rP,10,3,3407,P,True,False,88,108,0.05986527522315536,0.05872866404403557,0.17023530142200252,2400,0,0,0,True,390ee3a2e4e768ed224db39b4b6ae7317425870f75bcb6fbd6fe4fe5d4163635,aee049c13270233c0b589de45b5ed3d67221fe75ed3c780dad3cd227247ff031,12.24240255355835,a1e4caac54b630f1b323a13421dde5e2b20ab13afb3662c955cab8a49fa60b29,d8cd616900d854408341df6d0017855a883ca7f1391e08f44452ad7b34dd2780,d8d3ea0e9027d08d135850c94cedef7baaf9c47c48004e3b18a92b29d4942681,70f36b333f7a8dd34d16ec02940922b05a24a8733905b538a969efa50aa5d4b6,145d0469c524cbb38f82e58308dbffc600ede2f59595cfa9dfdf502ff2cbb339,d022585099a203500287cfdcb34612fe0c9e74af4113ad3541ae4570f82a7370,f40e24bf347b642e7484f0a7fc4d79da277c6f0689ecfd14973c13074417b482
n10_f3_s3407_rQ,10,3,3407,Q,True,False,46,66,0.031852807417325595,0.030424690571332322,0.17377137153260921,2400,0,0,0,True,390ee3a2e4e768ed224db39b4b6ae7317425870f75bcb6fbd6fe4fe5d4163635,a77377c1e5386327e35d025442ec3f0d81cc4c98bdd02c0a50d5cb960c1bf28a,7.853346347808838,a1e4caac54b630f1b323a13421dde5e2b20ab13afb3662c955cab8a49fa60b29,d8cd616900d854408341df6d0017855a883ca7f1391e08f44452ad7b34dd2780,d8d3ea0e9027d08d135850c94cedef7baaf9c47c48004e3b18a92b29d4942681,70f36b333f7a8dd34d16ec02940922b05a24a8733905b538a969efa50aa5d4b6,145d0469c524cbb38f82e58308dbffc600ede2f59595cfa9dfdf502ff2cbb339,d022585099a203500287cfdcb34612fe0c9e74af4113ad3541ae4570f82a7370,f40e24bf347b642e7484f0a7fc4d79da277c6f0689ecfd14973c13074417b482
n10_f4_s42_rP,10,4,42,P,True,False,168,188,0.052910652827986696,0.054974817995761566,0.1321621331174947,2400,0,0,0,True,fb6b0c6f691daed0a0e620697ebaf65b306bf12c3cdafa23b9f5866690801afe,1b8e563b38028a284a2a6d44ffcfde4656762a784e120f75545a89ee790abfe1,22.39975357055664,d0b73213da5017459159d55d5d4e8f3b522400c4546c1e10f226cbdeed0c4be5,24d4cd7d49534ec374f60148b884a8117fa5a38f42ec99d01a9872b95a523406,d8d3ea0e9027d08d135850c94cedef7baaf9c47c48004e3b18a92b29d4942681,87f0b4859f2d16a47374ed9ffc3dcfb6381f796b1e2281d6ecf13413eca62e17,936a43eefffe558d83a99cce3ade3b016d4fc6e547c3b4147d0f03e8de23597f,df10a257464c62234fac2a84394131d366c654998feed33e41719d1ffcae4047,b3ec7922b8e0c32c883e30fc991d3762bb23759e4a1d74144364da46281b6740
n10_f4_s42_rQ,10,4,42,Q,True,False,46,66,0.029842848354669646,0.029677706741726526,0.12874803049327452,2400,0,0,0,True,fb6b0c6f691daed0a0e620697ebaf65b306bf12c3cdafa23b9f5866690801afe,d613d396d7cd06ce95cac2b5ffda397213e0c7353377275390d8c6ab2233c0de,7.70499587059021,d0b73213da5017459159d55d5d4e8f3b522400c4546c1e10f226cbdeed0c4be5,24d4cd7d49534ec374f60148b884a8117fa5a38f42ec99d01a9872b95a523406,d8d3ea0e9027d08d135850c94cedef7baaf9c47c48004e3b18a92b29d4942681,87f0b4859f2d16a47374ed9ffc3dcfb6381f796b1e2281d6ecf13413eca62e17,936a43eefffe558d83a99cce3ade3b016d4fc6e547c3b4147d0f03e8de23597f,df10a257464c62234fac2a84394131d366c654998feed33e41719d1ffcae4047,b3ec7922b8e0c32c883e30fc991d3762bb23759e4a1d74144364da46281b6740
n10_f4_s2026_rP,10,4,2026,P,True,False,213,233,0.053076741380956804,0.05540021254450981,0.1290487756252552,2400,0,0,0,True,fb6b0c6f691daed0a0e620697ebaf65b306bf12c3cdafa23b9f5866690801afe,9f5c0b207d1aef80a963b208f4ae85bc9a7961676cb27b0bf9ba4f26fedc1b98,26.138164281845093,9a0568b66c4fd7e091cedaa10dfce3c252fd4ddc8cc643966e4375aba0fdff1a,ece16abf335b36a0b316ae98f68d9cafdabb7880802a13762068168e778e510f,d8d3ea0e9027d08d135850c94cedef7baaf9c47c48004e3b18a92b29d4942681,87f0b4859f2d16a47374ed9ffc3dcfb6381f796b1e2281d6ecf13413eca62e17,936a43eefffe558d83a99cce3ade3b016d4fc6e547c3b4147d0f03e8de23597f,df10a257464c62234fac2a84394131d366c654998feed33e41719d1ffcae4047,b3ec7922b8e0c32c883e30fc991d3762bb23759e4a1d74144364da46281b6740
n10_f4_s2026_rQ,10,4,2026,Q,True,False,68,88,0.029666627806050824,0.029498993728681342,0.13004432238208555,2400,0,0,0,True,fb6b0c6f691daed0a0e620697ebaf65b306bf12c3cdafa23b9f5866690801afe,63931aec435a25f27ab64163b049048139a99487f7178da2054111ab32580dd7,10.643593072891235,9a0568b66c4fd7e091cedaa10dfce3c252fd4ddc8cc643966e4375aba0fdff1a,ece16abf335b36a0b316ae98f68d9cafdabb7880802a13762068168e778e510f,d8d3ea0e9027d08d135850c94cedef7baaf9c47c48004e3b18a92b29d4942681,87f0b4859f2d16a47374ed9ffc3dcfb6381f796b1e2281d6ecf13413eca62e17,936a43eefffe558d83a99cce3ade3b016d4fc6e547c3b4147d0f03e8de23597f,df10a257464c62234fac2a84394131d366c654998feed33e41719d1ffcae4047,b3ec7922b8e0c32c883e30fc991d3762bb23759e4a1d74144364da46281b6740
n10_f4_s3407_rP,10,4,3407,P,True,False,85,105,0.05397665589648223,0.05625184044181842,0.13392809705174505,2400,0,0,0,True,fb6b0c6f691daed0a0e620697ebaf65b306bf12c3cdafa23b9f5866690801afe,44b0f036bfec28d2659ed6edf4226c365d04ca4e2e701aa64fd46ab97a4148c0,13.048845052719116,a1e4caac54b630f1b323a13421dde5e2b20ab13afb3662c955cab8a49fa60b29,d8cd616900d854408341df6d0017855a883ca7f1391e08f44452ad7b34dd2780,d8d3ea0e9027d08d135850c94cedef7baaf9c47c48004e3b18a92b29d4942681,87f0b4859f2d16a47374ed9ffc3dcfb6381f796b1e2281d6ecf13413eca62e17,936a43eefffe558d83a99cce3ade3b016d4fc6e547c3b4147d0f03e8de23597f,df10a257464c62234fac2a84394131d366c654998feed33e41719d1ffcae4047,b3ec7922b8e0c32c883e30fc991d3762bb23759e4a1d74144364da46281b6740
n10_f4_s3407_rQ,10,4,3407,Q,True,False,38,58,0.029754001430103413,0.030085984733785313,0.12308709753937884,2400,0,0,0,True,fb6b0c6f691daed0a0e620697ebaf65b306bf12c3cdafa23b9f5866690801afe,af2977848f8a808559700e3b3dea92e2a0005250c5b07dec32b6ce2e8c5f77be,7.090424060821533,a1e4caac54b630f1b323a13421dde5e2b20ab13afb3662c955cab8a49fa60b29,d8cd616900d854408341df6d0017855a883ca7f1391e08f44452ad7b34dd2780,d8d3ea0e9027d08d135850c94cedef7baaf9c47c48004e3b18a92b29d4942681,87f0b4859f2d16a47374ed9ffc3dcfb6381f796b1e2281d6ecf13413eca62e17,936a43eefffe558d83a99cce3ade3b016d4fc6e547c3b4147d0f03e8de23597f,df10a257464c62234fac2a84394131d366c654998feed33e41719d1ffcae4047,b3ec7922b8e0c32c883e30fc991d3762bb23759e4a1d74144364da46281b6740
n10_f5_s42_rP,10,5,42,P,True,False,48,68,0.05505465454267925,0.05691028949934661,0.17867393339368437,2400,0,0,0,True,9bd49b0d5ec1cabd5d13c96365fa89056426cdfbbb2cc6e50ed1046bf71f7153,009d69615c447968d80790f09fa1718fdaf4dd819fb0959cf3d85dc371033bd3,7.74177622795105,d0b73213da5017459159d55d5d4e8f3b522400c4546c1e10f226cbdeed0c4be5,24d4cd7d49534ec374f60148b884a8117fa5a38f42ec99d01a9872b95a523406,d8d3ea0e9027d08d135850c94cedef7baaf9c47c48004e3b18a92b29d4942681,193e6f85148d3bd36a091fbc70c506341269f4d021f23ca20e26d0b54aeea8a7,37cc7c1656cf0fbf3695205627eac050af298c8db2f44f861a502dcb1c2da777,aed0824fd23382ae99b4de376687b713f2fab37217d2efd2a4ba7c5cbc207af9,904aa3ec92cde88556a701c155fad76db7dc5bb1df99b5a1f0ec19368c0529a1
n10_f5_s42_rQ,10,5,42,Q,True,False,78,98,0.02382570570392907,0.023500355295556108,0.2495265693915702,2400,0,0,0,True,9bd49b0d5ec1cabd5d13c96365fa89056426cdfbbb2cc6e50ed1046bf71f7153,7568d645f9b411b28af50631f6dc9aa6a7f447356b0decd290177c15cdc6530d,11.32838749885559,d0b73213da5017459159d55d5d4e8f3b522400c4546c1e10f226cbdeed0c4be5,24d4cd7d49534ec374f60148b884a8117fa5a38f42ec99d01a9872b95a523406,d8d3ea0e9027d08d135850c94cedef7baaf9c47c48004e3b18a92b29d4942681,193e6f85148d3bd36a091fbc70c506341269f4d021f23ca20e26d0b54aeea8a7,37cc7c1656cf0fbf3695205627eac050af298c8db2f44f861a502dcb1c2da777,aed0824fd23382ae99b4de376687b713f2fab37217d2efd2a4ba7c5cbc207af9,904aa3ec92cde88556a701c155fad76db7dc5bb1df99b5a1f0ec19368c0529a1
n10_f5_s2026_rP,10,5,2026,P,True,False,149,169,0.05256061731707119,0.05465713421044466,0.18863409085436492,2400,0,0,0,True,9bd49b0d5ec1cabd5d13c96365fa89056426cdfbbb2cc6e50ed1046bf71f7153,89696688344efe3cc04a4c9afb7b12b53ade8b212d038e5d3f69b037eb2b8604,19.98318314552307,9a0568b66c4fd7e091cedaa10dfce3c252fd4ddc8cc643966e4375aba0fdff1a,ece16abf335b36a0b316ae98f68d9cafdabb7880802a13762068168e778e510f,d8d3ea0e9027d08d135850c94cedef7baaf9c47c48004e3b18a92b29d4942681,193e6f85148d3bd36a091fbc70c506341269f4d021f23ca20e26d0b54aeea8a7,37cc7c1656cf0fbf3695205627eac050af298c8db2f44f861a502dcb1c2da777,aed0824fd23382ae99b4de376687b713f2fab37217d2efd2a4ba7c5cbc207af9,904aa3ec92cde88556a701c155fad76db7dc5bb1df99b5a1f0ec19368c0529a1
n10_f5_s2026_rQ,10,5,2026,Q,True,False,109,129,0.023631038220425445,0.023050146383353745,0.24734025736525683,2400,0,0,0,True,9bd49b0d5ec1cabd5d13c96365fa89056426cdfbbb2cc6e50ed1046bf71f7153,9c69a197d6db8f3ddabb02e84a5b0857c68ecff0faad89fe077cb8cc5a8b5ebd,16.181684494018555,9a0568b66c4fd7e091cedaa10dfce3c252fd4ddc8cc643966e4375aba0fdff1a,ece16abf335b36a0b316ae98f68d9cafdabb7880802a13762068168e778e510f,d8d3ea0e9027d08d135850c94cedef7baaf9c47c48004e3b18a92b29d4942681,193e6f85148d3bd36a091fbc70c506341269f4d021f23ca20e26d0b54aeea8a7,37cc7c1656cf0fbf3695205627eac050af298c8db2f44f861a502dcb1c2da777,aed0824fd23382ae99b4de376687b713f2fab37217d2efd2a4ba7c5cbc207af9,904aa3ec92cde88556a701c155fad76db7dc5bb1df99b5a1f0ec19368c0529a1
n10_f5_s3407_rP,10,5,3407,P,True,False,78,98,0.05400143552811053,0.055694427240408996,0.18582667224616425,2400,0,0,0,True,9bd49b0d5ec1cabd5d13c96365fa89056426cdfbbb2cc6e50ed1046bf71f7153,e81fb71927d7a6dcac914ebbf30ce645a34d705ee4a76c32cc580faac328bfe4,11.289525508880615,a1e4caac54b630f1b323a13421dde5e2b20ab13afb3662c955cab8a49fa60b29,d8cd616900d854408341df6d0017855a883ca7f1391e08f44452ad7b34dd2780,d8d3ea0e9027d08d135850c94cedef7baaf9c47c48004e3b18a92b29d4942681,193e6f85148d3bd36a091fbc70c506341269f4d021f23ca20e26d0b54aeea8a7,37cc7c1656cf0fbf3695205627eac050af298c8db2f44f861a502dcb1c2da777,aed0824fd23382ae99b4de376687b713f2fab37217d2efd2a4ba7c5cbc207af9,904aa3ec92cde88556a701c155fad76db7dc5bb1df99b5a1f0ec19368c0529a1
n10_f5_s3407_rQ,10,5,3407,Q,True,False,109,129,0.023632287640449733,0.023099058680169,0.25559433928131653,2400,0,0,0,True,9bd49b0d5ec1cabd5d13c96365fa89056426cdfbbb2cc6e50ed1046bf71f7153,e67543a31c9e037405cc5acb4da699c08e47326bae10d16028f54865669fdfdf,14.55643892288208,a1e4caac54b630f1b323a13421dde5e2b20ab13afb3662c955cab8a49fa60b29,d8cd616900d854408341df6d0017855a883ca7f1391e08f44452ad7b34dd2780,d8d3ea0e9027d08d135850c94cedef7baaf9c47c48004e3b18a92b29d4942681,193e6f85148d3bd36a091fbc70c506341269f4d021f23ca20e26d0b54aeea8a7,37cc7c1656cf0fbf3695205627eac050af298c8db2f44f861a502dcb1c2da777,aed0824fd23382ae99b4de376687b713f2fab37217d2efd2a4ba7c5cbc207af9,904aa3ec92cde88556a701c155fad76db7dc5bb1df99b5a1f0ec19368c0529a1
n15_f1_s42_rP,15,1,42,P,True,False,67,87,0.03757419390166878,0.04110856832360625,0.14936807654145196,2400,0,0,0,True,f3b27b1d7a157bfdafb807a530b2c9ad345526562790bb233b79b9464b315eba,a235819f8355bf9aefefe850e5085265ebf3fe3e609d19ab8efaf87066385709,10.385820388793945,982df4d8c8a4a0205aa3194d3f998e2cbe4a5f97338cd25882ffc1c93457ef24,24d4cd7d49534ec374f60148b884a8117fa5a38f42ec99d01a9872b95a523406,ba16272793948561976d26f2a3a56a0259805100b2f5f3dc9a725db90fce8373,88e625c0cb73987b66abb74abe4c4e88468e165a5692bb7dd1b35c4504015177,49dcd62aca4b8d8a73774fcf55e137c8eb04f80ccacbc6e949dc653abd1ea29f,83d69054da9b33f2062f2dd1fc4a3ff67ecdb315804edcd0cdba324bbfc46fcb,95d76a4356f3b5b2d77a89efc9ef74983b3916283aeb8c486a2ea13489aef559
n15_f1_s42_rQ,15,1,42,Q,True,False,81,101,0.018267822699723924,0.018000551052154982,0.21739170503633895,2400,0,0,0,True,f3b27b1d7a157bfdafb807a530b2c9ad345526562790bb233b79b9464b315eba,25dcee6655e1c46c595a08a2d92590e115535e367dc4c4370f1a114b8c77518d,12.246113538742065,982df4d8c8a4a0205aa3194d3f998e2cbe4a5f97338cd25882ffc1c93457ef24,24d4cd7d49534ec374f60148b884a8117fa5a38f42ec99d01a9872b95a523406,ba16272793948561976d26f2a3a56a0259805100b2f5f3dc9a725db90fce8373,88e625c0cb73987b66abb74abe4c4e88468e165a5692bb7dd1b35c4504015177,49dcd62aca4b8d8a73774fcf55e137c8eb04f80ccacbc6e949dc653abd1ea29f,83d69054da9b33f2062f2dd1fc4a3ff67ecdb315804edcd0cdba324bbfc46fcb,95d76a4356f3b5b2d77a89efc9ef74983b3916283aeb8c486a2ea13489aef559
n15_f1_s2026_rP,15,1,2026,P,True,False,104,124,0.03736558431351775,0.04120278262203394,0.1472933001340526,2400,0,0,0,True,f3b27b1d7a157bfdafb807a530b2c9ad345526562790bb233b79b9464b315eba,b183ab8b76ceeb30bfe25449d1cd41e5d8384a7208606f2a4ca67e8b2dca1efd,14.482078552246094,92f3b38205c05500cfa9761cc4d26aae3db24d40ce8352199ded2e0b1974c3b5,ece16abf335b36a0b316ae98f68d9cafdabb7880802a13762068168e778e510f,ba16272793948561976d26f2a3a56a0259805100b2f5f3dc9a725db90fce8373,88e625c0cb73987b66abb74abe4c4e88468e165a5692bb7dd1b35c4504015177,49dcd62aca4b8d8a73774fcf55e137c8eb04f80ccacbc6e949dc653abd1ea29f,83d69054da9b33f2062f2dd1fc4a3ff67ecdb315804edcd0cdba324bbfc46fcb,95d76a4356f3b5b2d77a89efc9ef74983b3916283aeb8c486a2ea13489aef559
n15_f1_s2026_rQ,15,1,2026,Q,True,False,50,70,0.017399127229110828,0.017422102615147927,0.18542357629519363,2400,0,0,0,True,f3b27b1d7a157bfdafb807a530b2c9ad345526562790bb233b79b9464b315eba,e7cd240eb0bb82bc6142cfc94dd382afe5a2353b607b08bd8e03117fa6cf81b1,9.331505060195923,92f3b38205c05500cfa9761cc4d26aae3db24d40ce8352199ded2e0b1974c3b5,ece16abf335b36a0b316ae98f68d9cafdabb7880802a13762068168e778e510f,ba16272793948561976d26f2a3a56a0259805100b2f5f3dc9a725db90fce8373,88e625c0cb73987b66abb74abe4c4e88468e165a5692bb7dd1b35c4504015177,49dcd62aca4b8d8a73774fcf55e137c8eb04f80ccacbc6e949dc653abd1ea29f,83d69054da9b33f2062f2dd1fc4a3ff67ecdb315804edcd0cdba324bbfc46fcb,95d76a4356f3b5b2d77a89efc9ef74983b3916283aeb8c486a2ea13489aef559
n15_f1_s3407_rP,15,1,3407,P,True,False,133,153,0.03673478018593446,0.04043621209329502,0.1551131973277467,2400,0,0,0,True,f3b27b1d7a157bfdafb807a530b2c9ad345526562790bb233b79b9464b315eba,a9893bde9feeb0fd57374f356be894f13df531d162f473c32889bb7657be7ed6,17.92927885055542,b4bf71f3d812da4ca4b970dc45856419db45e62b4b1271968deb8b4e7d9591a5,d8cd616900d854408341df6d0017855a883ca7f1391e08f44452ad7b34dd2780,ba16272793948561976d26f2a3a56a0259805100b2f5f3dc9a725db90fce8373,88e625c0cb73987b66abb74abe4c4e88468e165a5692bb7dd1b35c4504015177,49dcd62aca4b8d8a73774fcf55e137c8eb04f80ccacbc6e949dc653abd1ea29f,83d69054da9b33f2062f2dd1fc4a3ff67ecdb315804edcd0cdba324bbfc46fcb,95d76a4356f3b5b2d77a89efc9ef74983b3916283aeb8c486a2ea13489aef559
n15_f1_s3407_rQ,15,1,3407,Q,True,False,58,78,0.017461567004759107,0.01743268106312355,0.18601077649535064,2400,0,0,0,True,f3b27b1d7a157bfdafb807a530b2c9ad345526562790bb233b79b9464b315eba,57cf2f0887c787d969c7898f3f5f573544d1b59a45467f2cdc9d40a42391ee4d,9.869656085968018,b4bf71f3d812da4ca4b970dc45856419db45e62b4b1271968deb8b4e7d9591a5,d8cd616900d854408341df6d0017855a883ca7f1391e08f44452ad7b34dd2780,ba16272793948561976d26f2a3a56a0259805100b2f5f3dc9a725db90fce8373,88e625c0cb73987b66abb74abe4c4e88468e165a5692bb7dd1b35c4504015177,49dcd62aca4b8d8a73774fcf55e137c8eb04f80ccacbc6e949dc653abd1ea29f,83d69054da9b33f2062f2dd1fc4a3ff67ecdb315804edcd0cdba324bbfc46fcb,95d76a4356f3b5b2d77a89efc9ef74983b3916283aeb8c486a2ea13489aef559
n15_f2_s42_rP,15,2,42,P,True,False,183,203,0.04102976272030944,0.04365440080143346,0.17866560993938632,2400,0,0,0,True,48e4a3d82b504dd617834cc64d0b725253a7d4bcc161ea61b7409e275bb2d30f,414f92c013cfd5f3fbd3bdf64c89b34758dc9876965b41b1d4c26f22b23a305e,24.38480281829834,982df4d8c8a4a0205aa3194d3f998e2cbe4a5f97338cd25882ffc1c93457ef24,24d4cd7d49534ec374f60148b884a8117fa5a38f42ec99d01a9872b95a523406,ba16272793948561976d26f2a3a56a0259805100b2f5f3dc9a725db90fce8373,3135ff6e928493355fe6e72547c2680e2da8c7e251a1d5c66c96024b7155a01c,d34c4a50c2e64ef3e39b18de8624cf3b27fd62bcc095ae9e832d944d2ab489db,a037c2210c6ebe1dfff70c91d8eaaa3f2105924dede5d833fa02b0fd9acf361d,c3a57d530904ff5185be104ab6f0922c9101e63954e690a3d31151856a698c11
n15_f2_s42_rQ,15,2,42,Q,True,False,77,97,0.014978877954255607,0.015271487845336964,0.2063554564039495,2400,0,0,0,True,48e4a3d82b504dd617834cc64d0b725253a7d4bcc161ea61b7409e275bb2d30f,036346a74a335f251e705d05c02a3866674271a3ffe9df88a7a9b0bef0c1b8b2,11.199234247207642,982df4d8c8a4a0205aa3194d3f998e2cbe4a5f97338cd25882ffc1c93457ef24,24d4cd7d49534ec374f60148b884a8117fa5a38f42ec99d01a9872b95a523406,ba16272793948561976d26f2a3a56a0259805100b2f5f3dc9a725db90fce8373,3135ff6e928493355fe6e72547c2680e2da8c7e251a1d5c66c96024b7155a01c,d34c4a50c2e64ef3e39b18de8624cf3b27fd62bcc095ae9e832d944d2ab489db,a037c2210c6ebe1dfff70c91d8eaaa3f2105924dede5d833fa02b0fd9acf361d,c3a57d530904ff5185be104ab6f0922c9101e63954e690a3d31151856a698c11
n15_f2_s2026_rP,15,2,2026,P,True,False,101,121,0.04134257237566992,0.0425795835423456,0.18246587494127478,2400,0,0,0,True,48e4a3d82b504dd617834cc64d0b725253a7d4bcc161ea61b7409e275bb2d30f,486d9470ebe554b3b2335b6fc66346fbbb4f3b9a34854bced4d58c6832c7e098,14.423051118850708,92f3b38205c05500cfa9761cc4d26aae3db24d40ce8352199ded2e0b1974c3b5,ece16abf335b36a0b316ae98f68d9cafdabb7880802a13762068168e778e510f,ba16272793948561976d26f2a3a56a0259805100b2f5f3dc9a725db90fce8373,3135ff6e928493355fe6e72547c2680e2da8c7e251a1d5c66c96024b7155a01c,d34c4a50c2e64ef3e39b18de8624cf3b27fd62bcc095ae9e832d944d2ab489db,a037c2210c6ebe1dfff70c91d8eaaa3f2105924dede5d833fa02b0fd9acf361d,c3a57d530904ff5185be104ab6f0922c9101e63954e690a3d31151856a698c11
n15_f2_s2026_rQ,15,2,2026,Q,True,False,132,152,0.01459202862944382,0.014635828386016327,0.21580415269819558,2400,0,0,0,True,48e4a3d82b504dd617834cc64d0b725253a7d4bcc161ea61b7409e275bb2d30f,a844297631d727c64cc899b8114cd0d708d5e4423d50aa5993e77345003adc86,17.528420448303223,92f3b38205c05500cfa9761cc4d26aae3db24d40ce8352199ded2e0b1974c3b5,ece16abf335b36a0b316ae98f68d9cafdabb7880802a13762068168e778e510f,ba16272793948561976d26f2a3a56a0259805100b2f5f3dc9a725db90fce8373,3135ff6e928493355fe6e72547c2680e2da8c7e251a1d5c66c96024b7155a01c,d34c4a50c2e64ef3e39b18de8624cf3b27fd62bcc095ae9e832d944d2ab489db,a037c2210c6ebe1dfff70c91d8eaaa3f2105924dede5d833fa02b0fd9acf361d,c3a57d530904ff5185be104ab6f0922c9101e63954e690a3d31151856a698c11
n15_f2_s3407_rP,15,2,3407,P,True,False,90,110,0.04050616119485197,0.04238862355739077,0.1759118768144552,2400,0,0,0,True,48e4a3d82b504dd617834cc64d0b725253a7d4bcc161ea61b7409e275bb2d30f,7f664a1830675f9172e1023f1bde6a5cf0750df81d1e7799a7cb4206ef56f1f9,12.503071308135986,b4bf71f3d812da4ca4b970dc45856419db45e62b4b1271968deb8b4e7d9591a5,d8cd616900d854408341df6d0017855a883ca7f1391e08f44452ad7b34dd2780,ba16272793948561976d26f2a3a56a0259805100b2f5f3dc9a725db90fce8373,3135ff6e928493355fe6e72547c2680e2da8c7e251a1d5c66c96024b7155a01c,d34c4a50c2e64ef3e39b18de8624cf3b27fd62bcc095ae9e832d944d2ab489db,a037c2210c6ebe1dfff70c91d8eaaa3f2105924dede5d833fa02b0fd9acf361d,c3a57d530904ff5185be104ab6f0922c9101e63954e690a3d31151856a698c11
n15_f2_s3407_rQ,15,2,3407,Q,True,False,113,133,0.014551800447630055,0.0149699300137932,0.2141062289397179,2400,0,0,0,True,48e4a3d82b504dd617834cc64d0b725253a7d4bcc161ea61b7409e275bb2d30f,82898ddf747e8091fca7210c83d767ad94358a389c7037618d5aabc5d91a60f5,15.560636043548584,b4bf71f3d812da4ca4b970dc45856419db45e62b4b1271968deb8b4e7d9591a5,d8cd616900d854408341df6d0017855a883ca7f1391e08f44452ad7b34dd2780,ba16272793948561976d26f2a3a56a0259805100b2f5f3dc9a725db90fce8373,3135ff6e928493355fe6e72547c2680e2da8c7e251a1d5c66c96024b7155a01c,d34c4a50c2e64ef3e39b18de8624cf3b27fd62bcc095ae9e832d944d2ab489db,a037c2210c6ebe1dfff70c91d8eaaa3f2105924dede5d833fa02b0fd9acf361d,c3a57d530904ff5185be104ab6f0922c9101e63954e690a3d31151856a698c11
n15_f3_s42_rP,15,3,42,P,True,False,110,130,0.04589670197698904,0.041375925809580924,0.24878673933564183,2400,0,0,0,True,d26eb8181865d270542f70c04b19b84e645df0aa3d0d1121a0a1a0d88af917d4,e7d111138c092feb96a5105b925c048f83f0ff5a01079318b52e6c85c0b76a4d,14.718509197235107,982df4d8c8a4a0205aa3194d3f998e2cbe4a5f97338cd25882ffc1c93457ef24,24d4cd7d49534ec374f60148b884a8117fa5a38f42ec99d01a9872b95a523406,ba16272793948561976d26f2a3a56a0259805100b2f5f3dc9a725db90fce8373,3b87e7677c1ebbe202b87bca4fd3935bf6767d28ef1a46a3d03d1aa3fb9b64d8,2e1ef591d847853c5521869307700060d3aaea7263b65de8f275fb80c7873697,eeb4c718aff7465f224ee0e3e7055ba2db8b5396931da632b5e56699773522ad,72270afec74dea79759a3fcb3ba0d261c66949293ede6523ebaf0c81c1051809
n15_f3_s42_rQ,15,3,42,Q,True,False,123,143,0.0120436047475084,0.010983981814428502,0.2927173707491427,2400,0,0,0,True,d26eb8181865d270542f70c04b19b84e645df0aa3d0d1121a0a1a0d88af917d4,bee18d4a7f9a27f91746f01102e902cde7125e73329557ed467885a8197619df,17.694756746292114,982df4d8c8a4a0205aa3194d3f998e2cbe4a5f97338cd25882ffc1c93457ef24,24d4cd7d49534ec374f60148b884a8117fa5a38f42ec99d01a9872b95a523406,ba16272793948561976d26f2a3a56a0259805100b2f5f3dc9a725db90fce8373,3b87e7677c1ebbe202b87bca4fd3935bf6767d28ef1a46a3d03d1aa3fb9b64d8,2e1ef591d847853c5521869307700060d3aaea7263b65de8f275fb80c7873697,eeb4c718aff7465f224ee0e3e7055ba2db8b5396931da632b5e56699773522ad,72270afec74dea79759a3fcb3ba0d261c66949293ede6523ebaf0c81c1051809
n15_f3_s2026_rP,15,3,2026,P,True,False,92,112,0.04550762843853104,0.041545303681145895,0.26733559484583586,2400,0,0,0,True,d26eb8181865d270542f70c04b19b84e645df0aa3d0d1121a0a1a0d88af917d4,5a1d723635e5cbac7f88c6d08eb0e3190ef6d5900db6bc8f93c2d12a6b442d5c,12.82299017906189,92f3b38205c05500cfa9761cc4d26aae3db24d40ce8352199ded2e0b1974c3b5,ece16abf335b36a0b316ae98f68d9cafdabb7880802a13762068168e778e510f,ba16272793948561976d26f2a3a56a0259805100b2f5f3dc9a725db90fce8373,3b87e7677c1ebbe202b87bca4fd3935bf6767d28ef1a46a3d03d1aa3fb9b64d8,2e1ef591d847853c5521869307700060d3aaea7263b65de8f275fb80c7873697,eeb4c718aff7465f224ee0e3e7055ba2db8b5396931da632b5e56699773522ad,72270afec74dea79759a3fcb3ba0d261c66949293ede6523ebaf0c81c1051809
n15_f3_s2026_rQ,15,3,2026,Q,True,False,70,90,0.012246575660818711,0.011216197380495884,0.27320320450494273,2400,0,0,0,True,d26eb8181865d270542f70c04b19b84e645df0aa3d0d1121a0a1a0d88af917d4,1123f05a25685c007e17147dc4516316a9412a0f4a9d1558ec590a0338cc2418,11.410463094711304,92f3b38205c05500cfa9761cc4d26aae3db24d40ce8352199ded2e0b1974c3b5,ece16abf335b36a0b316ae98f68d9cafdabb7880802a13762068168e778e510f,ba16272793948561976d26f2a3a56a0259805100b2f5f3dc9a725db90fce8373,3b87e7677c1ebbe202b87bca4fd3935bf6767d28ef1a46a3d03d1aa3fb9b64d8,2e1ef591d847853c5521869307700060d3aaea7263b65de8f275fb80c7873697,eeb4c718aff7465f224ee0e3e7055ba2db8b5396931da632b5e56699773522ad,72270afec74dea79759a3fcb3ba0d261c66949293ede6523ebaf0c81c1051809
n15_f3_s3407_rP,15,3,3407,P,True,False,81,101,0.04558121556059472,0.04295053293858745,0.26379211489078613,2400,0,0,0,True,d26eb8181865d270542f70c04b19b84e645df0aa3d0d1121a0a1a0d88af917d4,dc5a37f2dadd1f1bfc12fe92db7c0690d509a9622d6e5f49ae01a384445cd9a7,11.776456832885742,b4bf71f3d812da4ca4b970dc45856419db45e62b4b1271968deb8b4e7d9591a5,d8cd616900d854408341df6d0017855a883ca7f1391e08f44452ad7b34dd2780,ba16272793948561976d26f2a3a56a0259805100b2f5f3dc9a725db90fce8373,3b87e7677c1ebbe202b87bca4fd3935bf6767d28ef1a46a3d03d1aa3fb9b64d8,2e1ef591d847853c5521869307700060d3aaea7263b65de8f275fb80c7873697,eeb4c718aff7465f224ee0e3e7055ba2db8b5396931da632b5e56699773522ad,72270afec74dea79759a3fcb3ba0d261c66949293ede6523ebaf0c81c1051809
n15_f3_s3407_rQ,15,3,3407,Q,True,False,132,152,0.012051761081753641,0.010858165525684157,0.2990629984106614,2400,0,0,0,True,d26eb8181865d270542f70c04b19b84e645df0aa3d0d1121a0a1a0d88af917d4,6a694e4e836f6a72cdd08ffd2f8bde7a7b9c51e699373f515d0e702fe043f6de,18.81807541847229,b4bf71f3d812da4ca4b970dc45856419db45e62b4b1271968deb8b4e7d9591a5,d8cd616900d854408341df6d0017855a883ca7f1391e08f44452ad7b34dd2780,ba16272793948561976d26f2a3a56a0259805100b2f5f3dc9a725db90fce8373,3b87e7677c1ebbe202b87bca4fd3935bf6767d28ef1a46a3d03d1aa3fb9b64d8,2e1ef591d847853c5521869307700060d3aaea7263b65de8f275fb80c7873697,eeb4c718aff7465f224ee0e3e7055ba2db8b5396931da632b5e56699773522ad,72270afec74dea79759a3fcb3ba0d261c66949293ede6523ebaf0c81c1051809
n15_f4_s42_rP,15,4,42,P,True,False,79,99,0.04155819786736425,0.04120449454599203,0.13118299436453698,2400,0,0,0,True,2b39b7627c73af7cdf141d012ac3edcba5f4928c1776e08df3215cf3561ed92b,47d4abbdae57ff409021e3a77f3b7ac379ef5c24ee96480acd61f15a388d103c,11.3575918674469,982df4d8c8a4a0205aa3194d3f998e2cbe4a5f97338cd25882ffc1c93457ef24,24d4cd7d49534ec374f60148b884a8117fa5a38f42ec99d01a9872b95a523406,ba16272793948561976d26f2a3a56a0259805100b2f5f3dc9a725db90fce8373,9df22b2d7b5671e4bc383bdd7e85e67939f15bece709713a1e31536cd5da0f8f,f1c71d0ea52f91f3fb45032cdc790a8ca0ce6379002dfa6ff8e51c747e9f8933,66530c8160208100b367db981b4124879fb16bbd2fa4b3c52b03e5a85864d12e,1563a2748b0394357c0c65cad9a8e22c65c6d6664a42ec6a868207460913e89d
n15_f4_s42_rQ,15,4,42,Q,True,False,51,71,0.021612639953955324,0.02173613905980386,0.09629015617972007,2400,0,0,0,True,2b39b7627c73af7cdf141d012ac3edcba5f4928c1776e08df3215cf3561ed92b,918a7c410232a25ffb198efb0afdcc0cf846de979122f757d2b3a7903ad3cc3c,8.181736707687378,982df4d8c8a4a0205aa3194d3f998e2cbe4a5f97338cd25882ffc1c93457ef24,24d4cd7d49534ec374f60148b884a8117fa5a38f42ec99d01a9872b95a523406,ba16272793948561976d26f2a3a56a0259805100b2f5f3dc9a725db90fce8373,9df22b2d7b5671e4bc383bdd7e85e67939f15bece709713a1e31536cd5da0f8f,f1c71d0ea52f91f3fb45032cdc790a8ca0ce6379002dfa6ff8e51c747e9f8933,66530c8160208100b367db981b4124879fb16bbd2fa4b3c52b03e5a85864d12e,1563a2748b0394357c0c65cad9a8e22c65c6d6664a42ec6a868207460913e89d
n15_f4_s2026_rP,15,4,2026,P,True,False,78,98,0.04175633050989225,0.04238217373889499,0.1175850528185671,2400,0,0,0,True,2b39b7627c73af7cdf141d012ac3edcba5f4928c1776e08df3215cf3561ed92b,06e0a344c462bb2b4c178a7f3a23407aa4401f001de470a70b3d196c025d6bba,11.82322883605957,92f3b38205c05500cfa9761cc4d26aae3db24d40ce8352199ded2e0b1974c3b5,ece16abf335b36a0b316ae98f68d9cafdabb7880802a13762068168e778e510f,ba16272793948561976d26f2a3a56a0259805100b2f5f3dc9a725db90fce8373,9df22b2d7b5671e4bc383bdd7e85e67939f15bece709713a1e31536cd5da0f8f,f1c71d0ea52f91f3fb45032cdc790a8ca0ce6379002dfa6ff8e51c747e9f8933,66530c8160208100b367db981b4124879fb16bbd2fa4b3c52b03e5a85864d12e,1563a2748b0394357c0c65cad9a8e22c65c6d6664a42ec6a868207460913e89d
n15_f4_s2026_rQ,15,4,2026,Q,True,False,67,87,0.021357508273431428,0.021628361486320552,0.11160499937467658,2400,0,0,0,True,2b39b7627c73af7cdf141d012ac3edcba5f4928c1776e08df3215cf3561ed92b,da376d4e63512c0ba2b4533b5e4d0fc1889f9e3a35e4a865c82dd99ac7dbac0c,10.262495756149292,92f3b38205c05500cfa9761cc4d26aae3db24d40ce8352199ded2e0b1974c3b5,ece16abf335b36a0b316ae98f68d9cafdabb7880802a13762068168e778e510f,ba16272793948561976d26f2a3a56a0259805100b2f5f3dc9a725db90fce8373,9df22b2d7b5671e4bc383bdd7e85e67939f15bece709713a1e31536cd5da0f8f,f1c71d0ea52f91f3fb45032cdc790a8ca0ce6379002dfa6ff8e51c747e9f8933,66530c8160208100b367db981b4124879fb16bbd2fa4b3c52b03e5a85864d12e,1563a2748b0394357c0c65cad9a8e22c65c6d6664a42ec6a868207460913e89d
n15_f4_s3407_rP,15,4,3407,P,True,False,80,100,0.04144525773547853,0.042659716484148354,0.18223899834512852,2400,0,0,0,True,2b39b7627c73af7cdf141d012ac3edcba5f4928c1776e08df3215cf3561ed92b,dc4302ec05db624ec273031e5458c0231d1f7279262c9256f3361ce646ef6c4d,12.182255983352661,b4bf71f3d812da4ca4b970dc45856419db45e62b4b1271968deb8b4e7d9591a5,d8cd616900d854408341df6d0017855a883ca7f1391e08f44452ad7b34dd2780,ba16272793948561976d26f2a3a56a0259805100b2f5f3dc9a725db90fce8373,9df22b2d7b5671e4bc383bdd7e85e67939f15bece709713a1e31536cd5da0f8f,f1c71d0ea52f91f3fb45032cdc790a8ca0ce6379002dfa6ff8e51c747e9f8933,66530c8160208100b367db981b4124879fb16bbd2fa4b3c52b03e5a85864d12e,1563a2748b0394357c0c65cad9a8e22c65c6d6664a42ec6a868207460913e89d
n15_f4_s3407_rQ,15,4,3407,Q,True,False,46,66,0.021332853677362634,0.021511737295738412,0.09923642851128926,2400,0,0,0,True,2b39b7627c73af7cdf141d012ac3edcba5f4928c1776e08df3215cf3561ed92b,183fd7b15f29425ea9d50f9095a02b79e4514b1eed533f1e33c746145798a6f7,8.152904510498047,b4bf71f3d812da4ca4b970dc45856419db45e62b4b1271968deb8b4e7d9591a5,d8cd616900d854408341df6d0017855a883ca7f1391e08f44452ad7b34dd2780,ba16272793948561976d26f2a3a56a0259805100b2f5f3dc9a725db90fce8373,9df22b2d7b5671e4bc383bdd7e85e67939f15bece709713a1e31536cd5da0f8f,f1c71d0ea52f91f3fb45032cdc790a8ca0ce6379002dfa6ff8e51c747e9f8933,66530c8160208100b367db981b4124879fb16bbd2fa4b3c52b03e5a85864d12e,1563a2748b0394357c0c65cad9a8e22c65c6d6664a42ec6a868207460913e89d
n15_f5_s42_rP,15,5,42,P,True,False,77,97,0.03792169762219803,0.041420440612831684,0.10773504360021062,2400,0,0,0,True,a2c5015e504a6c8e86a46bb1068c02223f59c72dd06624a03a923a7a6cb72cf9,5b8b0bc1ee02df9ea863c51938627542e719a2e0a1a241d129af42c881ac4f9e,11.032023906707764,982df4d8c8a4a0205aa3194d3f998e2cbe4a5f97338cd25882ffc1c93457ef24,24d4cd7d49534ec374f60148b884a8117fa5a38f42ec99d01a9872b95a523406,ba16272793948561976d26f2a3a56a0259805100b2f5f3dc9a725db90fce8373,4b88c21e55985e2aea0e62407e8a5e844253992da2965f61a78194414e35947f,797aa1876a30f4bd3a854eb9e84cf7e0d8d65f0c44e3e67127eae370c9093ecd,751c9a513625465c10153281657365de3b43387a465b39b187e3a98507e029b3,c068661e72aa73ede663ce14b9701541e513f824c666f39bff9f8d2bb9aa4740
n15_f5_s42_rQ,15,5,42,Q,True,False,106,126,0.01810612794919165,0.019983314500668734,0.11857616133971248,2400,0,0,0,True,a2c5015e504a6c8e86a46bb1068c02223f59c72dd06624a03a923a7a6cb72cf9,92d2494fcb9a42d85f4a1bdd261212990f326503bd47919d7538bebc09860c64,14.948609113693237,982df4d8c8a4a0205aa3194d3f998e2cbe4a5f97338cd25882ffc1c93457ef24,24d4cd7d49534ec374f60148b884a8117fa5a38f42ec99d01a9872b95a523406,ba16272793948561976d26f2a3a56a0259805100b2f5f3dc9a725db90fce8373,4b88c21e55985e2aea0e62407e8a5e844253992da2965f61a78194414e35947f,797aa1876a30f4bd3a854eb9e84cf7e0d8d65f0c44e3e67127eae370c9093ecd,751c9a513625465c10153281657365de3b43387a465b39b187e3a98507e029b3,c068661e72aa73ede663ce14b9701541e513f824c666f39bff9f8d2bb9aa4740
n15_f5_s2026_rP,15,5,2026,P,True,False,100,120,0.03723945932094785,0.04160317405595679,0.12077682798234216,2400,0,0,0,True,a2c5015e504a6c8e86a46bb1068c02223f59c72dd06624a03a923a7a6cb72cf9,4b6dbe535c265309f97643a4e20ff753033a631abf9d113a03e81de728226512,13.602046012878418,92f3b38205c05500cfa9761cc4d26aae3db24d40ce8352199ded2e0b1974c3b5,ece16abf335b36a0b316ae98f68d9cafdabb7880802a13762068168e778e510f,ba16272793948561976d26f2a3a56a0259805100b2f5f3dc9a725db90fce8373,4b88c21e55985e2aea0e62407e8a5e844253992da2965f61a78194414e35947f,797aa1876a30f4bd3a854eb9e84cf7e0d8d65f0c44e3e67127eae370c9093ecd,751c9a513625465c10153281657365de3b43387a465b39b187e3a98507e029b3,c068661e72aa73ede663ce14b9701541e513f824c666f39bff9f8d2bb9aa4740
n15_f5_s2026_rQ,15,5,2026,Q,True,False,62,82,0.01878574669836958,0.021387748133816106,0.11331802274724201,2400,0,0,0,True,a2c5015e504a6c8e86a46bb1068c02223f59c72dd06624a03a923a7a6cb72cf9,5f6d886cc81072e7842084ae6fe333cf87a71ae0983fb9bf3a65d57453ccb3ef,9.584394693374634,92f3b38205c05500cfa9761cc4d26aae3db24d40ce8352199ded2e0b1974c3b5,ece16abf335b36a0b316ae98f68d9cafdabb7880802a13762068168e778e510f,ba16272793948561976d26f2a3a56a0259805100b2f5f3dc9a725db90fce8373,4b88c21e55985e2aea0e62407e8a5e844253992da2965f61a78194414e35947f,797aa1876a30f4bd3a854eb9e84cf7e0d8d65f0c44e3e67127eae370c9093ecd,751c9a513625465c10153281657365de3b43387a465b39b187e3a98507e029b3,c068661e72aa73ede663ce14b9701541e513f824c666f39bff9f8d2bb9aa4740
n15_f5_s3407_rP,15,5,3407,P,True,False,61,81,0.037949886331117746,0.04242211117288421,0.11277096954393458,2400,0,0,0,True,a2c5015e504a6c8e86a46bb1068c02223f59c72dd06624a03a923a7a6cb72cf9,d9ebd4b8a06d62444ed0addae38d1c13149501e85bbad3f0c7dc1f36de23689c,9.636738300323486,b4bf71f3d812da4ca4b970dc45856419db45e62b4b1271968deb8b4e7d9591a5,d8cd616900d854408341df6d0017855a883ca7f1391e08f44452ad7b34dd2780,ba16272793948561976d26f2a3a56a0259805100b2f5f3dc9a725db90fce8373,4b88c21e55985e2aea0e62407e8a5e844253992da2965f61a78194414e35947f,797aa1876a30f4bd3a854eb9e84cf7e0d8d65f0c44e3e67127eae370c9093ecd,751c9a513625465c10153281657365de3b43387a465b39b187e3a98507e029b3,c068661e72aa73ede663ce14b9701541e513f824c666f39bff9f8d2bb9aa4740
n15_f5_s3407_rQ,15,5,3407,Q,True,False,89,109,0.018116525703200378,0.01978548307838019,0.11953786293011875,2400,0,0,0,True,a2c5015e504a6c8e86a46bb1068c02223f59c72dd06624a03a923a7a6cb72cf9,4b028355e76a1f769ad6ed0742a7c331b41a64d0b34f1fc80244d6a92dcf4f4a,12.672488689422607,b4bf71f3d812da4ca4b970dc45856419db45e62b4b1271968deb8b4e7d9591a5,d8cd616900d854408341df6d0017855a883ca7f1391e08f44452ad7b34dd2780,ba16272793948561976d26f2a3a56a0259805100b2f5f3dc9a725db90fce8373,4b88c21e55985e2aea0e62407e8a5e844253992da2965f61a78194414e35947f,797aa1876a30f4bd3a854eb9e84cf7e0d8d65f0c44e3e67127eae370c9093ecd,751c9a513625465c10153281657365de3b43387a465b39b187e3a98507e029b3,c068661e72aa73ede663ce14b9701541e513f824c666f39bff9f8d2bb9aa4740
n20_f1_s42_rP,20,1,42,P,True,False,102,122,0.02859567009596483,0.030038043196710194,0.1014501967474417,2400,0,0,0,True,de210dd5934f9af2e9f2a3926f99bce657ae32a6abf7455632f8a08c1948d789,9a586d1125f9ae4f30ae2b330f132bdcf22a415c235f21dd4684b36d25de0ef0,15.21339225769043,27df551ab9aec5a27ef6b784aadaeba2f9de5b4621119155f5ed799814485ef3,24d4cd7d49534ec374f60148b884a8117fa5a38f42ec99d01a9872b95a523406,2732b8c31b45771b7cc2a4bda96ef166f4a37d1d05632718def2049e5b436d6b,fb71bc80a6131e19db2aa7eca78a7e16246ec8218707fbe68c0643b09ef24fd2,95f2c9d3bf9c2599ba7f8c360ad9f3bbbbe8772ba335657e61221b5b39527c87,dbc5552ec6513daf03c80b6c093f424881d471569b75b9903f3ad23ad12907d0,af3662a8a2eac97bb7a13395dff7176e8d90ca78c8a8c59873382a46337aa0f9
n20_f1_s42_rQ,20,1,42,Q,True,False,99,119,0.015177003461893886,0.016196714075640283,0.0881833645438746,2400,0,0,0,True,de210dd5934f9af2e9f2a3926f99bce657ae32a6abf7455632f8a08c1948d789,a042484394fb613fd1e2fb29fbc8eae024a79d342b49931bb631437ce58d42c2,13.858462572097778,27df551ab9aec5a27ef6b784aadaeba2f9de5b4621119155f5ed799814485ef3,24d4cd7d49534ec374f60148b884a8117fa5a38f42ec99d01a9872b95a523406,2732b8c31b45771b7cc2a4bda96ef166f4a37d1d05632718def2049e5b436d6b,fb71bc80a6131e19db2aa7eca78a7e16246ec8218707fbe68c0643b09ef24fd2,95f2c9d3bf9c2599ba7f8c360ad9f3bbbbe8772ba335657e61221b5b39527c87,dbc5552ec6513daf03c80b6c093f424881d471569b75b9903f3ad23ad12907d0,af3662a8a2eac97bb7a13395dff7176e8d90ca78c8a8c59873382a46337aa0f9
n20_f1_s2026_rP,20,1,2026,P,True,False,172,192,0.028378802684683062,0.030588198866594824,0.09381559291328158,2400,0,0,0,True,de210dd5934f9af2e9f2a3926f99bce657ae32a6abf7455632f8a08c1948d789,785300d130c955ea31f42352c175e3e234c0091ffcb9c22a8415c773be043202,23.527698040008545,16dee06f6b4a7f563bc4fe32a76857afc1bd568fe47a25d46c999a701c4df148,ece16abf335b36a0b316ae98f68d9cafdabb7880802a13762068168e778e510f,2732b8c31b45771b7cc2a4bda96ef166f4a37d1d05632718def2049e5b436d6b,fb71bc80a6131e19db2aa7eca78a7e16246ec8218707fbe68c0643b09ef24fd2,95f2c9d3bf9c2599ba7f8c360ad9f3bbbbe8772ba335657e61221b5b39527c87,dbc5552ec6513daf03c80b6c093f424881d471569b75b9903f3ad23ad12907d0,af3662a8a2eac97bb7a13395dff7176e8d90ca78c8a8c59873382a46337aa0f9
n20_f1_s2026_rQ,20,1,2026,Q,True,False,110,130,0.015194726465136145,0.015306769429744602,0.08850057191312638,2400,0,0,0,True,de210dd5934f9af2e9f2a3926f99bce657ae32a6abf7455632f8a08c1948d789,f9d9130843664818bfdd06054bc287ebb0dedd77f01ba8f413444211eaa764d9,15.299304008483887,16dee06f6b4a7f563bc4fe32a76857afc1bd568fe47a25d46c999a701c4df148,ece16abf335b36a0b316ae98f68d9cafdabb7880802a13762068168e778e510f,2732b8c31b45771b7cc2a4bda96ef166f4a37d1d05632718def2049e5b436d6b,fb71bc80a6131e19db2aa7eca78a7e16246ec8218707fbe68c0643b09ef24fd2,95f2c9d3bf9c2599ba7f8c360ad9f3bbbbe8772ba335657e61221b5b39527c87,dbc5552ec6513daf03c80b6c093f424881d471569b75b9903f3ad23ad12907d0,af3662a8a2eac97bb7a13395dff7176e8d90ca78c8a8c59873382a46337aa0f9
n20_f1_s3407_rP,20,1,3407,P,True,False,122,142,0.028334409045921553,0.029899655733460224,0.09658530443484228,2400,0,0,0,True,de210dd5934f9af2e9f2a3926f99bce657ae32a6abf7455632f8a08c1948d789,d290a3c28e3bafbdb092452569dcb017b64da2bd68244edc914da405db665cbf,17.54417371749878,ef4c057235cc798d3a1471842b4937191b3c31598f82388a14e4ea0016df3862,d8cd616900d854408341df6d0017855a883ca7f1391e08f44452ad7b34dd2780,2732b8c31b45771b7cc2a4bda96ef166f4a37d1d05632718def2049e5b436d6b,fb71bc80a6131e19db2aa7eca78a7e16246ec8218707fbe68c0643b09ef24fd2,95f2c9d3bf9c2599ba7f8c360ad9f3bbbbe8772ba335657e61221b5b39527c87,dbc5552ec6513daf03c80b6c093f424881d471569b75b9903f3ad23ad12907d0,af3662a8a2eac97bb7a13395dff7176e8d90ca78c8a8c59873382a46337aa0f9
n20_f1_s3407_rQ,20,1,3407,Q,True,False,99,119,0.01521417728641721,0.015383524222062428,0.08851293479580999,2400,0,0,0,True,de210dd5934f9af2e9f2a3926f99bce657ae32a6abf7455632f8a08c1948d789,dca4f93bb3aaef7981e6a775ec657f84df0772d7c825bb48d50b201d57184afd,14.318855047225952,ef4c057235cc798d3a1471842b4937191b3c31598f82388a14e4ea0016df3862,d8cd616900d854408341df6d0017855a883ca7f1391e08f44452ad7b34dd2780,2732b8c31b45771b7cc2a4bda96ef166f4a37d1d05632718def2049e5b436d6b,fb71bc80a6131e19db2aa7eca78a7e16246ec8218707fbe68c0643b09ef24fd2,95f2c9d3bf9c2599ba7f8c360ad9f3bbbbe8772ba335657e61221b5b39527c87,dbc5552ec6513daf03c80b6c093f424881d471569b75b9903f3ad23ad12907d0,af3662a8a2eac97bb7a13395dff7176e8d90ca78c8a8c59873382a46337aa0f9
n20_f2_s42_rP,20,2,42,P,True,False,87,107,0.030099713305855057,0.031346022158851815,0.11815589384193674,2400,0,0,0,True,fe6406373961dea957c895d358b9b6b59a3d6cd363a86bafa092e9f8fc17e625,6d2e0c6dc6f81b226ab47187f5c1a04b9d50c41e4d7d4f363e3ee60a98fe8e44,12.5493803024292,27df551ab9aec5a27ef6b784aadaeba2f9de5b4621119155f5ed799814485ef3,24d4cd7d49534ec374f60148b884a8117fa5a38f42ec99d01a9872b95a523406,2732b8c31b45771b7cc2a4bda96ef166f4a37d1d05632718def2049e5b436d6b,7b8ed8446aea3ea0e80d34084a3a2dae2d36e7ada11fde4859df7bdbd63f10d8,83f88d079603f513b9cdf0df5ab3d3f7b82a5fc625dd1a72bfa61b509205159f,caf4f3fe176951b776f4b68790967d1500cacdd57d11065912abfcb12fa61fe1,8e2523bd816d2e433a225feda84d8b0e81af471659404cedf044199d5482a894
n20_f2_s42_rQ,20,2,42,Q,True,False,136,156,0.014051038215530144,0.013235001814745868,0.14395227740324312,2400,0,0,0,True,fe6406373961dea957c895d358b9b6b59a3d6cd363a86bafa092e9f8fc17e625,6bcd81dcadda77068678c6c7c030a2491fe7fcaba18723bd844a50d6208f624d,19.642229557037354,27df551ab9aec5a27ef6b784aadaeba2f9de5b4621119155f5ed799814485ef3,24d4cd7d49534ec374f60148b884a8117fa5a38f42ec99d01a9872b95a523406,2732b8c31b45771b7cc2a4bda96ef166f4a37d1d05632718def2049e5b436d6b,7b8ed8446aea3ea0e80d34084a3a2dae2d36e7ada11fde4859df7bdbd63f10d8,83f88d079603f513b9cdf0df5ab3d3f7b82a5fc625dd1a72bfa61b509205159f,caf4f3fe176951b776f4b68790967d1500cacdd57d11065912abfcb12fa61fe1,8e2523bd816d2e433a225feda84d8b0e81af471659404cedf044199d5482a894
n20_f2_s2026_rP,20,2,2026,P,True,False,115,135,0.0290082230240957,0.029362450055007976,0.13605222854539017,2400,0,0,0,True,fe6406373961dea957c895d358b9b6b59a3d6cd363a86bafa092e9f8fc17e625,3ec0becc30543097facbaf970266e536617c227efa4ffd025e13710da81cc621,15.49132251739502,16dee06f6b4a7f563bc4fe32a76857afc1bd568fe47a25d46c999a701c4df148,ece16abf335b36a0b316ae98f68d9cafdabb7880802a13762068168e778e510f,2732b8c31b45771b7cc2a4bda96ef166f4a37d1d05632718def2049e5b436d6b,7b8ed8446aea3ea0e80d34084a3a2dae2d36e7ada11fde4859df7bdbd63f10d8,83f88d079603f513b9cdf0df5ab3d3f7b82a5fc625dd1a72bfa61b509205159f,caf4f3fe176951b776f4b68790967d1500cacdd57d11065912abfcb12fa61fe1,8e2523bd816d2e433a225feda84d8b0e81af471659404cedf044199d5482a894
n20_f2_s2026_rQ,20,2,2026,Q,True,False,108,128,0.014162528664550367,0.013237431960035715,0.14452505334979268,2400,0,0,0,True,fe6406373961dea957c895d358b9b6b59a3d6cd363a86bafa092e9f8fc17e625,7c30abb4ef413f56b6ea06fd17c4391587fcda967a7032f098423eda46a4baf0,15.716121912002563,16dee06f6b4a7f563bc4fe32a76857afc1bd568fe47a25d46c999a701c4df148,ece16abf335b36a0b316ae98f68d9cafdabb7880802a13762068168e778e510f,2732b8c31b45771b7cc2a4bda96ef166f4a37d1d05632718def2049e5b436d6b,7b8ed8446aea3ea0e80d34084a3a2dae2d36e7ada11fde4859df7bdbd63f10d8,83f88d079603f513b9cdf0df5ab3d3f7b82a5fc625dd1a72bfa61b509205159f,caf4f3fe176951b776f4b68790967d1500cacdd57d11065912abfcb12fa61fe1,8e2523bd816d2e433a225feda84d8b0e81af471659404cedf044199d5482a894
n20_f2_s3407_rP,20,2,3407,P,True,False,131,151,0.02908994579352731,0.029487217347959924,0.12023016009296542,2400,0,0,0,True,fe6406373961dea957c895d358b9b6b59a3d6cd363a86bafa092e9f8fc17e625,9675fb42985664ee42fe394186d5496f135610f0e9528f5a5065d653c891c32a,17.342508554458618,ef4c057235cc798d3a1471842b4937191b3c31598f82388a14e4ea0016df3862,d8cd616900d854408341df6d0017855a883ca7f1391e08f44452ad7b34dd2780,2732b8c31b45771b7cc2a4bda96ef166f4a37d1d05632718def2049e5b436d6b,7b8ed8446aea3ea0e80d34084a3a2dae2d36e7ada11fde4859df7bdbd63f10d8,83f88d079603f513b9cdf0df5ab3d3f7b82a5fc625dd1a72bfa61b509205159f,caf4f3fe176951b776f4b68790967d1500cacdd57d11065912abfcb12fa61fe1,8e2523bd816d2e433a225feda84d8b0e81af471659404cedf044199d5482a894
n20_f2_s3407_rQ,20,2,3407,Q,True,False,54,74,0.014201451084958615,0.013554638558147303,0.143476058253789,2400,0,0,0,True,fe6406373961dea957c895d358b9b6b59a3d6cd363a86bafa092e9f8fc17e625,fc991fd32eefdc2e2144b1a9b96ea2ea9233bc04096b8ec559d1874d2fc4d955,9.060601472854614,ef4c057235cc798d3a1471842b4937191b3c31598f82388a14e4ea0016df3862,d8cd616900d854408341df6d0017855a883ca7f1391e08f44452ad7b34dd2780,2732b8c31b45771b7cc2a4bda96ef166f4a37d1d05632718def2049e5b436d6b,7b8ed8446aea3ea0e80d34084a3a2dae2d36e7ada11fde4859df7bdbd63f10d8,83f88d079603f513b9cdf0df5ab3d3f7b82a5fc625dd1a72bfa61b509205159f,caf4f3fe176951b776f4b68790967d1500cacdd57d11065912abfcb12fa61fe1,8e2523bd816d2e433a225feda84d8b0e81af471659404cedf044199d5482a894
n20_f3_s42_rP,20,3,42,P,True,False,134,154,0.03093400343431221,0.03059627758380125,0.15631938110511676,2400,0,0,0,True,786ad49a11acdba2bc227dd5b53deeff401cabae509fa514734cf181dc9ba2a7,d6607d365fca3319456b3bfc6feee75fc095ddf5f58fddd73a5c1494b37dcf5f,18.279875993728638,27df551ab9aec5a27ef6b784aadaeba2f9de5b4621119155f5ed799814485ef3,24d4cd7d49534ec374f60148b884a8117fa5a38f42ec99d01a9872b95a523406,2732b8c31b45771b7cc2a4bda96ef166f4a37d1d05632718def2049e5b436d6b,af136cce787e779e74d51e40f263de02ec61b36410d01077030304193cf97226,2a0c85b4646c59c199c167288c5255d49d1beee09d67a4d66725b7ef5bab05e1,e98fe4ef44d05ac29774d60360f562180824d71491d4fbf622448705cd73bf6d,3e1e39dee6a58a90e1476a251292c52b98e401a3c13455aedef2345bc644597e
n20_f3_s42_rQ,20,3,42,Q,True,False,66,86,0.010512051803108687,0.009618317245293792,0.20373329619997885,2400,0,0,0,True,786ad49a11acdba2bc227dd5b53deeff401cabae509fa514734cf181dc9ba2a7,f51c8ef122d3280831af6e60355de013c86ac7b9715e84639d9e545890c1834e,10.220350742340088,27df551ab9aec5a27ef6b784aadaeba2f9de5b4621119155f5ed799814485ef3,24d4cd7d49534ec374f60148b884a8117fa5a38f42ec99d01a9872b95a523406,2732b8c31b45771b7cc2a4bda96ef166f4a37d1d05632718def2049e5b436d6b,af136cce787e779e74d51e40f263de02ec61b36410d01077030304193cf97226,2a0c85b4646c59c199c167288c5255d49d1beee09d67a4d66725b7ef5bab05e1,e98fe4ef44d05ac29774d60360f562180824d71491d4fbf622448705cd73bf6d,3e1e39dee6a58a90e1476a251292c52b98e401a3c13455aedef2345bc644597e
n20_f3_s2026_rP,20,3,2026,P,True,False,128,148,0.03135448187178042,0.03033922459092962,0.154785489152721,2400,0,0,0,True,786ad49a11acdba2bc227dd5b53deeff401cabae509fa514734cf181dc9ba2a7,a897ecd859bea88d9c47cd06754b912f91d84952b6dfe7074a17d8883ddbcf2d,17.888854503631592,16dee06f6b4a7f563bc4fe32a76857afc1bd568fe47a25d46c999a701c4df148,ece16abf335b36a0b316ae98f68d9cafdabb7880802a13762068168e778e510f,2732b8c31b45771b7cc2a4bda96ef166f4a37d1d05632718def2049e5b436d6b,af136cce787e779e74d51e40f263de02ec61b36410d01077030304193cf97226,2a0c85b4646c59c199c167288c5255d49d1beee09d67a4d66725b7ef5bab05e1,e98fe4ef44d05ac29774d60360f562180824d71491d4fbf622448705cd73bf6d,3e1e39dee6a58a90e1476a251292c52b98e401a3c13455aedef2345bc644597e
n20_f3_s2026_rQ,20,3,2026,Q,True,False,120,140,0.010259457263479866,0.009189289258166958,0.20043287244385605,2400,0,0,0,True,786ad49a11acdba2bc227dd5b53deeff401cabae509fa514734cf181dc9ba2a7,33e3ae2be15b52881c7d52bd0c0bd7fa0aff2a68af53c79ce9187c3796105066,16.5584237575531,16dee06f6b4a7f563bc4fe32a76857afc1bd568fe47a25d46c999a701c4df148,ece16abf335b36a0b316ae98f68d9cafdabb7880802a13762068168e778e510f,2732b8c31b45771b7cc2a4bda96ef166f4a37d1d05632718def2049e5b436d6b,af136cce787e779e74d51e40f263de02ec61b36410d01077030304193cf97226,2a0c85b4646c59c199c167288c5255d49d1beee09d67a4d66725b7ef5bab05e1,e98fe4ef44d05ac29774d60360f562180824d71491d4fbf622448705cd73bf6d,3e1e39dee6a58a90e1476a251292c52b98e401a3c13455aedef2345bc644597e
n20_f3_s3407_rP,20,3,3407,P,True,False,101,121,0.03141362404918925,0.03233126184913799,0.15327030877200856,2400,0,0,0,True,786ad49a11acdba2bc227dd5b53deeff401cabae509fa514734cf181dc9ba2a7,f697412485cc3315510e7058fe39a71aaac3848692ccbbe1516b908e95c0764f,15.22313404083252,ef4c057235cc798d3a1471842b4937191b3c31598f82388a14e4ea0016df3862,d8cd616900d854408341df6d0017855a883ca7f1391e08f44452ad7b34dd2780,2732b8c31b45771b7cc2a4bda96ef166f4a37d1d05632718def2049e5b436d6b,af136cce787e779e74d51e40f263de02ec61b36410d01077030304193cf97226,2a0c85b4646c59c199c167288c5255d49d1beee09d67a4d66725b7ef5bab05e1,e98fe4ef44d05ac29774d60360f562180824d71491d4fbf622448705cd73bf6d,3e1e39dee6a58a90e1476a251292c52b98e401a3c13455aedef2345bc644597e
n20_f3_s3407_rQ,20,3,3407,Q,True,False,139,159,0.010210831286837084,0.009310004442409096,0.20906871217296377,2400,0,0,0,True,786ad49a11acdba2bc227dd5b53deeff401cabae509fa514734cf181dc9ba2a7,b2e73dfc9ec4325a1addc438692996736bf6aad7ee78be7682e31398595e531e,18.766311407089233,ef4c057235cc798d3a1471842b4937191b3c31598f82388a14e4ea0016df3862,d8cd616900d854408341df6d0017855a883ca7f1391e08f44452ad7b34dd2780,2732b8c31b45771b7cc2a4bda96ef166f4a37d1d05632718def2049e5b436d6b,af136cce787e779e74d51e40f263de02ec61b36410d01077030304193cf97226,2a0c85b4646c59c199c167288c5255d49d1beee09d67a4d66725b7ef5bab05e1,e98fe4ef44d05ac29774d60360f562180824d71491d4fbf622448705cd73bf6d,3e1e39dee6a58a90e1476a251292c52b98e401a3c13455aedef2345bc644597e
n20_f4_s42_rP,20,4,42,P,True,False,63,83,0.0295188858970191,0.035269999438356174,0.2085211669607173,2400,0,0,0,True,487b782b33bc70de3d4c98eb70959186e42ca08f0563f928a41160892c5d4354,455cb356c97f8bd5789cd6d6a196f4804e0adabb7340f63fcc986fca21961d4b,9.821501016616821,27df551ab9aec5a27ef6b784aadaeba2f9de5b4621119155f5ed799814485ef3,24d4cd7d49534ec374f60148b884a8117fa5a38f42ec99d01a9872b95a523406,2732b8c31b45771b7cc2a4bda96ef166f4a37d1d05632718def2049e5b436d6b,a0f4fda66d07a74dae1732145283ac9faf10d5d71a3fcb7f0586507fa6febb19,0d88289350068ce3116b184aeb2f84fa05bb050f320880a311c892b1ca031106,9c5b7db2238a7d57e94331135fd5ca1ee515c51d8443ede09c64148a0f42b9f1,6a7bd54a67eaa6ea8ea25fd46c0271fc11445344e394fb4c7316efe3e88134d4
n20_f4_s42_rQ,20,4,42,Q,True,False,124,144,0.00923482970600171,0.008314055475311655,0.2531638991963009,2400,0,0,0,True,487b782b33bc70de3d4c98eb70959186e42ca08f0563f928a41160892c5d4354,4482e5a3577ca27e8b24084f47d004541b3b88f645f34f787ac04e6ab6a9152a,17.89330792427063,27df551ab9aec5a27ef6b784aadaeba2f9de5b4621119155f5ed799814485ef3,24d4cd7d49534ec374f60148b884a8117fa5a38f42ec99d01a9872b95a523406,2732b8c31b45771b7cc2a4bda96ef166f4a37d1d05632718def2049e5b436d6b,a0f4fda66d07a74dae1732145283ac9faf10d5d71a3fcb7f0586507fa6febb19,0d88289350068ce3116b184aeb2f84fa05bb050f320880a311c892b1ca031106,9c5b7db2238a7d57e94331135fd5ca1ee515c51d8443ede09c64148a0f42b9f1,6a7bd54a67eaa6ea8ea25fd46c0271fc11445344e394fb4c7316efe3e88134d4
n20_f4_s2026_rP,20,4,2026,P,True,False,89,109,0.029220861399049013,0.03114782028512759,0.22072848689907126,2400,0,0,0,True,487b782b33bc70de3d4c98eb70959186e42ca08f0563f928a41160892c5d4354,06319ef31038d21dbe1dd8c2f252f124031f8891772e774bf282e7b1402e7f88,12.60692811012268,16dee06f6b4a7f563bc4fe32a76857afc1bd568fe47a25d46c999a701c4df148,ece16abf335b36a0b316ae98f68d9cafdabb7880802a13762068168e778e510f,2732b8c31b45771b7cc2a4bda96ef166f4a37d1d05632718def2049e5b436d6b,a0f4fda66d07a74dae1732145283ac9faf10d5d71a3fcb7f0586507fa6febb19,0d88289350068ce3116b184aeb2f84fa05bb050f320880a311c892b1ca031106,9c5b7db2238a7d57e94331135fd5ca1ee515c51d8443ede09c64148a0f42b9f1,6a7bd54a67eaa6ea8ea25fd46c0271fc11445344e394fb4c7316efe3e88134d4
n20_f4_s2026_rQ,20,4,2026,Q,True,False,167,187,0.009141064989171159,0.00805433392434882,0.25286237771260567,2400,0,0,0,True,487b782b33bc70de3d4c98eb70959186e42ca08f0563f928a41160892c5d4354,69d04d21679af481a6e0b10ac9a4f0064732bdc678e184e6929de6ecfc5583d1,23.458076000213623,16dee06f6b4a7f563bc4fe32a76857afc1bd568fe47a25d46c999a701c4df148,ece16abf335b36a0b316ae98f68d9cafdabb7880802a13762068168e778e510f,2732b8c31b45771b7cc2a4bda96ef166f4a37d1d05632718def2049e5b436d6b,a0f4fda66d07a74dae1732145283ac9faf10d5d71a3fcb7f0586507fa6febb19,0d88289350068ce3116b184aeb2f84fa05bb050f320880a311c892b1ca031106,9c5b7db2238a7d57e94331135fd5ca1ee515c51d8443ede09c64148a0f42b9f1,6a7bd54a67eaa6ea8ea25fd46c0271fc11445344e394fb4c7316efe3e88134d4
n20_f4_s3407_rP,20,4,3407,P,True,False,64,84,0.029181989965171486,0.031910109919920576,0.211450739890447,2400,0,0,0,True,487b782b33bc70de3d4c98eb70959186e42ca08f0563f928a41160892c5d4354,ff37814dbdcfa6c66321e521f43d5de6d1cef07aa0976d4fb46308a30ef2d1f0,9.690955638885498,ef4c057235cc798d3a1471842b4937191b3c31598f82388a14e4ea0016df3862,d8cd616900d854408341df6d0017855a883ca7f1391e08f44452ad7b34dd2780,2732b8c31b45771b7cc2a4bda96ef166f4a37d1d05632718def2049e5b436d6b,a0f4fda66d07a74dae1732145283ac9faf10d5d71a3fcb7f0586507fa6febb19,0d88289350068ce3116b184aeb2f84fa05bb050f320880a311c892b1ca031106,9c5b7db2238a7d57e94331135fd5ca1ee515c51d8443ede09c64148a0f42b9f1,6a7bd54a67eaa6ea8ea25fd46c0271fc11445344e394fb4c7316efe3e88134d4
n20_f4_s3407_rQ,20,4,3407,Q,True,False,126,146,0.009206536360697102,0.008224460026032674,0.24705643515550244,2400,0,0,0,True,487b782b33bc70de3d4c98eb70959186e42ca08f0563f928a41160892c5d4354,98f1b80c32c9cb7a97f10877494e41730714f80912f9a583dfedb1659e84aa25,17.884681463241577,ef4c057235cc798d3a1471842b4937191b3c31598f82388a14e4ea0016df3862,d8cd616900d854408341df6d0017855a883ca7f1391e08f44452ad7b34dd2780,2732b8c31b45771b7cc2a4bda96ef166f4a37d1d05632718def2049e5b436d6b,a0f4fda66d07a74dae1732145283ac9faf10d5d71a3fcb7f0586507fa6febb19,0d88289350068ce3116b184aeb2f84fa05bb050f320880a311c892b1ca031106,9c5b7db2238a7d57e94331135fd5ca1ee515c51d8443ede09c64148a0f42b9f1,6a7bd54a67eaa6ea8ea25fd46c0271fc11445344e394fb4c7316efe3e88134d4
n20_f5_s42_rP,20,5,42,P,True,False,82,102,0.030235866728722267,0.031211126346895896,0.11203598516325118,2400,0,0,0,True,59e10a36ff28a4fdb432da29cd7d808f62da82c4b83d7ea5730c59615f7fc479,4f65ddf025b5ac287b48b76c6b76b8580546a47dccf9368e38961c03800535dc,12.478526830673218,27df551ab9aec5a27ef6b784aadaeba2f9de5b4621119155f5ed799814485ef3,24d4cd7d49534ec374f60148b884a8117fa5a38f42ec99d01a9872b95a523406,2732b8c31b45771b7cc2a4bda96ef166f4a37d1d05632718def2049e5b436d6b,c6e82bd0d2dfa4511de8be792544214e7d0cb43c407a1ebf5c17c4d87272e77c,3e5e771e8c088f04d5a0703c0339d31d57b90ac64d5485f9aa074662e788f1a5,d6d5ebd36efd814bef1f17da5f31200165a9942015982c41dfb3333768feb05e,434911c50ff84b61e288562a1cfb71ee41e511da6a5bce793c74236b38d7c4f2
n20_f5_s42_rQ,20,5,42,Q,True,False,73,93,0.015404163314366098,0.01596983389453581,0.0790406413512916,2400,0,0,0,True,59e10a36ff28a4fdb432da29cd7d808f62da82c4b83d7ea5730c59615f7fc479,e92742b136908ebbe387b10f9f6d060e23e5939c765e5c78fb4a276115a960e1,10.955834150314331,27df551ab9aec5a27ef6b784aadaeba2f9de5b4621119155f5ed799814485ef3,24d4cd7d49534ec374f60148b884a8117fa5a38f42ec99d01a9872b95a523406,2732b8c31b45771b7cc2a4bda96ef166f4a37d1d05632718def2049e5b436d6b,c6e82bd0d2dfa4511de8be792544214e7d0cb43c407a1ebf5c17c4d87272e77c,3e5e771e8c088f04d5a0703c0339d31d57b90ac64d5485f9aa074662e788f1a5,d6d5ebd36efd814bef1f17da5f31200165a9942015982c41dfb3333768feb05e,434911c50ff84b61e288562a1cfb71ee41e511da6a5bce793c74236b38d7c4f2
n20_f5_s2026_rP,20,5,2026,P,True,False,125,145,0.029978789353921172,0.030048126066943962,0.13465550273977062,2400,0,0,0,True,59e10a36ff28a4fdb432da29cd7d808f62da82c4b83d7ea5730c59615f7fc479,239bb51fc50031a3ecb0720785b9950cf74149de124897c17980cfccd7fa640f,16.29209280014038,16dee06f6b4a7f563bc4fe32a76857afc1bd568fe47a25d46c999a701c4df148,ece16abf335b36a0b316ae98f68d9cafdabb7880802a13762068168e778e510f,2732b8c31b45771b7cc2a4bda96ef166f4a37d1d05632718def2049e5b436d6b,c6e82bd0d2dfa4511de8be792544214e7d0cb43c407a1ebf5c17c4d87272e77c,3e5e771e8c088f04d5a0703c0339d31d57b90ac64d5485f9aa074662e788f1a5,d6d5ebd36efd814bef1f17da5f31200165a9942015982c41dfb3333768feb05e,434911c50ff84b61e288562a1cfb71ee41e511da6a5bce793c74236b38d7c4f2
n20_f5_s2026_rQ,20,5,2026,Q,True,False,40,60,0.015466410407460836,0.016128783691187556,0.06811784090127178,2400,0,0,0,True,59e10a36ff28a4fdb432da29cd7d808f62da82c4b83d7ea5730c59615f7fc479,baf9f494c0416a058b8f8c5380d434d6fdf8cb9d358a782776ac60d69360fbbb,7.217980623245239,16dee06f6b4a7f563bc4fe32a76857afc1bd568fe47a25d46c999a701c4df148,ece16abf335b36a0b316ae98f68d9cafdabb7880802a13762068168e778e510f,2732b8c31b45771b7cc2a4bda96ef166f4a37d1d05632718def2049e5b436d6b,c6e82bd0d2dfa4511de8be792544214e7d0cb43c407a1ebf5c17c4d87272e77c,3e5e771e8c088f04d5a0703c0339d31d57b90ac64d5485f9aa074662e788f1a5,d6d5ebd36efd814bef1f17da5f31200165a9942015982c41dfb3333768feb05e,434911c50ff84b61e288562a1cfb71ee41e511da6a5bce793c74236b38d7c4f2
n20_f5_s3407_rP,20,5,3407,P,True,False,77,97,0.030707488221192843,0.0323701279646826,0.09544892897341042,2400,0,0,0,True,59e10a36ff28a4fdb432da29cd7d808f62da82c4b83d7ea5730c59615f7fc479,74bafe3813c4436ad6aeea9b524a8347e4175146568ce6bbf463c20ab1ef45e6,12.25281572341919,ef4c057235cc798d3a1471842b4937191b3c31598f82388a14e4ea0016df3862,d8cd616900d854408341df6d0017855a883ca7f1391e08f44452ad7b34dd2780,2732b8c31b45771b7cc2a4bda96ef166f4a37d1d05632718def2049e5b436d6b,c6e82bd0d2dfa4511de8be792544214e7d0cb43c407a1ebf5c17c4d87272e77c,3e5e771e8c088f04d5a0703c0339d31d57b90ac64d5485f9aa074662e788f1a5,d6d5ebd36efd814bef1f17da5f31200165a9942015982c41dfb3333768feb05e,434911c50ff84b61e288562a1cfb71ee41e511da6a5bce793c74236b38d7c4f2
n20_f5_s3407_rQ,20,5,3407,Q,True,False,53,73,0.015468770760205836,0.01615506698693169,0.06798122291332073,2400,0,0,0,True,59e10a36ff28a4fdb432da29cd7d808f62da82c4b83d7ea5730c59615f7fc479,c2a7bad0e5a5fdc17dcf6e1950c17d0c60ad43376c52fda37b68343a786275be,8.650249481201172,ef4c057235cc798d3a1471842b4937191b3c31598f82388a14e4ea0016df3862,d8cd616900d854408341df6d0017855a883ca7f1391e08f44452ad7b34dd2780,2732b8c31b45771b7cc2a4bda96ef166f4a37d1d05632718def2049e5b436d6b,c6e82bd0d2dfa4511de8be792544214e7d0cb43c407a1ebf5c17c4d87272e77c,3e5e771e8c088f04d5a0703c0339d31d57b90ac64d5485f9aa074662e788f1a5,d6d5ebd36efd814bef1f17da5f31200165a9942015982c41dfb3333768feb05e,434911c50ff84b61e288562a1cfb71ee41e511da6a5bce793c74236b38d7c4f2
