beta_true,eta_true,gamma,sample_size,sim_id,est_beta,est_eta,est_gamma,bias_beta,bias_eta,bias_gamma,r_squared
1.5,200,1000,10,1,2.0,296.738492,926.91906,0.5,96.738492,-73.08094,0.946956
1.5,200,1000,10,2,2.0,330.228644,930.542447,0.5,130.228644,-69.457553,0.959056
1.5,200,1000,10,3,5.0,1182.231884,62.893702,3.5,982.231884,-937.106298,0.584061
1.5,200,1000,10,4,5.0,684.831498,608.879504,3.5,484.831498,-391.120496,0.857115
1.5,200,1000,10,5,5.078236,294.743464,878.729533,3.578236,94.743464,-121.270467,0.806478
1.5,200,1000,10,6,2.1,184.931683,963.165951,0.6,-15.068317,-36.834049,0.957214
1.5,200,1000,10,7,1.475471,253.800753,984.838721,-0.024529,53.800753,-15.161279,0.933766
1.5,200,1000,10,8,5.0,439.965137,729.427468,3.5,239.965137,-270.572532,0.773465
1.5,200,1000,10,9,5.0,662.825308,541.433838,3.5,462.825308,-458.566162,0.821441
1.5,200,1000,10,10,5.0,868.637756,395.755762,3.5,668.637756,-604.244238,0.687361
1.5,200,1000,10,11,1.341581,167.567017,995.539075,-0.158419,-32.432983,-4.460925,0.925239
1.5,200,1000,10,12,1.613755,300.981603,990.757014,0.113755,100.981603,-9.242986,0.940066
1.5,200,1000,10,13,1.40176,187.279689,979.111679,-0.09824,-12.720311,-20.888321,0.957868
1.5,200,1000,10,14,1.593872,85.48026,1059.597037,0.093872,-114.51974,59.597037,0.943022
1.5,200,1000,10,15,5.0,702.364958,545.027583,3.5,502.364958,-454.972417,0.885269
1.5,200,1000,10,16,2.1,170.487949,1009.280889,0.6,-29.512051,9.280889,0.95478
1.5,200,1000,10,17,5.0,854.530581,439.280654,3.5,654.530581,-560.719346,0.838673
1.5,200,1000,10,18,1.731935,177.947088,983.790606,0.231935,-22.052912,-16.209394,0.918411
1.5,200,1000,10,19,5.0,911.360714,414.39013,3.5,711.360714,-585.60987,0.756465
1.5,200,1000,10,20,1.91131,258.690546,987.805349,0.41131,58.690546,-12.194651,0.94832
1.5,200,1000,10,21,5.273204,273.291387,932.271076,3.773204,73.291387,-67.728924,0.62317
1.5,200,1000,10,22,4.9,495.908657,716.796646,3.4,295.908657,-283.203354,0.856944
1.5,200,1000,10,23,5.0,1089.126157,194.468431,3.5,889.126157,-805.531569,0.715494
1.5,200,1000,10,24,5.0,727.922736,501.073238,3.5,527.922736,-498.926762,0.749085
1.5,200,1000,10,25,2.0,215.457211,973.706602,0.5,15.457211,-26.293398,0.906767
1.5,200,1000,10,26,5.0,783.398122,478.045839,3.5,583.398122,-521.954161,0.850464
1.5,200,1000,10,27,4.9,546.52895,642.867316,3.4,346.52895,-357.132684,0.882323
1.5,200,1000,10,28,5.0,622.206271,536.165457,3.5,422.206271,-463.834543,0.766714
1.5,200,1000,10,29,5.0,995.078453,296.140288,3.5,795.078453,-703.859712,0.853045
1.5,200,1000,10,30,4.9,732.292908,554.379981,3.4,532.292908,-445.620019,0.897926
1.5,200,1000,10,31,2.368862,226.421535,987.553521,0.868862,26.421535,-12.446479,0.940454
1.5,200,1000,10,32,4.405456,329.851129,873.653231,2.905456,129.851129,-126.346769,0.905117
1.5,200,1000,10,33,2.431491,346.748167,916.467569,0.931491,146.748167,-83.532431,0.91698
1.5,200,1000,10,34,4.9,511.003867,747.020628,3.4,311.003867,-252.979372,0.861669
1.5,200,1000,10,35,4.9,625.145243,611.465715,3.4,425.145243,-388.534285,0.863512
1.5,200,1000,10,36,5.0,796.353748,459.516098,3.5,596.353748,-540.483902,0.830062
1.5,200,1000,10,37,4.9,702.158359,535.684216,3.4,502.158359,-464.315784,0.764568
1.5,200,1000,10,38,5.0,745.538075,474.709923,3.5,545.538075,-525.290077,0.739082
1.5,200,1000,10,39,2.431729,217.996142,960.982678,0.931729,17.996142,-39.017322,0.864575
1.5,200,1000,10,40,5.0,873.878266,404.008908,3.5,673.878266,-595.991092,0.778095
1.5,200,1000,10,41,5.0,834.580294,473.617114,3.5,634.580294,-526.382886,0.866408
1.5,200,1000,10,42,2.0,246.74717,961.235329,0.5,46.74717,-38.764671,0.942604
1.5,200,1000,10,43,1.954689,265.043744,968.403656,0.454689,65.043744,-31.596344,0.9363
1.5,200,1000,10,44,4.9,804.165458,437.659346,3.4,604.165458,-562.340654,0.869528
1.5,200,1000,10,45,4.9,367.142645,808.570831,3.4,167.142645,-191.429169,0.840067
1.5,200,1000,10,46,5.0,718.451968,512.768879,3.5,518.451968,-487.231121,0.752012
1.5,200,1000,10,47,1.476174,166.224299,1001.898805,-0.023826,-33.775701,1.898805,0.969596
1.5,200,1000,10,48,1.67829,215.258548,1030.249283,0.17829,15.258548,30.249283,0.895369
1.5,200,1000,10,49,1.426345,151.395761,1023.391041,-0.073655,-48.604239,23.391041,0.915948
1.5,200,1000,10,50,4.9,818.145536,461.973991,3.4,618.145536,-538.026009,0.873538
1.5,200,1000,10,51,1.732415,123.659873,1037.137007,0.232415,-76.340127,37.137007,0.863236
1.5,200,1000,10,52,5.0,437.372773,764.596772,3.5,237.372773,-235.403228,0.850444
1.5,200,1000,10,53,1.454716,185.660916,1052.515467,-0.045284,-14.339084,52.515467,0.960592
1.5,200,1000,10,54,1.433305,241.077358,992.260896,-0.066695,41.077358,-7.739104,0.974761
1.5,200,1000,10,55,2.780115,259.115507,916.127114,1.280115,59.115507,-83.872886,0.867498
1.5,200,1000,10,56,5.0,1159.650308,169.170719,3.5,959.650308,-830.829281,0.772231
1.5,200,1000,10,57,5.0,364.345071,807.707574,3.5,164.345071,-192.292426,0.765491
1.5,200,1000,10,58,1.436486,187.166891,1004.253961,-0.063514,-12.833109,4.253961,0.938739
1.5,200,1000,10,59,1.769785,109.546946,1014.710231,0.269785,-90.453054,14.710231,0.962453
1.5,200,1000,10,60,5.0,1011.981639,302.267066,3.5,811.981639,-697.732934,0.766891
1.5,200,1000,10,61,5.0,928.329328,368.709919,3.5,728.329328,-631.290081,0.805733
1.5,200,1000,10,62,2.642622,291.209444,952.203376,1.142622,91.209444,-47.796624,0.864162
1.5,200,1000,10,63,4.9,511.512082,676.028672,3.4,311.512082,-323.971328,0.846848
1.5,200,1000,10,64,2.659719,195.951425,992.362842,1.159719,-4.048575,-7.637158,0.93213
1.5,200,1000,10,65,2.0,173.241153,1001.645528,0.5,-26.758847,1.645528,0.899913
1.5,200,1000,10,66,1.447748,189.286832,1011.246325,-0.052252,-10.713168,11.246325,0.953347
1.5,200,1000,10,67,1.803688,160.657972,1005.769629,0.303688,-39.342028,5.769629,0.934482
1.5,200,1000,10,68,5.0,527.146311,651.691443,3.5,327.146311,-348.308557,0.886967
1.5,200,1000,10,69,2.1,230.432486,1038.825174,0.6,30.432486,38.825174,0.897461
1.5,200,1000,10,70,2.576003,391.361884,953.753258,1.076003,191.361884,-46.246742,0.911492
1.5,200,1000,10,71,1.588445,137.376778,1061.958509,0.088445,-62.623222,61.958509,0.961812
1.5,200,1000,10,72,5.0,1061.436198,232.735467,3.5,861.436198,-767.264533,0.74715
1.5,200,1000,10,73,2.81786,261.818104,943.766102,1.31786,61.818104,-56.233898,0.799302
1.5,200,1000,10,74,1.57827,133.459348,1033.826054,0.07827,-66.540652,33.826054,0.940802
1.5,200,1000,10,75,5.0,715.396706,474.805882,3.5,515.396706,-525.194118,0.80481
1.5,200,1000,10,76,5.0,770.976515,502.734628,3.5,570.976515,-497.265372,0.817169
1.5,200,1000,10,77,4.9,412.744319,734.400527,3.4,212.744319,-265.599473,0.876212
1.5,200,1000,10,78,1.50446,230.360974,966.986369,0.00446,30.360974,-33.013631,0.939313
1.5,200,1000,10,79,1.626764,255.767038,975.741195,0.126764,55.767038,-24.258805,0.950273
1.5,200,1000,10,80,2.143252,294.15813,969.316374,0.643252,94.15813,-30.683626,0.820178
1.5,200,1000,10,81,5.0,1006.563246,283.791022,3.5,806.563246,-716.208978,0.846637
1.5,200,1000,10,82,1.904793,221.117459,1075.622987,0.404793,21.117459,75.622987,0.961605
1.5,200,1000,10,83,5.0,629.696443,581.738255,3.5,429.696443,-418.261745,0.76063
1.5,200,1000,10,84,1.874564,223.232935,1011.76068,0.374564,23.232935,11.76068,0.879905
1.5,200,1000,10,85,5.0,862.499144,422.851533,3.5,662.499144,-577.148467,0.852337
1.5,200,1000,10,86,3.782782,317.889478,892.819808,2.282782,117.889478,-107.180192,0.827254
1.5,200,1000,10,87,4.9,737.137174,543.880889,3.4,537.137174,-456.119111,0.886811
1.5,200,1000,10,88,1.558582,166.228007,1012.649239,0.058582,-33.771993,12.649239,0.939044
1.5,200,1000,10,89,1.454909,308.584003,971.836126,-0.045091,108.584003,-28.163874,0.902557
1.5,200,1000,10,90,5.0,755.89287,487.615039,3.5,555.89287,-512.384961,0.767877
1.5,200,1000,10,91,4.999999,718.297238,489.910384,3.499999,518.297238,-510.089616,0.814312
1.5,200,1000,10,92,1.504994,234.020164,1069.792928,0.004994,34.020164,69.792928,0.934937
1.5,200,1000,10,93,5.0,451.523016,699.587837,3.5,251.523016,-300.412163,0.772184
1.5,200,1000,10,94,4.9,704.849886,519.551231,3.4,504.849886,-480.448769,0.827517
1.5,200,1000,10,95,5.0,526.058764,658.937131,3.5,326.058764,-341.062869,0.779976
1.5,200,1000,10,96,5.0,423.844955,800.269742,3.5,223.844955,-199.730258,0.744746
1.5,200,1000,10,97,5.0,571.282604,579.108269,3.5,371.282604,-420.891731,0.748522
1.5,200,1000,10,98,1.885354,171.885304,979.893454,0.385354,-28.114696,-20.106546,0.938091
1.5,200,1000,10,99,2.0,224.76625,963.091773,0.5,24.76625,-36.908227,0.972408
1.5,200,1000,10,100,5.0,700.965964,558.314459,3.5,500.965964,-441.685541,0.788394
1.5,200,1000,10,101,1.483904,133.774719,986.773807,-0.016096,-66.225281,-13.226193,0.943451
1.5,200,1000,10,102,2.245488,203.958793,961.374488,0.745488,3.958793,-38.625512,0.901417
1.5,200,1000,10,103,1.661249,166.709517,996.663201,0.161249,-33.290483,-3.336799,0.973454
1.5,200,1000,10,104,2.0,243.424136,936.74833,0.5,43.424136,-63.25167,0.918343
1.5,200,1000,10,105,5.0,1098.081841,223.021308,3.5,898.081841,-776.978692,0.799827
1.5,200,1000,10,106,1.441432,152.71952,984.229983,-0.058568,-47.28048,-15.770017,0.957718
1.5,200,1000,10,107,2.220458,264.539843,967.026687,0.720458,64.539843,-32.973313,0.943078
1.5,200,1000,10,108,4.9,463.154409,734.167091,3.4,263.154409,-265.832909,0.866812
1.5,200,1000,10,109,5.0,543.480293,635.967489,3.5,343.480293,-364.032511,0.748794
1.5,200,1000,10,110,2.740267,301.784426,925.173347,1.240267,101.784426,-74.826653,0.8526
1.5,200,1000,10,111,5.0,723.836097,482.645791,3.5,523.836097,-517.354209,0.732351
1.5,200,1000,10,112,5.0,358.059809,765.313634,3.5,158.059809,-234.686366,0.830391
1.5,200,1000,10,113,2.517142,160.258797,1038.758008,1.017142,-39.741203,38.758008,0.926634
1.5,200,1000,10,114,5.0,511.423653,650.576548,3.5,311.423653,-349.423452,0.805996
1.5,200,1000,10,115,2.0,219.71646,968.654209,0.5,19.71646,-31.345791,0.970511
1.5,200,1000,10,116,1.486114,182.923323,980.675221,-0.013886,-17.076677,-19.324779,0.899277
1.5,200,1000,10,117,5.0,1338.928769,18.536928,3.5,1138.928769,-981.463072,0.750346
1.5,200,1000,10,118,4.9,413.998213,746.796744,3.4,213.998213,-253.203256,0.845739
1.5,200,1000,10,119,5.0,399.852453,731.656294,3.5,199.852453,-268.343706,0.7619
1.5,200,1000,10,120,2.753543,131.739074,990.054962,1.253543,-68.260926,-9.945038,0.904412
1.5,200,1000,10,121,2.215647,289.330435,932.281759,0.715647,89.330435,-67.718241,0.922757
1.5,200,1000,10,122,5.0,453.288864,711.976207,3.5,253.288864,-288.023793,0.726776
1.5,200,1000,10,123,4.424629,320.487251,897.234162,2.924629,120.487251,-102.765838,0.885851
1.5,200,1000,10,124,5.0,597.077281,595.245779,3.5,397.077281,-404.754221,0.773312
1.5,200,1000,10,125,3.055618,285.120629,996.879563,1.555618,85.120629,-3.120437,0.91811
1.5,200,1000,10,126,1.460706,258.911467,1007.927926,-0.039294,58.911467,7.927926,0.970365
1.5,200,1000,10,127,1.719621,236.198865,971.200406,0.219621,36.198865,-28.799594,0.900968
1.5,200,1000,10,128,5.0,291.708059,804.711481,3.5,91.708059,-195.288519,0.88594
1.5,200,1000,10,129,4.9,477.000097,711.764769,3.4,277.000097,-288.235231,0.889301
1.5,200,1000,10,130,2.1,335.282018,915.172972,0.6,135.282018,-84.827028,0.942883
1.5,200,1000,10,131,1.600804,232.54911,965.2001,0.100804,32.54911,-34.7999,0.963243
1.5,200,1000,10,132,2.068353,264.460292,1001.914534,0.568353,64.460292,1.914534,0.930404
1.5,200,1000,10,133,3.3629,382.789656,874.000682,1.8629,182.789656,-125.999318,0.855158
1.5,200,1000,10,134,5.0,680.612986,539.008151,3.5,480.612986,-460.991849,0.689493
1.5,200,1000,10,135,4.9,776.836554,469.207631,3.4,576.836554,-530.792369,0.817565
1.5,200,1000,10,136,5.0,651.222288,636.656663,3.5,451.222288,-363.343337,0.863048
1.5,200,1000,10,137,2.0,195.997143,1024.829459,0.5,-4.002857,24.829459,0.87792
1.5,200,1000,10,138,1.746887,223.833601,995.716284,0.246887,23.833601,-4.283716,0.954221
1.5,200,1000,10,139,3.391762,276.521171,904.249,1.891762,76.521171,-95.751,0.910502
1.5,200,1000,10,140,5.0,1083.407683,280.778783,3.5,883.407683,-719.221217,0.837031
1.5,200,1000,10,141,2.0,222.540396,958.049987,0.5,22.540396,-41.950013,0.903192
1.5,200,1000,10,142,5.0,895.502846,352.382961,3.5,695.502846,-647.617039,0.704748
1.5,200,1000,10,143,5.0,635.61082,590.661437,3.5,435.61082,-409.338563,0.800048
1.5,200,1000,10,144,1.579117,181.667184,986.238291,0.079117,-18.332816,-13.761709,0.940584
1.5,200,1000,10,145,1.538462,204.187607,1027.258472,0.038462,4.187607,27.258472,0.965438
1.5,200,1000,10,146,1.914913,196.946765,995.69276,0.414913,-3.053235,-4.30724,0.953678
1.5,200,1000,10,147,5.0,403.286894,790.764943,3.5,203.286894,-209.235057,0.729077
1.5,200,1000,10,148,2.09533,194.002153,962.746412,0.59533,-5.997847,-37.253588,0.905164
1.5,200,1000,10,149,1.626845,239.074989,987.020707,0.126845,39.074989,-12.979293,0.917702
1.5,200,1000,10,150,2.198649,204.207863,976.932668,0.698649,4.207863,-23.067332,0.932694
1.5,200,1000,10,151,1.423327,143.035255,1043.931368,-0.076673,-56.964745,43.931368,0.946217
1.5,200,1000,10,152,5.0,1167.85454,102.994357,3.5,967.85454,-897.005643,0.554934
1.5,200,1000,10,153,1.62591,228.201262,971.276476,0.12591,28.201262,-28.723524,0.887793
1.5,200,1000,10,154,2.1,243.024501,934.583915,0.6,43.024501,-65.416085,0.946905
1.5,200,1000,10,155,2.135861,173.636726,1005.965675,0.635861,-26.363274,5.965675,0.867951
1.5,200,1000,10,156,2.774174,224.972042,988.436498,1.274174,24.972042,-11.563502,0.929938
1.5,200,1000,10,157,5.0,541.280279,649.702971,3.5,341.280279,-350.297029,0.806919
1.5,200,1000,10,158,5.0,550.711066,658.70323,3.5,350.711066,-341.29677,0.886101
1.5,200,1000,10,159,2.0,230.901346,993.964063,0.5,30.901346,-6.035937,0.91675
1.5,200,1000,10,160,5.0,939.829015,313.553569,3.5,739.829015,-686.446431,0.631917
1.5,200,1000,10,161,1.438253,150.105747,1020.774137,-0.061747,-49.894253,20.774137,0.948143
1.5,200,1000,10,162,1.595463,187.864243,1009.732594,0.095463,-12.135757,9.732594,0.94645
1.5,200,1000,10,163,4.999999,480.182842,688.920628,3.499999,280.182842,-311.079372,0.874492
1.5,200,1000,10,164,4.995922,1269.373308,1.2e-05,3.495922,1069.373308,-999.999988,0.620054
1.5,200,1000,10,165,1.506837,95.759377,1021.030733,0.006837,-104.240623,21.030733,0.96379
1.5,200,1000,10,166,5.0,507.707129,655.025461,3.5,307.707129,-344.974539,0.870743
1.5,200,1000,10,167,5.0,729.919265,482.035963,3.5,529.919265,-517.964037,0.840523
1.5,200,1000,10,168,1.682691,231.64223,973.37655,0.182691,31.64223,-26.62345,0.897995
1.5,200,1000,10,169,1.761086,228.470563,1038.593771,0.261086,28.470563,38.593771,0.954214
1.5,200,1000,10,170,2.127093,264.626396,962.168065,0.627093,64.626396,-37.831935,0.914667
1.5,200,1000,10,171,1.552217,133.442681,1123.278841,0.052217,-66.557319,123.278841,0.920115
1.5,200,1000,10,172,5.0,803.851501,506.347952,3.5,603.851501,-493.652048,0.845737
1.5,200,1000,10,173,5.0,459.386072,720.775235,3.5,259.386072,-279.224765,0.824984
1.5,200,1000,10,174,5.0,409.290391,723.923493,3.5,209.290391,-276.076507,0.709093
1.5,200,1000,10,175,1.651468,232.07336,1045.962373,0.151468,32.07336,45.962373,0.904857
1.5,200,1000,10,176,1.697426,332.516796,949.238728,0.197426,132.516796,-50.761272,0.957244
1.5,200,1000,10,177,5.0,689.351971,544.111421,3.5,489.351971,-455.888579,0.748498
1.5,200,1000,10,178,5.0,977.02259,285.329323,3.5,777.02259,-714.670677,0.658328
1.5,200,1000,10,179,2.0,219.173801,990.500733,0.5,19.173801,-9.499267,0.933229
1.5,200,1000,10,180,5.0,1114.188557,149.011229,3.5,914.188557,-850.988771,0.658824
1.5,200,1000,10,181,5.0,671.041964,570.985914,3.5,471.041964,-429.014086,0.843939
1.5,200,1000,10,182,5.0,489.101685,691.97001,3.5,289.101685,-308.02999,0.81473
1.5,200,1000,10,183,4.9,346.093618,855.017816,3.4,146.093618,-144.982184,0.865811
1.5,200,1000,10,184,2.138147,172.023235,973.36299,0.638147,-27.976765,-26.63701,0.951582
1.5,200,1000,10,185,4.9,436.431432,717.069349,3.4,236.431432,-282.930651,0.860129
1.5,200,1000,10,186,5.340489,214.093459,946.42885,3.840489,14.093459,-53.57115,0.636933
1.5,200,1000,10,187,5.0,636.306184,588.222102,3.5,436.306184,-411.777898,0.792874
1.5,200,1000,10,188,5.0,517.853673,692.952329,3.5,317.853673,-307.047671,0.850326
1.5,200,1000,10,189,1.421941,209.94081,1024.624316,-0.078059,9.94081,24.624316,0.949317
1.5,200,1000,10,190,4.9,906.374132,420.888837,3.4,706.374132,-579.111163,0.858907
1.5,200,1000,10,191,5.0,846.441249,401.905183,3.5,646.441249,-598.094817,0.714281
1.5,200,1000,10,192,5.0,613.774701,634.934398,3.5,413.774701,-365.065602,0.794602
1.5,200,1000,10,193,5.0,629.369631,596.491936,3.5,429.369631,-403.508064,0.880774
1.5,200,1000,10,194,2.0,333.451968,910.075099,0.5,133.451968,-89.924901,0.929914
1.5,200,1000,10,195,5.0,606.597021,568.022986,3.5,406.597021,-431.977014,0.771995
1.5,200,1000,10,196,5.0,706.390614,488.002962,3.5,506.390614,-511.997038,0.675574
1.5,200,1000,10,197,5.0,629.086751,559.936222,3.5,429.086751,-440.063778,0.829757
1.5,200,1000,10,198,1.834108,222.196971,985.927338,0.334108,22.196971,-14.072662,0.952962
1.5,200,1000,10,199,4.9,931.533938,416.751598,3.4,731.533938,-583.248402,0.884463
1.5,200,1000,10,200,4.9,515.736059,681.237673,3.4,315.736059,-318.762327,0.785354
1.5,200,1000,10,201,4.9,553.711595,665.665636,3.4,353.711595,-334.334364,0.85692
1.5,200,1000,10,202,5.0,648.38871,595.49443,3.5,448.38871,-404.50557,0.851133
1.5,200,1000,10,203,1.940729,187.977031,989.894378,0.440729,-12.022969,-10.105622,0.934782
1.5,200,1000,10,204,5.0,430.31563,746.977666,3.5,230.31563,-253.022334,0.847519
1.5,200,1000,10,205,1.857598,229.467385,978.103833,0.357598,29.467385,-21.896167,0.880675
1.5,200,1000,10,206,5.0,754.996295,502.357729,3.5,554.996295,-497.642271,0.786994
1.5,200,1000,10,207,5.0,873.877043,380.718799,3.5,673.877043,-619.281201,0.670282
1.5,200,1000,10,208,4.9,447.696723,751.606274,3.4,247.696723,-248.393726,0.884493
1.5,200,1000,10,209,1.410987,198.920669,1025.967572,-0.089013,-1.079331,25.967572,0.961075
1.5,200,1000,10,210,2.07479,267.762652,972.003617,0.57479,67.762652,-27.996383,0.879745
1.5,200,1000,10,211,5.0,421.87022,742.185649,3.5,221.87022,-257.814351,0.867302
1.5,200,1000,10,212,1.787705,207.10958,1034.549994,0.287705,7.10958,34.549994,0.926778
1.5,200,1000,10,213,4.9,808.056005,497.456956,3.4,608.056005,-502.543044,0.864104
1.5,200,1000,10,214,1.55417,263.150473,1021.917649,0.05417,63.150473,21.917649,0.917962
1.5,200,1000,10,215,5.0,874.132953,318.896443,3.5,674.132953,-681.103557,0.595006
1.5,200,1000,10,216,4.9,596.994914,584.993899,3.4,396.994914,-415.006101,0.850001
1.5,200,1000,10,217,1.448535,207.207894,988.052691,-0.051465,7.207894,-11.947309,0.967084
1.5,200,1000,10,218,1.521684,248.088097,976.45547,0.021684,48.088097,-23.54453,0.873158
1.5,200,1000,10,219,3.042494,266.384359,932.945511,1.542494,66.384359,-67.054489,0.931025
1.5,200,1000,10,220,2.0,254.284174,999.439414,0.5,54.284174,-0.560586,0.944461
1.5,200,1000,10,221,4.9,443.270147,739.276815,3.4,243.270147,-260.723185,0.857136
1.5,200,1000,10,222,2.900204,285.36427,982.656061,1.400204,85.36427,-17.343939,0.906058
1.5,200,1000,10,223,5.0,984.635658,254.812813,3.5,784.635658,-745.187187,0.670776
1.5,200,1000,10,224,3.006766,359.124538,882.825978,1.506766,159.124538,-117.174022,0.914472
1.5,200,1000,10,225,1.393143,193.981837,1007.854822,-0.106857,-6.018163,7.854822,0.973234
1.5,200,1000,10,226,5.0,765.649433,449.114514,3.5,565.649433,-550.885486,0.815322
1.5,200,1000,10,227,2.840317,288.594514,922.802282,1.340317,88.594514,-77.197718,0.920265
1.5,200,1000,10,228,1.813918,197.995788,1009.409728,0.313918,-2.004212,9.409728,0.941974
1.5,200,1000,10,229,4.9,604.978361,604.663748,3.4,404.978361,-395.336252,0.834239
1.5,200,1000,10,230,5.0,560.748785,595.32682,3.5,360.748785,-404.67318,0.779673
1.5,200,1000,10,231,4.9,664.297402,553.640925,3.4,464.297402,-446.359075,0.876884
1.5,200,1000,10,232,1.717453,247.196382,990.416929,0.217453,47.196382,-9.583071,0.932431
1.5,200,1000,10,233,1.8618,251.066272,962.280788,0.3618,51.066272,-37.719212,0.941314
1.5,200,1000,10,234,5.0,973.752339,315.412354,3.5,773.752339,-684.587646,0.81057
1.5,200,1000,10,235,2.844009,248.685777,974.558227,1.344009,48.685777,-25.441773,0.865032
1.5,200,1000,10,236,1.553747,219.918355,1018.606161,0.053747,19.918355,18.606161,0.878391
1.5,200,1000,10,237,4.9,708.376294,523.076368,3.4,508.376294,-476.923632,0.790156
1.5,200,1000,10,238,2.024227,167.325389,1064.564979,0.524227,-32.674611,64.564979,0.949222
1.5,200,1000,10,239,5.0,890.01174,352.751771,3.5,690.01174,-647.248229,0.722102
1.5,200,1000,10,240,5.0,1035.650824,295.494228,3.5,835.650824,-704.505772,0.534393
1.5,200,1000,10,241,1.674906,220.048347,992.844603,0.174906,20.048347,-7.155397,0.921109
1.5,200,1000,10,242,5.0,376.656458,776.019001,3.5,176.656458,-223.980999,0.782451
1.5,200,1000,10,243,1.606545,203.972895,982.782649,0.106545,3.972895,-17.217351,0.910251
1.5,200,1000,10,244,5.0,670.964601,551.574331,3.5,470.964601,-448.425669,0.843037
1.5,200,1000,10,245,1.713276,267.521611,971.834332,0.213276,67.521611,-28.165668,0.917596
1.5,200,1000,10,246,1.453781,348.283886,960.130793,-0.046219,148.283886,-39.869207,0.962083
1.5,200,1000,10,247,4.9,570.743367,625.050458,3.4,370.743367,-374.949542,0.906954
1.5,200,1000,10,248,5.0,920.004935,364.461074,3.5,720.004935,-635.538926,0.814553
1.5,200,1000,10,249,5.0,976.308646,323.183545,3.5,776.308646,-676.816455,0.860072
1.5,200,1000,10,250,1.905463,261.191288,1008.673161,0.405463,61.191288,8.673161,0.946141
1.5,200,1000,10,251,1.332789,155.267892,993.002074,-0.167211,-44.732108,-6.997926,0.963913
1.5,200,1000,10,252,2.0,403.082145,904.064056,0.5,203.082145,-95.935944,0.938243
1.5,200,1000,10,253,3.056342,169.513016,971.731685,1.556342,-30.486984,-28.268315,0.790237
1.5,200,1000,10,254,5.0,575.910168,623.636957,3.5,375.910168,-376.363043,0.864454
1.5,200,1000,10,255,5.0,783.636039,473.418978,3.5,583.636039,-526.581022,0.821583
1.5,200,1000,10,256,1.451079,315.72782,975.903404,-0.048921,115.72782,-24.096596,0.923577
1.5,200,1000,10,257,4.9,397.406739,748.024692,3.4,197.406739,-251.975308,0.861409
1.5,200,1000,10,258,4.9,289.294822,850.820918,3.4,89.294822,-149.179082,0.904523
1.5,200,1000,10,259,2.0,199.685011,1048.708055,0.5,-0.314989,48.708055,0.889594
1.5,200,1000,10,260,3.183026,332.51156,895.173038,1.683026,132.51156,-104.826962,0.907725
1.5,200,1000,10,261,5.0,763.978396,546.588369,3.5,563.978396,-453.411631,0.824969
1.5,200,1000,10,262,2.157037,195.727427,1018.090678,0.657037,-4.272573,18.090678,0.904565
1.5,200,1000,10,263,5.0,469.774867,711.153318,3.5,269.774867,-288.846682,0.902915
1.5,200,1000,10,264,3.115463,235.428575,932.109038,1.615463,35.428575,-67.890962,0.879852
1.5,200,1000,10,265,1.442792,159.339368,1026.299138,-0.057208,-40.660632,26.299138,0.939533
1.5,200,1000,10,266,2.0,214.038641,991.46403,0.5,14.038641,-8.53597,0.969072
1.5,200,1000,10,267,2.0,260.513286,965.261793,0.5,60.513286,-34.738207,0.934032
1.5,200,1000,10,268,5.0,712.672139,516.844573,3.5,512.672139,-483.155427,0.836027
1.5,200,1000,10,269,2.0,228.795056,977.104764,0.5,28.795056,-22.895236,0.95659
1.5,200,1000,10,270,5.0,825.831747,424.212769,3.5,625.831747,-575.787231,0.774691
1.5,200,1000,10,271,5.0,677.312577,562.588821,3.5,477.312577,-437.411179,0.769376
1.5,200,1000,10,272,1.572206,163.688473,1107.338762,0.072206,-36.311527,107.338762,0.931529
1.5,200,1000,10,273,5.0,1097.468266,183.147319,3.5,897.468266,-816.852681,0.723268
1.5,200,1000,10,274,1.62642,181.213044,1011.611161,0.12642,-18.786956,11.611161,0.947015
1.5,200,1000,10,275,1.652067,282.238182,965.65058,0.152067,82.238182,-34.34942,0.898336
1.5,200,1000,10,276,5.0,802.941982,418.915949,3.5,602.941982,-581.084051,0.815389
1.5,200,1000,10,277,2.0,272.556507,972.818665,0.5,72.556507,-27.181335,0.969796
1.5,200,1000,10,278,5.0,849.410426,386.97839,3.5,649.410426,-613.02161,0.791831
1.5,200,1000,10,279,5.0,851.400988,381.252088,3.5,651.400988,-618.747912,0.765925
1.5,200,1000,10,280,2.723798,282.745551,943.257891,1.223798,82.745551,-56.742109,0.88971
1.5,200,1000,10,281,1.751323,220.590842,1031.457911,0.251323,20.590842,31.457911,0.930288
1.5,200,1000,10,282,5.0,873.139257,397.445003,3.5,673.139257,-602.554997,0.845426
1.5,200,1000,10,283,1.990287,202.571501,1002.793485,0.490287,2.571501,2.793485,0.919143
1.5,200,1000,10,284,2.1,209.208582,1068.635244,0.6,9.208582,68.635244,0.942737
1.5,200,1000,10,285,5.0,429.987751,689.934899,3.5,229.987751,-310.065101,0.747654
1.5,200,1000,10,286,1.539806,121.904369,1046.535308,0.039806,-78.095631,46.535308,0.956886
1.5,200,1000,10,287,1.729378,181.033383,995.915197,0.229378,-18.966617,-4.084803,0.902217
1.5,200,1000,10,288,1.376447,175.535844,1003.009542,-0.123553,-24.464156,3.009542,0.895571
1.5,200,1000,10,289,1.402564,201.86102,1034.768256,-0.097436,1.86102,34.768256,0.957143
1.5,200,1000,10,290,2.0,196.368337,974.557094,0.5,-3.631663,-25.442906,0.91496
1.5,200,1000,10,291,1.549906,223.463717,987.236807,0.049906,23.463717,-12.763193,0.951038
1.5,200,1000,10,292,4.9,855.509563,488.058342,3.4,655.509563,-511.941658,0.82607
1.5,200,1000,10,293,4.999999,528.034203,663.704455,3.499999,328.034203,-336.295545,0.860937
1.5,200,1000,10,294,5.0,629.772187,621.446228,3.5,429.772187,-378.553772,0.796644
1.5,200,1000,10,295,2.0,297.163256,977.958658,0.5,97.163256,-22.041342,0.944496
1.5,200,1000,10,296,1.760532,173.034262,1019.783035,0.260532,-26.965738,19.783035,0.900184
1.5,200,1000,10,297,5.0,750.431755,480.420672,3.5,550.431755,-519.579328,0.690643
1.5,200,1000,10,298,1.472632,223.333755,999.432562,-0.027368,23.333755,-0.567438,0.949378
1.5,200,1000,10,299,5.0,465.927875,648.145059,3.5,265.927875,-351.854941,0.626008
1.5,200,1000,10,300,5.0,551.966706,623.520337,3.5,351.966706,-376.479663,0.812832
1.5,200,1000,10,301,2.096866,293.012912,983.467115,0.596866,93.012912,-16.532885,0.957543
1.5,200,1000,10,302,1.668961,152.97583,998.915441,0.168961,-47.02417,-1.084559,0.960957
1.5,200,1000,10,303,2.673015,254.778101,940.023449,1.173015,54.778101,-59.976551,0.844444
1.5,200,1000,10,304,5.0,391.481978,780.91635,3.5,191.481978,-219.08365,0.807545
1.5,200,1000,10,305,2.1,280.161519,925.620069,0.6,80.161519,-74.379931,0.937693
1.5,200,1000,10,306,2.844179,386.767213,865.97983,1.344179,186.767213,-134.02017,0.878632
1.5,200,1000,10,307,2.0,256.811859,930.51762,0.5,56.811859,-69.48238,0.913328
1.5,200,1000,10,308,5.0,1039.537222,263.927032,3.5,839.537222,-736.072968,0.774361
1.5,200,1000,10,309,1.382922,197.925368,1039.062746,-0.117078,-2.074632,39.062746,0.903093
1.5,200,1000,10,310,5.0,716.627267,501.757213,3.5,516.627267,-498.242787,0.864761
1.5,200,1000,10,311,4.9,441.326845,730.910548,3.4,241.326845,-269.089452,0.839493
1.5,200,1000,10,312,2.396677,279.502969,957.757463,0.896677,79.502969,-42.242537,0.940194
1.5,200,1000,10,313,2.128297,129.479451,1011.629276,0.628297,-70.520549,11.629276,0.889873
1.5,200,1000,10,314,1.54281,145.659903,999.861301,0.04281,-54.340097,-0.138699,0.92752
1.5,200,1000,10,315,4.9,493.932514,720.677777,3.4,293.932514,-279.322223,0.900549
1.5,200,1000,10,316,5.499127,330.839243,876.278923,3.999127,130.839243,-123.721077,0.452624
1.5,200,1000,10,317,5.0,720.820855,479.0418,3.5,520.820855,-520.9582,0.768122
1.5,200,1000,10,318,5.0,715.016165,481.449593,3.5,515.016165,-518.550407,0.773373
1.5,200,1000,10,319,5.0,647.326431,544.129915,3.5,447.326431,-455.870085,0.804474
1.5,200,1000,10,320,1.632051,271.75364,1006.798308,0.132051,71.75364,6.798308,0.906686
1.5,200,1000,10,321,1.535294,197.713315,986.185316,0.035294,-2.286685,-13.814684,0.967325
1.5,200,1000,10,322,1.384649,175.63906,1016.875776,-0.115351,-24.36094,16.875776,0.961723
1.5,200,1000,10,323,5.0,616.682243,620.424634,3.5,416.682243,-379.575366,0.876105
1.5,200,1000,10,324,5.0,722.179333,542.795969,3.5,522.179333,-457.204031,0.759751
1.5,200,1000,10,325,2.053175,257.311681,968.645339,0.553175,57.311681,-31.354661,0.947287
1.5,200,1000,10,326,5.0,847.427496,455.550046,3.5,647.427496,-544.449954,0.858597
1.5,200,1000,10,327,2.184587,173.186259,1041.803494,0.684587,-26.813741,41.803494,0.947033
1.5,200,1000,10,328,4.9,288.47428,843.795151,3.4,88.47428,-156.204849,0.82128
1.5,200,1000,10,329,1.707196,208.82372,1015.263272,0.207196,8.82372,15.263272,0.958595
1.5,200,1000,10,330,5.0,519.319703,729.235022,3.5,319.319703,-270.764978,0.850443
1.5,200,1000,10,331,1.745877,168.605421,1016.965774,0.245877,-31.394579,16.965774,0.950453
1.5,200,1000,10,332,5.0,774.395595,482.913531,3.5,574.395595,-517.086469,0.743784
1.5,200,1000,10,333,1.73206,184.426826,1030.773896,0.23206,-15.573174,30.773896,0.933581
1.5,200,1000,10,334,1.710028,228.38388,975.564292,0.210028,28.38388,-24.435708,0.92526
1.5,200,1000,10,335,1.773771,157.329683,1024.499653,0.273771,-42.670317,24.499653,0.948616
1.5,200,1000,10,336,5.0,269.06801,836.923914,3.5,69.06801,-163.076086,0.850575
1.5,200,1000,10,337,5.0,406.619732,800.30668,3.5,206.619732,-199.69332,0.854238
1.5,200,1000,10,338,1.511014,175.208905,1003.693414,0.011014,-24.791095,3.693414,0.970225
1.5,200,1000,10,339,1.825224,259.518988,983.48256,0.325224,59.518988,-16.51744,0.914618
1.5,200,1000,10,340,2.259361,225.851268,986.454304,0.759361,25.851268,-13.545696,0.93932
1.5,200,1000,10,341,1.751828,238.223144,991.738987,0.251828,38.223144,-8.261013,0.938572
1.5,200,1000,10,342,1.768303,250.284139,979.821229,0.268303,50.284139,-20.178771,0.940048
1.5,200,1000,10,343,1.516773,177.384216,987.187358,0.016773,-22.615784,-12.812642,0.896374
1.5,200,1000,10,344,2.151902,192.50572,976.848633,0.651902,-7.49428,-23.151367,0.913909
1.5,200,1000,10,345,5.0,1132.853479,190.336335,3.5,932.853479,-809.663665,0.806134
1.5,200,1000,10,346,5.0,529.349083,635.694035,3.5,329.349083,-364.305965,0.813531
1.5,200,1000,10,347,5.0,834.587381,414.402529,3.5,634.587381,-585.597471,0.828245
1.5,200,1000,10,348,1.453253,159.910385,996.657732,-0.046747,-40.089615,-3.342268,0.924154
1.5,200,1000,10,349,5.0,616.717797,662.671181,3.5,416.717797,-337.328819,0.876441
1.5,200,1000,10,350,5.0,938.025958,300.917565,3.5,738.025958,-699.082435,0.623296
1.5,200,1000,10,351,1.450685,185.495777,1029.151714,-0.049315,-14.504223,29.151714,0.964058
1.5,200,1000,10,352,1.557139,275.091337,995.745953,0.057139,75.091337,-4.254047,0.870803
1.5,200,1000,10,353,2.017357,264.185071,934.583335,0.517357,64.185071,-65.416665,0.916894
1.5,200,1000,10,354,1.570959,151.583257,1008.456947,0.070959,-48.416743,8.456947,0.936565
1.5,200,1000,10,355,1.559574,163.983792,1037.89143,0.059574,-36.016208,37.89143,0.927458
1.5,200,1000,10,356,1.433628,117.761051,1004.739808,-0.066372,-82.238949,4.739808,0.961171
1.5,200,1000,10,357,5.0,794.76551,421.984646,3.5,594.76551,-578.015354,0.776637
1.5,200,1000,10,358,2.1,192.252827,957.270058,0.6,-7.747173,-42.729942,0.939365
1.5,200,1000,10,359,5.0,739.139571,478.390424,3.5,539.139571,-521.609576,0.766825
1.5,200,1000,10,360,1.412586,251.347169,1000.784295,-0.087414,51.347169,0.784295,0.886584
1.5,200,1000,10,361,2.1,309.567817,941.035843,0.6,109.567817,-58.964157,0.940416
1.5,200,1000,10,362,5.0,1009.126225,262.630465,3.5,809.126225,-737.369535,0.679628
1.5,200,1000,10,363,2.310879,91.901864,1083.732369,0.810879,-108.098136,83.732369,0.869572
1.5,200,1000,10,364,5.0,624.215745,609.838882,3.5,424.215745,-390.161118,0.883946
1.5,200,1000,10,365,4.9,489.893075,676.56689,3.4,289.893075,-323.43311,0.843632
1.5,200,1000,10,366,2.1,297.481675,908.303015,0.6,97.481675,-91.696985,0.935899
1.5,200,1000,10,367,5.0,400.514771,772.030519,3.5,200.514771,-227.969481,0.782395
1.5,200,1000,10,368,4.9,288.039236,883.834219,3.4,88.039236,-116.165781,0.914052
1.5,200,1000,10,369,5.0,904.855771,328.639437,3.5,704.855771,-671.360563,0.715639
1.5,200,1000,10,370,1.450122,171.400391,1040.298708,-0.049878,-28.599609,40.298708,0.966991
1.5,200,1000,10,371,1.442989,157.876012,1026.660111,-0.057011,-42.123988,26.660111,0.929086
1.5,200,1000,10,372,1.494475,124.081734,1045.126807,-0.005525,-75.918266,45.126807,0.958295
1.5,200,1000,10,373,1.893338,250.895956,972.187232,0.393338,50.895956,-27.812768,0.95018
1.5,200,1000,10,374,5.0,718.57129,483.405963,3.5,518.57129,-516.594037,0.810525
1.5,200,1000,10,375,5.0,396.284374,752.625067,3.5,196.284374,-247.374933,0.832046
1.5,200,1000,10,376,4.9,840.343291,488.215623,3.4,640.343291,-511.784377,0.810923
1.5,200,1000,10,377,1.495526,105.877677,1033.164349,-0.004474,-94.122323,33.164349,0.96948
1.5,200,1000,10,378,4.9,300.398032,821.915332,3.4,100.398032,-178.084668,0.902539
1.5,200,1000,10,379,1.646628,312.58373,948.896193,0.146628,112.58373,-51.103807,0.913306
1.5,200,1000,10,380,1.760226,246.22427,971.214895,0.260226,46.22427,-28.785105,0.903864
1.5,200,1000,10,381,5.0,669.634424,528.91987,3.5,469.634424,-471.08013,0.807379
1.5,200,1000,10,382,2.878539,282.691966,927.014578,1.378539,82.691966,-72.985422,0.90079
1.5,200,1000,10,383,5.0,622.956338,564.412987,3.5,422.956338,-435.587013,0.825633
1.5,200,1000,10,384,5.0,387.978063,823.03857,3.5,187.978063,-176.96143,0.828642
1.5,200,1000,10,385,4.9,515.114155,730.071914,3.4,315.114155,-269.928086,0.891369
1.5,200,1000,10,386,1.874161,223.289244,976.848436,0.374161,23.289244,-23.151564,0.952881
1.5,200,1000,10,387,1.772778,256.202417,999.251239,0.272778,56.202417,-0.748761,0.953244
1.5,200,1000,10,388,5.0,637.178091,576.111185,3.5,437.178091,-423.888815,0.783419
1.5,200,1000,10,389,5.0,737.074966,525.112128,3.5,537.074966,-474.887872,0.845043
1.5,200,1000,10,390,5.0,655.372048,550.496485,3.5,455.372048,-449.503515,0.819348
1.5,200,1000,10,391,5.0,592.438295,623.611021,3.5,392.438295,-376.388979,0.844951
1.5,200,1000,10,392,2.0,213.879884,966.98835,0.5,13.879884,-33.01165,0.906964
1.5,200,1000,10,393,1.655918,233.433349,972.02273,0.155918,33.433349,-27.97727,0.897404
1.5,200,1000,10,394,4.084501,443.67889,816.892992,2.584501,243.67889,-183.107008,0.836429
1.5,200,1000,10,395,2.0,227.104718,938.910412,0.5,27.104718,-61.089588,0.897596
1.5,200,1000,10,396,5.0,713.289479,517.401804,3.5,513.289479,-482.598196,0.848424
1.5,200,1000,10,397,2.0,238.859687,945.573192,0.5,38.859687,-54.426808,0.919959
1.5,200,1000,10,398,1.734066,209.990248,969.915252,0.234066,9.990248,-30.084748,0.968181
1.5,200,1000,10,399,5.0,680.907011,539.58316,3.5,480.907011,-460.41684,0.717098
1.5,200,1000,10,400,4.9,564.470023,676.294898,3.4,364.470023,-323.705102,0.888908
1.5,200,1000,10,401,1.412322,170.253,1020.983823,-0.087678,-29.747,20.983823,0.961367
1.5,200,1000,10,402,2.1,236.998122,1018.436039,0.6,36.998122,18.436039,0.949017
1.5,200,1000,10,403,3.274883,366.304723,902.191152,1.774883,166.304723,-97.808848,0.87973
1.5,200,1000,10,404,1.560179,204.285632,978.774021,0.060179,4.285632,-21.225979,0.861583
1.5,200,1000,10,405,4.9,521.358754,646.367777,3.4,321.358754,-353.632223,0.878438
1.5,200,1000,10,406,5.0,718.918704,564.405352,3.5,518.918704,-435.594648,0.685162
1.5,200,1000,10,407,1.536169,269.30549,972.358485,0.036169,69.30549,-27.641515,0.972758
1.5,200,1000,10,408,3.507171,300.469333,899.150311,2.007171,100.469333,-100.849689,0.906215
1.5,200,1000,10,409,2.005447,183.213275,969.491698,0.505447,-16.786725,-30.508302,0.959062
1.5,200,1000,10,410,5.0,481.697418,767.276039,3.5,281.697418,-232.723961,0.87475
1.5,200,1000,10,411,2.079073,245.63628,971.698333,0.579073,45.63628,-28.301667,0.889505
1.5,200,1000,10,412,5.0,853.679795,432.053415,3.5,653.679795,-567.946585,0.862161
1.5,200,1000,10,413,2.77523,272.521845,975.521849,1.27523,72.521845,-24.478151,0.937857
1.5,200,1000,10,414,5.0,1183.905031,187.845999,3.5,983.905031,-812.154001,0.809567
1.5,200,1000,10,415,5.0,407.56016,730.383323,3.5,207.56016,-269.616677,0.734356
1.5,200,1000,10,416,2.0,288.661123,970.432148,0.5,88.661123,-29.567852,0.92796
1.5,200,1000,10,417,5.0,803.221692,405.314907,3.5,603.221692,-594.685093,0.7694
1.5,200,1000,10,418,2.3,136.03143,1032.497414,0.8,-63.96857,32.497414,0.952049
1.5,200,1000,10,419,5.0,612.055652,635.532264,3.5,412.055652,-364.467736,0.874021
1.5,200,1000,10,420,5.0,628.166756,580.887596,3.5,428.166756,-419.112404,0.879531
1.5,200,1000,10,421,2.1,227.311226,960.897095,0.6,27.311226,-39.102905,0.884229
1.5,200,1000,10,422,1.479372,215.804313,977.164306,-0.020628,15.804313,-22.835694,0.928547
1.5,200,1000,10,423,5.0,524.137079,664.542037,3.5,324.137079,-335.457963,0.830956
1.5,200,1000,10,424,5.0,534.819401,666.11256,3.5,334.819401,-333.88744,0.889101
1.5,200,1000,10,425,1.655479,235.98913,1016.40361,0.155479,35.98913,16.40361,0.915886
1.5,200,1000,10,426,2.19091,383.359885,941.655145,0.69091,183.359885,-58.344855,0.938343
1.5,200,1000,10,427,2.1,317.213802,938.988307,0.6,117.213802,-61.011693,0.934756
1.5,200,1000,10,428,2.266015,261.46411,955.336389,0.766015,61.46411,-44.663611,0.945246
1.5,200,1000,10,429,1.532331,172.902212,1049.605116,0.032331,-27.097788,49.605116,0.967934
1.5,200,1000,10,430,5.0,591.885158,654.866561,3.5,391.885158,-345.133439,0.708598
1.5,200,1000,10,431,5.0,792.881139,461.448819,3.5,592.881139,-538.551181,0.813364
1.5,200,1000,10,432,1.684187,180.464126,1032.379499,0.184187,-19.535874,32.379499,0.949882
1.5,200,1000,10,433,1.808834,192.410401,974.200762,0.308834,-7.589599,-25.799238,0.932805
1.5,200,1000,10,434,1.62922,232.513295,993.811391,0.12922,32.513295,-6.188609,0.951065
1.5,200,1000,10,435,5.0,762.368848,491.510583,3.5,562.368848,-508.489417,0.865534
1.5,200,1000,10,436,5.0,832.672098,492.626579,3.5,632.672098,-507.373421,0.900655
1.5,200,1000,10,437,4.9,535.427667,654.964992,3.4,335.427667,-345.035008,0.820831
1.5,200,1000,10,438,1.747397,235.166044,969.666853,0.247397,35.166044,-30.333147,0.929053
1.5,200,1000,10,439,5.0,1221.199806,109.381091,3.5,1021.199806,-890.618909,0.66954
1.5,200,1000,10,440,1.495734,185.41512,1043.38768,-0.004266,-14.58488,43.38768,0.97275
1.5,200,1000,10,441,5.0,719.829739,535.139017,3.5,519.829739,-464.860983,0.774533
1.5,200,1000,10,442,1.631028,233.446414,963.093518,0.131028,33.446414,-36.906482,0.904502
1.5,200,1000,10,443,5.0,458.87112,730.791536,3.5,258.87112,-269.208464,0.780056
1.5,200,1000,10,444,4.9,486.37238,671.354771,3.4,286.37238,-328.645229,0.866955
1.5,200,1000,10,445,2.0,149.100659,988.0532,0.5,-50.899341,-11.9468,0.922955
1.5,200,1000,10,446,1.547098,185.436959,1024.059587,0.047098,-14.563041,24.059587,0.962673
1.5,200,1000,10,447,1.438334,224.373042,1031.61336,-0.061666,24.373042,31.61336,0.9294
1.5,200,1000,10,448,1.565666,203.567677,1018.063248,0.065666,3.567677,18.063248,0.950969
1.5,200,1000,10,449,1.458048,141.509059,998.965058,-0.041952,-58.490941,-1.034942,0.861989
1.5,200,1000,10,450,5.0,744.647684,491.722557,3.5,544.647684,-508.277443,0.815647
1.5,200,1000,10,451,5.0,406.195927,762.10504,3.5,206.195927,-237.89496,0.857857
1.5,200,1000,10,452,5.0,873.610026,382.424002,3.5,673.610026,-617.575998,0.82495
1.5,200,1000,10,453,5.0,649.247932,525.736417,3.5,449.247932,-474.263583,0.779005
1.5,200,1000,10,454,5.0,572.129357,658.706499,3.5,372.129357,-341.293501,0.844748
1.5,200,1000,10,455,5.0,998.697717,293.754653,3.5,798.697717,-706.245347,0.77127
1.5,200,1000,10,456,5.0,404.914409,729.952402,3.5,204.914409,-270.047598,0.722204
1.5,200,1000,10,457,5.0,553.930803,612.826127,3.5,353.930803,-387.173873,0.812008
1.5,200,1000,10,458,2.608937,165.849091,1075.333341,1.108937,-34.150909,75.333341,0.931033
1.5,200,1000,10,459,5.0,885.02657,384.965581,3.5,685.02657,-615.034419,0.7936
1.5,200,1000,10,460,4.9,634.140001,563.253607,3.4,434.140001,-436.746393,0.757717
1.5,200,1000,10,461,5.0,554.098007,660.596486,3.5,354.098007,-339.403514,0.861131
1.5,200,1000,10,462,5.0,634.38705,594.452564,3.5,434.38705,-405.547436,0.687336
1.5,200,1000,10,463,5.0,761.857537,460.18725,3.5,561.857537,-539.81275,0.642963
1.5,200,1000,10,464,5.0,376.46715,834.777879,3.5,176.46715,-165.222121,0.88336
1.5,200,1000,10,465,2.1,337.936815,935.191036,0.6,137.936815,-64.808964,0.943839
1.5,200,1000,10,466,5.0,982.463218,280.573254,3.5,782.463218,-719.426746,0.791865
1.5,200,1000,10,467,1.519739,156.945458,987.119951,0.019739,-43.054542,-12.880049,0.950568
1.5,200,1000,10,468,1.66065,189.414928,985.750424,0.16065,-10.585072,-14.249576,0.943149
1.5,200,1000,10,469,1.848928,353.800655,937.887821,0.348928,153.800655,-62.112179,0.932528
1.5,200,1000,10,470,2.0,187.494915,954.801364,0.5,-12.505085,-45.198636,0.950316
1.5,200,1000,10,471,1.40641,138.995875,1045.915312,-0.09359,-61.004125,45.915312,0.934466
1.5,200,1000,10,472,1.595545,183.266668,977.6644,0.095545,-16.733332,-22.3356,0.854381
1.5,200,1000,10,473,1.842253,253.223921,979.659124,0.342253,53.223921,-20.340876,0.925457
1.5,200,1000,10,474,5.0,625.126996,573.84359,3.5,425.126996,-426.15641,0.864703
1.5,200,1000,10,475,1.850999,215.696092,969.221942,0.350999,15.696092,-30.778058,0.877737
1.5,200,1000,10,476,2.0,241.099811,946.86794,0.5,41.099811,-53.13206,0.871061
1.5,200,1000,10,477,1.360553,165.918566,1003.422443,-0.139447,-34.081434,3.422443,0.94335
1.5,200,1000,10,478,2.0,278.346247,969.840471,0.5,78.346247,-30.159529,0.945226
1.5,200,1000,10,479,2.0,275.483094,1008.364016,0.5,75.483094,8.364016,0.939828
1.5,200,1000,10,480,5.0,451.493903,750.616589,3.5,251.493903,-249.383411,0.85553
1.5,200,1000,10,481,2.055189,217.317623,985.876118,0.555189,17.317623,-14.123882,0.909999
1.5,200,1000,10,482,1.489981,246.367352,986.537416,-0.010019,46.367352,-13.462584,0.922132
1.5,200,1000,10,483,3.070372,326.494013,868.072189,1.570372,126.494013,-131.927811,0.82476
1.5,200,1000,10,484,1.386575,216.660712,1012.650864,-0.113425,16.660712,12.650864,0.972528
1.5,200,1000,10,485,1.411217,177.57364,999.234528,-0.088783,-22.42636,-0.765472,0.939807
1.5,200,1000,10,486,1.515299,257.379876,1036.120683,0.015299,57.379876,36.120683,0.970813
1.5,200,1000,10,487,5.0,647.389756,605.659771,3.5,447.389756,-394.340229,0.827212
1.5,200,1000,10,488,5.0,628.265352,580.405498,3.5,428.265352,-419.594502,0.792134
1.5,200,1000,10,489,2.091437,166.64011,977.062859,0.591437,-33.35989,-22.937141,0.943269
1.5,200,1000,10,490,1.504098,164.26893,985.590584,0.004098,-35.73107,-14.409416,0.963996
1.5,200,1000,10,491,2.61942,271.547518,929.299863,1.11942,71.547518,-70.700137,0.9405
1.5,200,1000,10,492,5.0,764.259697,502.46846,3.5,564.259697,-497.53154,0.883647
1.5,200,1000,10,493,1.462154,237.198427,1024.667961,-0.037846,37.198427,24.667961,0.921251
1.5,200,1000,10,494,5.0,738.39375,489.692127,3.5,538.39375,-510.307873,0.74764
1.5,200,1000,10,495,5.0,726.430689,501.244302,3.5,526.430689,-498.755698,0.819855
1.5,200,1000,10,496,2.0,286.928761,1003.043161,0.5,86.928761,3.043161,0.954652
1.5,200,1000,10,497,5.0,528.146662,651.694034,3.5,328.146662,-348.305966,0.78917
1.5,200,1000,10,498,5.0,317.257351,830.734667,3.5,117.257351,-169.265333,0.791197
1.5,200,1000,10,499,1.715456,271.171518,1015.091225,0.215456,71.171518,15.091225,0.859714
1.5,200,1000,10,500,2.0,288.857356,959.78449,0.5,88.857356,-40.21551,0.970974
1.5,200,1000,10,501,3.088832,282.250376,949.762308,1.588832,82.250376,-50.237692,0.862403
1.5,200,1000,10,502,5.0,826.512472,432.650934,3.5,626.512472,-567.349066,0.792651
1.5,200,1000,10,503,2.1,276.433963,924.069311,0.6,76.433963,-75.930689,0.952617
1.5,200,1000,10,504,4.9,402.967778,807.328445,3.4,202.967778,-192.671555,0.903111
1.5,200,1000,10,505,1.631853,235.797982,986.314535,0.131853,35.797982,-13.685465,0.936122
1.5,200,1000,10,506,2.0,328.922685,920.094008,0.5,128.922685,-79.905992,0.948197
1.5,200,1000,10,507,5.0,424.451306,769.173461,3.5,224.451306,-230.826539,0.86546
1.5,200,1000,10,508,4.9,620.765367,602.338804,3.4,420.765367,-397.661196,0.885975
1.5,200,1000,10,509,2.11218,238.426945,998.779206,0.61218,38.426945,-1.220794,0.945186
1.5,200,1000,10,510,1.534076,212.153388,981.559253,0.034076,12.153388,-18.440747,0.940465
1.5,200,1000,10,511,1.454005,162.956873,981.323504,-0.045995,-37.043127,-18.676496,0.883815
1.5,200,1000,10,512,1.435577,188.38415,1015.775082,-0.064423,-11.61585,15.775082,0.910376
1.5,200,1000,10,513,5.0,964.323506,296.767478,3.5,764.323506,-703.232522,0.753708
1.5,200,1000,10,514,1.604797,153.556958,1048.854289,0.104797,-46.443042,48.854289,0.91738
1.5,200,1000,10,515,2.0,226.63225,970.962619,0.5,26.63225,-29.037381,0.924046
1.5,200,1000,10,516,5.0,685.139774,506.535876,3.5,485.139774,-493.464124,0.743278
1.5,200,1000,10,517,2.0,344.185048,979.300843,0.5,144.185048,-20.699157,0.945032
1.5,200,1000,10,518,2.0,216.034979,1015.330866,0.5,16.034979,15.330866,0.91821
1.5,200,1000,10,519,2.100501,201.84694,984.956896,0.600501,1.84694,-15.043104,0.950851
1.5,200,1000,10,520,2.0,299.134194,942.495755,0.5,99.134194,-57.504245,0.927984
1.5,200,1000,10,521,5.0,681.753526,533.718405,3.5,481.753526,-466.281595,0.860356
1.5,200,1000,10,522,1.630085,183.077557,1031.667752,0.130085,-16.922443,31.667752,0.962974
1.5,200,1000,10,523,1.437016,192.683088,1003.680655,-0.062984,-7.316912,3.680655,0.870337
1.5,200,1000,10,524,2.0,205.23183,950.092748,0.5,5.23183,-49.907252,0.969628
1.5,200,1000,10,525,2.763975,276.435654,946.758919,1.263975,76.435654,-53.241081,0.870162
1.5,200,1000,10,526,1.528263,139.547199,991.340752,0.028263,-60.452801,-8.659248,0.958822
1.5,200,1000,10,527,5.0,615.452236,650.860794,3.5,415.452236,-349.139206,0.837212
1.5,200,1000,10,528,2.1,288.890675,944.921821,0.6,88.890675,-55.078179,0.914439
1.5,200,1000,10,529,1.515736,175.715716,1013.787427,0.015736,-24.284284,13.787427,0.940869
1.5,200,1000,10,530,1.741529,285.162216,960.946226,0.241529,85.162216,-39.053774,0.950677
1.5,200,1000,10,531,1.863954,169.427036,994.403913,0.363954,-30.572964,-5.596087,0.938991
1.5,200,1000,10,532,4.999999,492.606656,727.497624,3.499999,292.606656,-272.502376,0.750266
1.5,200,1000,10,533,5.0,939.775044,309.271378,3.5,739.775044,-690.728622,0.682502
1.5,200,1000,10,534,2.731424,225.332955,968.432808,1.231424,25.332955,-31.567192,0.887344
1.5,200,1000,10,535,5.0,732.274219,478.679622,3.5,532.274219,-521.320378,0.798133
1.5,200,1000,10,536,4.9,447.249774,757.201945,3.4,247.249774,-242.798055,0.862275
1.5,200,1000,10,537,1.560165,238.9261,999.120996,0.060165,38.9261,-0.879004,0.945691
1.5,200,1000,10,538,5.0,1066.407108,304.562726,3.5,866.407108,-695.437274,0.721432
1.5,200,1000,10,539,2.1,184.072396,984.768621,0.6,-15.927604,-15.231379,0.95031
1.5,200,1000,10,540,3.314077,379.652678,899.583172,1.814077,179.652678,-100.416828,0.868734
1.5,200,1000,10,541,5.0,450.818436,741.380979,3.5,250.818436,-258.619021,0.751778
1.5,200,1000,10,542,5.0,707.317755,490.685482,3.5,507.317755,-509.314518,0.720507
1.5,200,1000,10,543,5.0,467.940723,700.332591,3.5,267.940723,-299.667409,0.834513
1.5,200,1000,10,544,5.0,506.861286,758.512927,3.5,306.861286,-241.487073,0.826218
1.5,200,1000,10,545,5.0,1164.878658,110.961081,3.5,964.878658,-889.038919,0.580017
1.5,200,1000,10,546,2.1,345.298201,912.223979,0.6,145.298201,-87.776021,0.94574
1.5,200,1000,10,547,2.345604,314.630098,921.228991,0.845604,114.630098,-78.771009,0.922484
1.5,200,1000,10,548,5.0,695.4506,609.223957,3.5,495.4506,-390.776043,0.861864
1.5,200,1000,10,549,4.9,722.924774,544.850453,3.4,522.924774,-455.149547,0.891879
1.5,200,1000,10,550,5.0,485.254853,693.671408,3.5,285.254853,-306.328592,0.803497
1.5,200,1000,10,551,1.352206,111.041957,1007.957672,-0.147794,-88.958043,7.957672,0.945009
1.5,200,1000,10,552,5.0,572.307321,655.09768,3.5,372.307321,-344.90232,0.835554
1.5,200,1000,10,553,5.0,461.213173,742.035506,3.5,261.213173,-257.964494,0.818209
1.5,200,1000,10,554,5.0,739.268938,485.881753,3.5,539.268938,-514.118247,0.836212
1.5,200,1000,10,555,5.0,513.999748,649.62843,3.5,313.999748,-350.37157,0.717891
1.5,200,1000,10,556,2.389192,249.449226,952.25043,0.889192,49.449226,-47.74957,0.936963
1.5,200,1000,10,557,5.0,493.39643,641.538577,3.5,293.39643,-358.461423,0.763637
1.5,200,1000,10,558,1.612883,397.654122,952.684496,0.112883,197.654122,-47.315504,0.878335
1.5,200,1000,10,559,4.9,467.816998,720.881336,3.4,267.816998,-279.118664,0.882385
1.5,200,1000,10,560,5.0,741.36403,508.505706,3.5,541.36403,-491.494294,0.758883
1.5,200,1000,10,561,1.954836,148.739931,1034.462313,0.454836,-51.260069,34.462313,0.939685
1.5,200,1000,10,562,4.524587,196.746331,984.823463,3.024587,-3.253669,-15.176537,0.759315
1.5,200,1000,10,563,1.428568,178.777609,1047.704193,-0.071432,-21.222391,47.704193,0.949286
1.5,200,1000,10,564,5.0,972.922063,354.930472,3.5,772.922063,-645.069528,0.854877
1.5,200,1000,10,565,2.0,253.798845,946.159106,0.5,53.798845,-53.840894,0.9436
1.5,200,1000,10,566,5.0,690.459018,519.019127,3.5,490.459018,-480.980873,0.837054
1.5,200,1000,10,567,2.343626,278.964338,952.21024,0.843626,78.964338,-47.78976,0.904681
1.5,200,1000,10,568,1.886268,250.128634,974.811928,0.386268,50.128634,-25.188072,0.922856
1.5,200,1000,10,569,1.462285,212.426803,1030.821335,-0.037715,12.426803,30.821335,0.943875
1.5,200,1000,10,570,1.485294,169.990763,987.867273,-0.014706,-30.009237,-12.132727,0.89986
1.5,200,1000,10,571,5.0,823.168139,440.529771,3.5,623.168139,-559.470229,0.845822
1.5,200,1000,10,572,5.0,788.320518,510.487433,3.5,588.320518,-489.512567,0.829157
1.5,200,1000,10,573,4.9,320.49946,832.984774,3.4,120.49946,-167.015226,0.894961
1.5,200,1000,10,574,1.407871,146.870392,1036.543098,-0.092129,-53.129608,36.543098,0.858946
1.5,200,1000,10,575,2.0,178.302942,982.424682,0.5,-21.697058,-17.575318,0.904588
1.5,200,1000,10,576,4.9,910.360965,375.302332,3.4,710.360965,-624.697668,0.871252
1.5,200,1000,10,577,5.0,481.891872,662.649418,3.5,281.891872,-337.350582,0.845758
1.5,200,1000,10,578,4.9,615.848146,592.25146,3.4,415.848146,-407.74854,0.889949
1.5,200,1000,10,579,2.0,210.320277,982.250082,0.5,10.320277,-17.749918,0.892656
1.5,200,1000,10,580,3.730906,348.014703,858.249102,2.230906,148.014703,-141.750898,0.859786
1.5,200,1000,10,581,5.0,589.80849,630.235055,3.5,389.80849,-369.764945,0.885631
1.5,200,1000,10,582,4.9,569.449006,604.645721,3.4,369.449006,-395.354279,0.797345
1.5,200,1000,10,583,4.9,353.603355,778.946929,3.4,153.603355,-221.053071,0.864767
1.5,200,1000,10,584,2.0,279.867275,930.543135,0.5,79.867275,-69.456865,0.954974
1.5,200,1000,10,585,3.106352,239.843141,943.323502,1.606352,39.843141,-56.676498,0.90146
1.5,200,1000,10,586,2.1,291.964466,935.436335,0.6,91.964466,-64.563665,0.928708
1.5,200,1000,10,587,5.0,614.835829,600.995327,3.5,414.835829,-399.004673,0.850493
1.5,200,1000,10,588,5.0,747.185506,482.747493,3.5,547.185506,-517.252507,0.806114
1.5,200,1000,10,589,1.953737,237.822244,968.381358,0.453737,37.822244,-31.618642,0.898323
1.5,200,1000,10,590,5.0,271.307364,857.963406,3.5,71.307364,-142.036594,0.843266
1.5,200,1000,10,591,5.0,758.793206,500.198118,3.5,558.793206,-499.801882,0.616738
1.5,200,1000,10,592,5.0,519.210726,691.448853,3.5,319.210726,-308.551147,0.832137
1.5,200,1000,10,593,2.0,308.517616,918.994486,0.5,108.517616,-81.005514,0.952024
1.5,200,1000,10,594,5.0,592.893517,600.468646,3.5,392.893517,-399.531354,0.700738
1.5,200,1000,10,595,5.0,498.991673,709.72866,3.5,298.991673,-290.27134,0.857409
1.5,200,1000,10,596,5.0,900.967231,393.376176,3.5,700.967231,-606.623824,0.819584
1.5,200,1000,10,597,5.0,751.084114,548.507811,3.5,551.084114,-451.492189,0.861492
1.5,200,1000,10,598,2.522508,373.214986,908.910038,1.022508,173.214986,-91.089962,0.941361
1.5,200,1000,10,599,1.419806,136.044407,1042.160254,-0.080194,-63.955593,42.160254,0.957548
1.5,200,1000,10,600,1.445134,140.578037,998.073735,-0.054866,-59.421963,-1.926265,0.968849
1.5,200,1000,10,601,5.0,690.487136,520.838653,3.5,490.487136,-479.161347,0.71536
1.5,200,1000,10,602,1.530443,216.964642,1048.865556,0.030443,16.964642,48.865556,0.916191
1.5,200,1000,10,603,1.747213,138.984647,1025.585578,0.247213,-61.015353,25.585578,0.922025
1.5,200,1000,10,604,1.545529,176.932142,1000.930014,0.045529,-23.067858,0.930014,0.966153
1.5,200,1000,10,605,1.708181,192.836416,984.218232,0.208181,-7.163584,-15.781768,0.959856
1.5,200,1000,10,606,2.745698,234.759784,958.028351,1.245698,34.759784,-41.971649,0.92816
1.5,200,1000,10,607,3.137721,198.664122,950.41118,1.637721,-1.335878,-49.58882,0.91139
1.5,200,1000,10,608,5.0,610.657496,624.236284,3.5,410.657496,-375.763716,0.804651
1.5,200,1000,10,609,1.532595,156.379327,1027.449978,0.032595,-43.620673,27.449978,0.976191
1.5,200,1000,10,610,5.042479,376.3006,819.507146,3.542479,176.3006,-180.492854,0.765313
1.5,200,1000,10,611,5.0,1252.396467,67.098964,3.5,1052.396467,-932.901036,0.683352
1.5,200,1000,10,612,5.0,527.185487,715.270007,3.5,327.185487,-284.729993,0.827626
1.5,200,1000,10,613,5.0,664.683022,543.318508,3.5,464.683022,-456.681492,0.856194
1.5,200,1000,10,614,1.846258,216.24483,995.978621,0.346258,16.24483,-4.021379,0.952994
1.5,200,1000,10,615,5.0,448.693321,725.318508,3.5,248.693321,-274.681492,0.679324
1.5,200,1000,10,616,5.0,507.368459,651.567951,3.5,307.368459,-348.432049,0.829472
1.5,200,1000,10,617,5.0,1210.078277,148.010419,3.5,1010.078277,-851.989581,0.758174
1.5,200,1000,10,618,5.0,729.762249,542.205673,3.5,529.762249,-457.794327,0.764873
1.5,200,1000,10,619,5.0,724.909906,503.18093,3.5,524.909906,-496.81907,0.726371
1.5,200,1000,10,620,4.9,777.100261,505.123251,3.4,577.100261,-494.876749,0.843064
1.5,200,1000,10,621,1.467472,166.53437,1034.172378,-0.032528,-33.46563,34.172378,0.97902
1.5,200,1000,10,622,2.712998,236.79223,939.589216,1.212998,36.79223,-60.410784,0.93785
1.5,200,1000,10,623,5.0,608.624707,578.346709,3.5,408.624707,-421.653291,0.828189
1.5,200,1000,10,624,5.0,626.638786,558.866315,3.5,426.638786,-441.133685,0.73879
1.5,200,1000,10,625,5.0,939.75142,303.960116,3.5,739.75142,-696.039884,0.686444
1.5,200,1000,10,626,5.0,708.876169,515.396446,3.5,508.876169,-484.603554,0.892206
1.5,200,1000,10,627,5.0,646.477956,636.520473,3.5,446.477956,-363.479527,0.826475
1.5,200,1000,10,628,2.484967,224.637782,972.321587,0.984967,24.637782,-27.678413,0.911529
1.5,200,1000,10,629,5.0,744.522925,490.011019,3.5,544.522925,-509.988981,0.841593
1.5,200,1000,10,630,1.387214,188.167893,999.738488,-0.112786,-11.832107,-0.261512,0.962948
1.5,200,1000,10,631,5.0,1031.963094,339.517598,3.5,831.963094,-660.482402,0.858434
1.5,200,1000,10,632,2.0,179.813869,976.962135,0.5,-20.186131,-23.037865,0.867943
1.5,200,1000,10,633,5.0,613.285677,593.394478,3.5,413.285677,-406.605522,0.839664
1.5,200,1000,10,634,1.352659,186.138057,980.07525,-0.147341,-13.861943,-19.92475,0.824375
1.5,200,1000,10,635,5.0,609.466501,570.717065,3.5,409.466501,-429.282935,0.794329
1.5,200,1000,10,636,1.457644,238.391577,998.161363,-0.042356,38.391577,-1.838637,0.969492
1.5,200,1000,10,637,1.465357,295.690447,1021.814583,-0.034643,95.690447,21.814583,0.969902
1.5,200,1000,10,638,2.0,273.095194,929.103174,0.5,73.095194,-70.896826,0.887828
1.5,200,1000,10,639,1.536784,157.955166,1017.384517,0.036784,-42.044834,17.384517,0.869719
1.5,200,1000,10,640,3.381257,211.331995,932.590017,1.881257,11.331995,-67.409983,0.815994
1.5,200,1000,10,641,1.471821,118.350716,1045.238107,-0.028179,-81.649284,45.238107,0.940412
1.5,200,1000,10,642,2.1,383.793578,941.9048,0.6,183.793578,-58.0952,0.916763
1.5,200,1000,10,643,5.0,1366.831785,43.864059,3.5,1166.831785,-956.135941,0.69036
1.5,200,1000,10,644,1.920939,243.400911,970.017376,0.420939,43.400911,-29.982624,0.873999
1.5,200,1000,10,645,4.9,424.505052,732.280317,3.4,224.505052,-267.719683,0.887868
1.5,200,1000,10,646,2.553099,229.47957,987.569024,1.053099,29.47957,-12.430976,0.892276
1.5,200,1000,10,647,2.1,294.066666,918.021033,0.6,94.066666,-81.978967,0.925322
1.5,200,1000,10,648,5.0,530.640104,685.588219,3.5,330.640104,-314.411781,0.81012
1.5,200,1000,10,649,5.0,624.667167,570.749115,3.5,424.667167,-429.250885,0.827898
1.5,200,1000,10,650,5.0,672.439883,611.128851,3.5,472.439883,-388.871149,0.805345
1.5,200,1000,10,651,5.0,711.323583,523.273125,3.5,511.323583,-476.726875,0.73115
1.5,200,1000,10,652,2.1,338.765295,912.365446,0.6,138.765295,-87.634554,0.849342
1.5,200,1000,10,653,5.0,504.133907,700.385583,3.5,304.133907,-299.614417,0.681698
1.5,200,1000,10,654,5.0,546.410905,639.375414,3.5,346.410905,-360.624586,0.807168
1.5,200,1000,10,655,1.443392,124.621297,1019.108041,-0.056608,-75.378703,19.108041,0.970165
1.5,200,1000,10,656,5.0,604.356681,591.07647,3.5,404.356681,-408.92353,0.851193
1.5,200,1000,10,657,5.0,521.611333,699.486125,3.5,321.611333,-300.513875,0.801755
1.5,200,1000,10,658,1.821511,239.518992,977.298377,0.321511,39.518992,-22.701623,0.886889
1.5,200,1000,10,659,5.505028,233.86829,920.688508,4.005028,33.86829,-79.311492,0.466494
1.5,200,1000,10,660,2.016064,196.878865,985.548383,0.516064,-3.121135,-14.451617,0.857744
1.5,200,1000,10,661,1.634066,323.332179,981.75116,0.134066,123.332179,-18.24884,0.929097
1.5,200,1000,10,662,5.0,854.197554,419.764758,3.5,654.197554,-580.235242,0.873779
1.5,200,1000,10,663,1.835282,219.335357,1006.112282,0.335282,19.335357,6.112282,0.947519
1.5,200,1000,10,664,2.0,275.602063,970.942241,0.5,75.602063,-29.057759,0.944999
1.5,200,1000,10,665,1.665171,149.643257,1040.055352,0.165171,-50.356743,40.055352,0.956241
1.5,200,1000,10,666,1.882549,236.294987,967.822115,0.382549,36.294987,-32.177885,0.929453
1.5,200,1000,10,667,5.0,867.408363,366.944584,3.5,667.408363,-633.055416,0.771241
1.5,200,1000,10,668,5.0,807.190608,402.578162,3.5,607.190608,-597.421838,0.652601
1.5,200,1000,10,669,5.0,780.530282,461.479894,3.5,580.530282,-538.520106,0.845582
1.5,200,1000,10,670,5.0,605.697888,592.870754,3.5,405.697888,-407.129246,0.852543
1.5,200,1000,10,671,1.597368,296.313585,974.72635,0.097368,96.313585,-25.27365,0.939326
1.5,200,1000,10,672,2.0,335.308217,969.242154,0.5,135.308217,-30.757846,0.924755
1.5,200,1000,10,673,5.0,621.502701,585.517662,3.5,421.502701,-414.482338,0.825859
1.5,200,1000,10,674,5.0,564.706901,633.637489,3.5,364.706901,-366.362511,0.8157
1.5,200,1000,10,675,2.0,277.310557,950.330113,0.5,77.310557,-49.669887,0.933105
1.5,200,1000,10,676,1.693801,182.019404,1003.255724,0.193801,-17.980596,3.255724,0.940564
1.5,200,1000,10,677,4.9,458.648328,721.546131,3.4,258.648328,-278.453869,0.845346
1.5,200,1000,10,678,1.518392,180.298601,1068.45617,0.018392,-19.701399,68.45617,0.914281
1.5,200,1000,10,679,5.0,611.313818,597.380279,3.5,411.313818,-402.619721,0.805402
1.5,200,1000,10,680,1.472188,214.526492,988.288714,-0.027812,14.526492,-11.711286,0.9524
1.5,200,1000,10,681,1.467918,224.284729,1012.80042,-0.032082,24.284729,12.80042,0.976481
1.5,200,1000,10,682,1.574394,275.289385,968.074176,0.074394,75.289385,-31.925824,0.92586
1.5,200,1000,10,683,2.835037,321.085237,935.173449,1.335037,121.085237,-64.826551,0.880495
1.5,200,1000,10,684,1.508103,211.996686,1002.197097,0.008103,11.996686,2.197097,0.970554
1.5,200,1000,10,685,5.0,769.47476,446.951252,3.5,569.47476,-553.048748,0.783604
1.5,200,1000,10,686,5.0,962.499824,301.414352,3.5,762.499824,-698.585648,0.602164
1.5,200,1000,10,687,2.345159,169.774281,997.614271,0.845159,-30.225719,-2.385729,0.897671
1.5,200,1000,10,688,5.0,654.602183,541.179208,3.5,454.602183,-458.820792,0.822194
1.5,200,1000,10,689,1.741542,182.460901,997.228899,0.241542,-17.539099,-2.771101,0.888889
1.5,200,1000,10,690,1.940617,186.805639,964.763193,0.440617,-13.194361,-35.236807,0.937315
1.5,200,1000,10,691,4.9,724.300218,552.527011,3.4,524.300218,-447.472989,0.897399
1.5,200,1000,10,692,4.999999,915.172563,346.545447,3.499999,715.172563,-653.454553,0.711171
1.5,200,1000,10,693,1.679025,205.017947,976.078326,0.179025,5.017947,-23.921674,0.958368
1.5,200,1000,10,694,5.0,648.61591,554.35947,3.5,448.61591,-445.64053,0.795796
1.5,200,1000,10,695,4.9,760.004064,514.698455,3.4,560.004064,-485.301545,0.903728
1.5,200,1000,10,696,1.449157,280.800879,980.363332,-0.050843,80.800879,-19.636668,0.941128
1.5,200,1000,10,697,2.419085,257.643116,987.172543,0.919085,57.643116,-12.827457,0.923875
1.5,200,1000,10,698,5.0,508.648796,654.402901,3.5,308.648796,-345.597099,0.701498
1.5,200,1000,10,699,1.710002,171.549318,1047.216515,0.210002,-28.450682,47.216515,0.939484
1.5,200,1000,10,700,1.567252,221.134867,1007.951654,0.067252,21.134867,7.951654,0.948798
1.5,200,1000,10,701,1.540711,129.88829,1055.885347,0.040711,-70.11171,55.885347,0.937407
1.5,200,1000,10,702,5.0,568.057425,623.373028,3.5,368.057425,-376.626972,0.88046
1.5,200,1000,10,703,2.0,275.909241,990.177419,0.5,75.909241,-9.822581,0.958093
1.5,200,1000,10,704,2.349212,285.093812,957.894349,0.849212,85.093812,-42.105651,0.942451
1.5,200,1000,10,705,5.0,501.983166,671.952611,3.5,301.983166,-328.047389,0.804342
1.5,200,1000,10,706,1.872286,219.106396,973.082294,0.372286,19.106396,-26.917706,0.94738
1.5,200,1000,10,707,1.629526,267.581302,979.288852,0.129526,67.581302,-20.711148,0.930242
1.5,200,1000,10,708,2.327629,155.541599,1098.013427,0.827629,-44.458401,98.013427,0.906091
1.5,200,1000,10,709,5.0,778.619559,515.116776,3.5,578.619559,-484.883224,0.845296
1.5,200,1000,10,710,5.0,825.289704,408.450313,3.5,625.289704,-591.549687,0.778676
1.5,200,1000,10,711,2.1,257.81029,953.077952,0.6,57.81029,-46.922048,0.892736
1.5,200,1000,10,712,4.9,474.034919,718.258984,3.4,274.034919,-281.741016,0.885246
1.5,200,1000,10,713,1.37219,160.088854,1000.298038,-0.12781,-39.911146,0.298038,0.926325
1.5,200,1000,10,714,5.0,820.467667,452.997317,3.5,620.467667,-547.002683,0.871905
1.5,200,1000,10,715,5.0,794.761419,514.628248,3.5,594.761419,-485.371752,0.840161
1.5,200,1000,10,716,4.9,1090.308376,227.869172,3.4,890.308376,-772.130828,0.759783
1.5,200,1000,10,717,5.0,481.190822,704.244113,3.5,281.190822,-295.755887,0.800137
1.5,200,1000,10,718,5.0,456.701485,698.90275,3.5,256.701485,-301.09725,0.722339
1.5,200,1000,10,719,1.608098,239.559021,988.462327,0.108098,39.559021,-11.537673,0.947641
1.5,200,1000,10,720,2.754996,219.554885,952.159645,1.254996,19.554885,-47.840355,0.827646
1.5,200,1000,10,721,2.1,250.293487,954.36538,0.6,50.293487,-45.63462,0.943261
1.5,200,1000,10,722,1.550315,190.724788,1021.25978,0.050315,-9.275212,21.25978,0.875467
1.5,200,1000,10,723,1.609081,190.696828,996.714662,0.109081,-9.303172,-3.285338,0.951161
1.5,200,1000,10,724,1.443995,236.441198,1015.325827,-0.056005,36.441198,15.325827,0.939117
1.5,200,1000,10,725,5.0,513.982588,637.728232,3.5,313.982588,-362.271768,0.739833
1.5,200,1000,10,726,2.418552,255.073193,963.151928,0.918552,55.073193,-36.848072,0.877804
1.5,200,1000,10,727,2.1,286.430783,922.750649,0.6,86.430783,-77.249351,0.967398
1.5,200,1000,10,728,1.397212,229.467956,992.902195,-0.102788,29.467956,-7.097805,0.90341
1.5,200,1000,10,729,2.0,225.749222,957.668893,0.5,25.749222,-42.331107,0.875205
1.5,200,1000,10,730,1.474742,214.287623,1039.805033,-0.025258,14.287623,39.805033,0.967105
1.5,200,1000,10,731,5.0,969.740448,297.961029,3.5,769.740448,-702.038971,0.778736
1.5,200,1000,10,732,5.0,753.997028,481.384239,3.5,553.997028,-518.615761,0.851024
1.5,200,1000,10,733,4.9,559.795481,631.747423,3.4,359.795481,-368.252577,0.866252
1.5,200,1000,10,734,5.0,572.727884,684.592545,3.5,372.727884,-315.407455,0.762535
1.5,200,1000,10,735,2.797542,192.508928,973.656819,1.297542,-7.491072,-26.343181,0.935156
1.5,200,1000,10,736,4.9,816.877563,481.874266,3.4,616.877563,-518.125734,0.874111
1.5,200,1000,10,737,4.979323,292.812821,871.79356,3.479323,92.812821,-128.20644,0.87109
1.5,200,1000,10,738,3.788075,271.937962,904.102475,2.288075,71.937962,-95.897525,0.910389
1.5,200,1000,10,739,1.563737,193.826291,976.648834,0.063737,-6.173709,-23.351166,0.956068
1.5,200,1000,10,740,5.0,820.054883,433.440137,3.5,620.054883,-566.559863,0.82798
1.5,200,1000,10,741,4.9,477.172912,732.749886,3.4,277.172912,-267.250114,0.8368
1.5,200,1000,10,742,5.0,644.690975,603.981047,3.5,444.690975,-396.018953,0.803771
1.5,200,1000,10,743,1.716998,204.355182,1026.342176,0.216998,4.355182,26.342176,0.910705
1.5,200,1000,10,744,2.0,330.405202,919.453514,0.5,130.405202,-80.546486,0.946515
1.5,200,1000,10,745,5.0,551.232872,619.639336,3.5,351.232872,-380.360664,0.777676
1.5,200,1000,10,746,2.624077,210.850936,943.122452,1.124077,10.850936,-56.877548,0.943706
1.5,200,1000,10,747,1.55777,191.842373,996.245173,0.05777,-8.157627,-3.754827,0.907602
1.5,200,1000,10,748,5.0,667.935232,549.351607,3.5,467.935232,-450.648393,0.80238
1.5,200,1000,10,749,5.0,625.766056,579.513266,3.5,425.766056,-420.486734,0.845199
1.5,200,1000,10,750,5.0,736.373087,545.617191,3.5,536.373087,-454.382809,0.838131
1.5,200,1000,10,751,1.670123,178.756987,1101.006974,0.170123,-21.243013,101.006974,0.895289
1.5,200,1000,10,752,5.0,807.453544,435.795076,3.5,607.453544,-564.204924,0.8629
1.5,200,1000,10,753,1.613897,203.382277,1060.607878,0.113897,3.382277,60.607878,0.947675
1.5,200,1000,10,754,5.0,634.651512,585.88718,3.5,434.651512,-414.11282,0.800605
1.5,200,1000,10,755,2.1,208.389105,971.679699,0.6,8.389105,-28.320301,0.966397
1.5,200,1000,10,756,1.686286,205.363393,1000.885174,0.186286,5.363393,0.885174,0.929453
1.5,200,1000,10,757,2.351542,320.571442,914.198158,0.851542,120.571442,-85.801842,0.90003
1.5,200,1000,10,758,5.0,997.854385,294.066298,3.5,797.854385,-705.933702,0.668691
1.5,200,1000,10,759,1.558923,227.179914,980.121731,0.058923,27.179914,-19.878269,0.957311
1.5,200,1000,10,760,5.0,672.624738,533.599644,3.5,472.624738,-466.400356,0.832929
1.5,200,1000,10,761,5.0,552.804353,636.385475,3.5,352.804353,-363.614525,0.793992
1.5,200,1000,10,762,1.6144,194.868341,1022.135832,0.1144,-5.131659,22.135832,0.940465
1.5,200,1000,10,763,5.0,738.660835,525.057754,3.5,538.660835,-474.942246,0.686142
1.5,200,1000,10,764,2.0,298.856041,908.228255,0.5,98.856041,-91.771745,0.915488
1.5,200,1000,10,765,5.0,946.672425,335.907285,3.5,746.672425,-664.092715,0.799649
1.5,200,1000,10,766,2.0,246.788538,1010.366535,0.5,46.788538,10.366535,0.95565
1.5,200,1000,10,767,5.0,746.468525,465.003149,3.5,546.468525,-534.996851,0.758523
1.5,200,1000,10,768,5.0,714.703989,502.110029,3.5,514.703989,-497.889971,0.760658
1.5,200,1000,10,769,5.0,931.086723,349.473768,3.5,731.086723,-650.526232,0.825185
1.5,200,1000,10,770,4.904704,1286.931193,3.9e-05,3.404704,1086.931193,-999.999961,0.61912
1.5,200,1000,10,771,1.87262,258.054706,994.858813,0.37262,58.054706,-5.141187,0.921369
1.5,200,1000,10,772,2.334374,177.071034,975.634707,0.834374,-22.928966,-24.365293,0.932157
1.5,200,1000,10,773,2.074774,305.03959,949.207377,0.574774,105.03959,-50.792623,0.947712
1.5,200,1000,10,774,2.419871,321.720383,928.049889,0.919871,121.720383,-71.950111,0.881726
1.5,200,1000,10,775,1.478275,238.806756,976.09857,-0.021725,38.806756,-23.90143,0.89421
1.5,200,1000,10,776,5.0,602.443448,603.496561,3.5,402.443448,-396.503439,0.782604
1.5,200,1000,10,777,1.828334,246.760312,970.78453,0.328334,46.760312,-29.21547,0.955211
1.5,200,1000,10,778,1.753591,354.659991,958.369434,0.253591,154.659991,-41.630566,0.939743
1.5,200,1000,10,779,5.0,1091.025161,190.309968,3.5,891.025161,-809.690032,0.639856
1.5,200,1000,10,780,5.0,964.655689,311.712892,3.5,764.655689,-688.287108,0.832569
1.5,200,1000,10,781,2.319125,265.141151,937.847906,0.819125,65.141151,-62.152094,0.94078
1.5,200,1000,10,782,5.0,655.959505,557.253611,3.5,455.959505,-442.746389,0.75025
1.5,200,1000,10,783,1.566188,134.561107,1018.800171,0.066188,-65.438893,18.800171,0.940448
1.5,200,1000,10,784,1.489281,286.181309,966.764841,-0.010719,86.181309,-33.235159,0.954294
1.5,200,1000,10,785,1.476693,142.074795,989.494774,-0.023307,-57.925205,-10.505226,0.872511
1.5,200,1000,10,786,4.9,425.996298,770.378228,3.4,225.996298,-229.621772,0.878567
1.5,200,1000,10,787,4.9,404.089043,791.158312,3.4,204.089043,-208.841688,0.834883
1.5,200,1000,10,788,5.0,919.200984,375.301131,3.5,719.200984,-624.698869,0.830853
1.5,200,1000,10,789,5.0,603.317229,614.580254,3.5,403.317229,-385.419746,0.878328
1.5,200,1000,10,790,1.443741,205.823654,986.903064,-0.056259,5.823654,-13.096936,0.959682
1.5,200,1000,10,791,2.0,221.051315,968.978351,0.5,21.051315,-31.021649,0.97651
1.5,200,1000,10,792,4.9,547.611206,649.536218,3.4,347.611206,-350.463782,0.881076
1.5,200,1000,10,793,5.0,900.494484,401.562886,3.5,700.494484,-598.437114,0.812108
1.5,200,1000,10,794,5.0,591.620932,611.521006,3.5,391.620932,-388.478994,0.75202
1.5,200,1000,10,795,1.610567,191.201021,997.831408,0.110567,-8.798979,-2.168592,0.954129
1.5,200,1000,10,796,1.928854,216.796054,1000.629951,0.428854,16.796054,0.629951,0.939998
1.5,200,1000,10,797,1.556357,158.720666,1025.879943,0.056357,-41.279334,25.879943,0.881452
1.5,200,1000,10,798,4.9,385.6016,769.429137,3.4,185.6016,-230.570863,0.871009
1.5,200,1000,10,799,2.127258,247.728746,986.675006,0.627258,47.728746,-13.324994,0.881619
1.5,200,1000,10,800,1.408287,173.557258,986.6033,-0.091713,-26.442742,-13.3967,0.946041
1.5,200,1000,10,801,2.355044,329.574208,930.022539,0.855044,129.574208,-69.977461,0.916253
1.5,200,1000,10,802,2.662554,220.357715,1029.89974,1.162554,20.357715,29.89974,0.947704
1.5,200,1000,10,803,1.455311,182.171726,989.353816,-0.044689,-17.828274,-10.646184,0.888789
1.5,200,1000,10,804,1.956185,209.043231,957.701354,0.456185,9.043231,-42.298646,0.93573
1.5,200,1000,10,805,1.524566,208.895703,997.186948,0.024566,8.895703,-2.813052,0.961091
1.5,200,1000,10,806,4.9,735.273884,501.713763,3.4,535.273884,-498.286237,0.793077
1.5,200,1000,10,807,2.0,209.931778,955.200316,0.5,9.931778,-44.799684,0.955776
1.5,200,1000,10,808,1.939175,206.091898,973.070227,0.439175,6.091898,-26.929773,0.96441
1.5,200,1000,10,809,5.0,656.751848,524.777176,3.5,456.751848,-475.222824,0.766254
1.5,200,1000,10,810,5.0,628.386205,566.946346,3.5,428.386205,-433.053654,0.857368
1.5,200,1000,10,811,5.0,634.900618,624.18136,3.5,434.900618,-375.81864,0.726327
1.5,200,1000,10,812,2.185537,197.09504,965.76333,0.685537,-2.90496,-34.23667,0.93116
1.5,200,1000,10,813,2.1,131.441716,990.901413,0.6,-68.558284,-9.098587,0.919517
1.5,200,1000,10,814,2.1,366.96078,901.926158,0.6,166.96078,-98.073842,0.929221
1.5,200,1000,10,815,5.0,933.233962,344.493927,3.5,733.233962,-655.506073,0.739744
1.5,200,1000,10,816,1.322438,223.976668,1012.368593,-0.177562,23.976668,12.368593,0.939681
1.5,200,1000,10,817,2.1,274.134262,941.930482,0.6,74.134262,-58.069518,0.950755
1.5,200,1000,10,818,5.0,987.678238,258.245558,3.5,787.678238,-741.754442,0.731269
1.5,200,1000,10,819,5.0,1278.914246,43.3278,3.5,1078.914246,-956.6722,0.70132
1.5,200,1000,10,820,2.187859,165.84832,990.355014,0.687859,-34.15168,-9.644986,0.93586
1.5,200,1000,10,821,5.0,836.656627,404.10507,3.5,636.656627,-595.89493,0.790349
1.5,200,1000,10,822,5.0,733.750584,526.463211,3.5,533.750584,-473.536789,0.838103
1.5,200,1000,10,823,5.0,853.911691,388.676579,3.5,653.911691,-611.323421,0.777052
1.5,200,1000,10,824,5.0,440.693427,712.887627,3.5,240.693427,-287.112373,0.773267
1.5,200,1000,10,825,5.0,394.451136,774.022262,3.5,194.451136,-225.977738,0.882784
1.5,200,1000,10,826,5.0,683.869306,557.461779,3.5,483.869306,-442.538221,0.719252
1.5,200,1000,10,827,5.0,803.913782,476.546253,3.5,603.913782,-523.453747,0.70723
1.5,200,1000,10,828,3.00954,264.379852,943.52987,1.50954,64.379852,-56.47013,0.908563
1.5,200,1000,10,829,2.0,269.750046,971.093247,0.5,69.750046,-28.906753,0.921985
1.5,200,1000,10,830,5.0,1021.201897,237.933778,3.5,821.201897,-762.066222,0.721842
1.5,200,1000,10,831,2.0,199.606768,951.070281,0.5,-0.393232,-48.929719,0.946177
1.5,200,1000,10,832,5.0,600.413966,608.17838,3.5,400.413966,-391.82162,0.870029
1.5,200,1000,10,833,1.847945,219.734439,1043.300685,0.347945,19.734439,43.300685,0.914461
1.5,200,1000,10,834,5.0,749.35455,521.267686,3.5,549.35455,-478.732314,0.85015
1.5,200,1000,10,835,5.0,653.350798,571.469459,3.5,453.350798,-428.530541,0.800413
1.5,200,1000,10,836,3.30708,193.881364,948.826471,1.80708,-6.118636,-51.173529,0.800419
1.5,200,1000,10,837,5.0,532.602429,629.354327,3.5,332.602429,-370.645673,0.730307
1.5,200,1000,10,838,1.684104,217.299098,992.730612,0.184104,17.299098,-7.269388,0.916581
1.5,200,1000,10,839,1.520536,145.203116,991.64302,0.020536,-54.796884,-8.35698,0.937603
1.5,200,1000,10,840,2.1,271.300302,977.871358,0.6,71.300302,-22.128642,0.95287
1.5,200,1000,10,841,5.0,580.146057,580.641795,3.5,380.146057,-419.358205,0.7791
1.5,200,1000,10,842,5.0,847.240411,431.241396,3.5,647.240411,-568.758604,0.850201
1.5,200,1000,10,843,5.0,699.107642,547.018098,3.5,499.107642,-452.981902,0.890988
1.5,200,1000,10,844,2.149046,266.124407,968.21685,0.649046,66.124407,-31.78315,0.938984
1.5,200,1000,10,845,5.0,705.805888,522.671828,3.5,505.805888,-477.328172,0.865976
1.5,200,1000,10,846,2.339384,215.568132,959.167399,0.839384,15.568132,-40.832601,0.939955
1.5,200,1000,10,847,5.0,582.813417,606.19394,3.5,382.813417,-393.80606,0.819648
1.5,200,1000,10,848,1.534827,152.758546,1013.592465,0.034827,-47.241454,13.592465,0.943321
1.5,200,1000,10,849,5.0,906.5053,339.355663,3.5,706.5053,-660.644337,0.706985
1.5,200,1000,10,850,5.0,880.592056,365.309201,3.5,680.592056,-634.690799,0.808426
1.5,200,1000,10,851,2.0,281.523066,1016.578038,0.5,81.523066,16.578038,0.915744
1.5,200,1000,10,852,2.0,237.008473,940.29745,0.5,37.008473,-59.70255,0.937337
1.5,200,1000,10,853,4.9,613.82793,640.321774,3.4,413.82793,-359.678226,0.845509
1.5,200,1000,10,854,5.0,686.341693,513.812335,3.5,486.341693,-486.187665,0.767366
1.5,200,1000,10,855,5.0,909.851449,383.537414,3.5,709.851449,-616.462586,0.794288
1.5,200,1000,10,856,2.0,285.674634,956.947519,0.5,85.674634,-43.052481,0.858188
1.5,200,1000,10,857,5.0,391.929601,827.435675,3.5,191.929601,-172.564325,0.821146
1.5,200,1000,10,858,1.981209,160.734924,1008.707338,0.481209,-39.265076,8.707338,0.955178
1.5,200,1000,10,859,5.0,314.298765,837.195623,3.5,114.298765,-162.804377,0.843959
1.5,200,1000,10,860,2.0,266.620087,939.237663,0.5,66.620087,-60.762337,0.939503
1.5,200,1000,10,861,1.888553,175.018015,1002.858056,0.388553,-24.981985,2.858056,0.910019
1.5,200,1000,10,862,5.0,1132.658412,194.958047,3.5,932.658412,-805.041953,0.783073
1.5,200,1000,10,863,1.989608,267.667959,974.442109,0.489608,67.667959,-25.557891,0.936742
1.5,200,1000,10,864,5.0,370.643086,823.092839,3.5,170.643086,-176.907161,0.810077
1.5,200,1000,10,865,1.977996,192.866615,979.808759,0.477996,-7.133385,-20.191241,0.937782
1.5,200,1000,10,866,5.0,1123.410711,192.338495,3.5,923.410711,-807.661505,0.70311
1.5,200,1000,10,867,3.797302,260.638422,955.217373,2.297302,60.638422,-44.782627,0.902471
1.5,200,1000,10,868,1.7256,92.01837,1017.899336,0.2256,-107.98163,17.899336,0.966456
1.5,200,1000,10,869,5.0,1165.992284,128.381151,3.5,965.992284,-871.618849,0.71687
1.5,200,1000,10,870,5.0,967.654726,349.793128,3.5,767.654726,-650.206872,0.910615
1.5,200,1000,10,871,1.726222,159.965789,1006.909191,0.226222,-40.034211,6.909191,0.923688
1.5,200,1000,10,872,2.225936,313.788919,941.557815,0.725936,113.788919,-58.442185,0.93485
1.5,200,1000,10,873,5.0,475.315076,769.305372,3.5,275.315076,-230.694628,0.757397
1.5,200,1000,10,874,5.0,361.731115,773.403978,3.5,161.731115,-226.596022,0.815913
1.5,200,1000,10,875,1.495006,146.767637,996.848846,-0.004994,-53.232363,-3.151154,0.96222
1.5,200,1000,10,876,5.0,782.217575,420.602551,3.5,582.217575,-579.397449,0.688889
1.5,200,1000,10,877,5.0,824.922332,413.825915,3.5,624.922332,-586.174085,0.81571
1.5,200,1000,10,878,1.602716,173.305782,988.056266,0.102716,-26.694218,-11.943734,0.954272
1.5,200,1000,10,879,1.836601,282.241078,944.915183,0.336601,82.241078,-55.084817,0.877617
1.5,200,1000,10,880,4.9,760.914639,516.607277,3.4,560.914639,-483.392723,0.898243
1.5,200,1000,10,881,2.798049,326.580878,933.418178,1.298049,126.580878,-66.581822,0.913554
1.5,200,1000,10,882,2.756789,222.428135,993.621658,1.256789,22.428135,-6.378342,0.912846
1.5,200,1000,10,883,5.0,1218.234198,124.749394,3.5,1018.234198,-875.250606,0.811016
1.5,200,1000,10,884,5.0,502.14327,708.134697,3.5,302.14327,-291.865303,0.752803
1.5,200,1000,10,885,5.0,487.112667,753.327762,3.5,287.112667,-246.672238,0.821006
1.5,200,1000,10,886,5.0,732.645444,490.357866,3.5,532.645444,-509.642134,0.872885
1.5,200,1000,10,887,4.9,735.138225,504.296213,3.4,535.138225,-495.703787,0.870269
1.5,200,1000,10,888,2.0,197.27412,966.64809,0.5,-2.72588,-33.35191,0.956264
1.5,200,1000,10,889,2.1,198.110262,1011.916666,0.6,-1.889738,11.916666,0.876148
1.5,200,1000,10,890,5.0,619.279185,577.958108,3.5,419.279185,-422.041892,0.733563
1.5,200,1000,10,891,5.0,761.443253,490.52421,3.5,561.443253,-509.47579,0.795872
1.5,200,1000,10,892,4.9,556.524417,651.46519,3.4,356.524417,-348.53481,0.792241
1.5,200,1000,10,893,1.364658,160.068758,1065.621272,-0.135342,-39.931242,65.621272,0.969955
1.5,200,1000,10,894,2.057473,190.717577,1013.540539,0.557473,-9.282423,13.540539,0.94963
1.5,200,1000,10,895,2.127393,204.519119,965.709732,0.627393,4.519119,-34.290268,0.930382
1.5,200,1000,10,896,5.0,520.678676,678.071748,3.5,320.678676,-321.928252,0.815918
1.5,200,1000,10,897,1.5134,188.566938,1005.879847,0.0134,-11.433062,5.879847,0.916792
1.5,200,1000,10,898,1.42975,139.893075,1059.404743,-0.07025,-60.106925,59.404743,0.887494
1.5,200,1000,10,899,2.524263,157.809353,997.998203,1.024263,-42.190647,-2.001797,0.913313
1.5,200,1000,10,900,5.0,534.367997,774.602062,3.5,334.367997,-225.397938,0.889775
1.5,200,1000,10,901,5.0,849.308623,435.778379,3.5,649.308623,-564.221621,0.840872
1.5,200,1000,10,902,1.557333,137.526546,1027.440848,0.057333,-62.473454,27.440848,0.867952
1.5,200,1000,10,903,5.0,874.982338,382.535183,3.5,674.982338,-617.464817,0.753593
1.5,200,1000,10,904,1.460639,243.273003,1029.007407,-0.039361,43.273003,29.007407,0.963331
1.5,200,1000,10,905,2.45678,262.775796,968.609519,0.95678,62.775796,-31.390481,0.902602
1.5,200,1000,10,906,5.0,932.246639,332.570845,3.5,732.246639,-667.429155,0.82434
1.5,200,1000,10,907,4.9,665.352627,597.859411,3.4,465.352627,-402.140589,0.867412
1.5,200,1000,10,908,2.1,194.890244,1019.602198,0.6,-5.109756,19.602198,0.900114
1.5,200,1000,10,909,1.563421,163.458183,1014.489962,0.063421,-36.541817,14.489962,0.963105
1.5,200,1000,10,910,4.9,315.904086,854.663016,3.4,115.904086,-145.336984,0.920983
1.5,200,1000,10,911,4.9,281.884776,878.905931,3.4,81.884776,-121.094069,0.881399
1.5,200,1000,10,912,1.927972,196.84423,956.818968,0.427972,-3.15577,-43.181032,0.918318
1.5,200,1000,10,913,2.565943,330.994608,914.501824,1.065943,130.994608,-85.498176,0.929241
1.5,200,1000,10,914,2.246469,273.334139,992.924368,0.746469,73.334139,-7.075632,0.938078
1.5,200,1000,10,915,5.0,592.470384,599.044887,3.5,392.470384,-400.955113,0.676842
1.5,200,1000,10,916,4.9,401.030816,801.630192,3.4,201.030816,-198.369808,0.898107
1.5,200,1000,10,917,5.0,665.24565,565.761908,3.5,465.24565,-434.238092,0.865353
1.5,200,1000,10,918,1.990847,156.836902,1083.52769,0.490847,-43.163098,83.52769,0.857982
1.5,200,1000,10,919,2.021304,319.067409,946.325348,0.521304,119.067409,-53.674652,0.946333
1.5,200,1000,10,920,5.0,1217.402891,56.35509,3.5,1017.402891,-943.64491,0.65446
1.5,200,1000,10,921,2.0,215.892425,984.412455,0.5,15.892425,-15.587545,0.919927
1.5,200,1000,10,922,4.9,727.318721,535.992985,3.4,527.318721,-464.007015,0.906447
1.5,200,1000,10,923,5.0,602.041204,605.684175,3.5,402.041204,-394.315825,0.681954
1.5,200,1000,10,924,4.869036,333.312753,834.86723,3.369036,133.312753,-165.13277,0.865015
1.5,200,1000,10,925,2.37124,239.847486,940.769962,0.87124,39.847486,-59.230038,0.890579
1.5,200,1000,10,926,1.589919,157.622205,1012.346718,0.089919,-42.377795,12.346718,0.959772
1.5,200,1000,10,927,1.526082,190.330437,1085.507268,0.026082,-9.669563,85.507268,0.920301
1.5,200,1000,10,928,5.0,777.193663,473.764866,3.5,577.193663,-526.235134,0.845856
1.5,200,1000,10,929,2.0,257.897002,987.530202,0.5,57.897002,-12.469798,0.943679
1.5,200,1000,10,930,1.701759,141.474225,995.52978,0.201759,-58.525775,-4.47022,0.939465
1.5,200,1000,10,931,1.975157,204.221003,1017.770737,0.475157,4.221003,17.770737,0.920848
1.5,200,1000,10,932,5.0,902.20838,400.795174,3.5,702.20838,-599.204826,0.79705
1.5,200,1000,10,933,5.0,923.867218,318.751375,3.5,723.867218,-681.248625,0.766246
1.5,200,1000,10,934,1.833966,181.404306,1005.83452,0.333966,-18.595694,5.83452,0.951405
1.5,200,1000,10,935,1.666695,204.653063,991.208988,0.166695,4.653063,-8.791012,0.9406
1.5,200,1000,10,936,1.715112,300.094641,978.736011,0.215112,100.094641,-21.263989,0.953001
1.5,200,1000,10,937,4.184015,1325.404906,5e-06,2.684015,1125.404906,-999.999995,0.553114
1.5,200,1000,10,938,4.9,634.817675,603.716475,3.4,434.817675,-396.283525,0.804312
1.5,200,1000,10,939,5.0,454.70953,689.20723,3.5,254.70953,-310.79277,0.854061
1.5,200,1000,10,940,5.0,691.56619,551.096565,3.5,491.56619,-448.903435,0.811084
1.5,200,1000,10,941,4.9,214.571041,897.342596,3.4,14.571041,-102.657404,0.920246
1.5,200,1000,10,942,5.0,796.710502,477.896095,3.5,596.710502,-522.103905,0.89104
1.5,200,1000,10,943,2.464091,255.297332,953.991825,0.964091,55.297332,-46.008175,0.876861
1.5,200,1000,10,944,5.0,754.215122,488.225726,3.5,554.215122,-511.774274,0.814093
1.5,200,1000,10,945,1.5682,240.503281,1001.719725,0.0682,40.503281,1.719725,0.911086
1.5,200,1000,10,946,2.1,187.582546,990.491348,0.6,-12.417454,-9.508652,0.910165
1.5,200,1000,10,947,5.0,793.71945,476.408542,3.5,593.71945,-523.591458,0.832551
1.5,200,1000,10,948,2.0,274.789506,967.922687,0.5,74.789506,-32.077313,0.953529
1.5,200,1000,10,949,5.0,611.335353,631.395267,3.5,411.335353,-368.604733,0.891493
1.5,200,1000,10,950,4.9,551.465903,629.415531,3.4,351.465903,-370.584469,0.860103
1.5,200,1000,10,951,2.1,236.328856,970.744705,0.6,36.328856,-29.255295,0.929692
1.5,200,1000,10,952,5.0,1004.273951,226.159544,3.5,804.273951,-773.840456,0.512738
1.5,200,1000,10,953,5.0,1097.891765,157.22829,3.5,897.891765,-842.77171,0.597814
1.5,200,1000,10,954,4.9,653.349782,634.10473,3.4,453.349782,-365.89527,0.91304
1.5,200,1000,10,955,1.424148,217.543509,993.237448,-0.075852,17.543509,-6.762552,0.838576
1.5,200,1000,10,956,5.0,569.086752,649.544823,3.5,369.086752,-350.455177,0.826779
1.5,200,1000,10,957,5.0,806.073348,415.732239,3.5,606.073348,-584.267761,0.675091
1.5,200,1000,10,958,2.102906,252.2794,982.12244,0.602906,52.2794,-17.87756,0.934908
1.5,200,1000,10,959,2.113608,247.481155,950.967586,0.613608,47.481155,-49.032414,0.924796
1.5,200,1000,10,960,2.127521,133.052941,1020.206036,0.627521,-66.947059,20.206036,0.91373
1.5,200,1000,10,961,2.1,180.314341,967.777374,0.6,-19.685659,-32.222626,0.959956
1.5,200,1000,10,962,5.0,570.032989,592.729495,3.5,370.032989,-407.270505,0.760986
1.5,200,1000,10,963,2.1,254.075136,938.95396,0.6,54.075136,-61.04604,0.917053
1.5,200,1000,10,964,2.0,260.699845,958.545043,0.5,60.699845,-41.454957,0.905404
1.5,200,1000,10,965,5.0,798.686647,429.797646,3.5,598.686647,-570.202354,0.783749
1.5,200,1000,10,966,5.0,704.748656,491.655616,3.5,504.748656,-508.344384,0.723653
1.5,200,1000,10,967,4.9,644.941379,597.118578,3.4,444.941379,-402.881422,0.860258
1.5,200,1000,10,968,2.024935,308.92311,953.336151,0.524935,108.92311,-46.663849,0.933229
1.5,200,1000,10,969,2.096209,343.423423,938.675585,0.596209,143.423423,-61.324415,0.907552
1.5,200,1000,10,970,5.0,1347.842304,5.537863,3.5,1147.842304,-994.462137,0.731925
1.5,200,1000,10,971,2.1,229.224285,959.779328,0.6,29.224285,-40.220672,0.933505
1.5,200,1000,10,972,5.0,363.716403,777.042087,3.5,163.716403,-222.957913,0.900268
1.5,200,1000,10,973,1.432218,174.830482,1024.89933,-0.067782,-25.169518,24.89933,0.936219
1.5,200,1000,10,974,1.617347,213.541499,998.989299,0.117347,13.541499,-1.010701,0.955532
1.5,200,1000,10,975,4.9,512.033021,663.658452,3.4,312.033021,-336.341548,0.856063
1.5,200,1000,10,976,5.0,778.535207,447.867492,3.5,578.535207,-552.132508,0.801421
1.5,200,1000,10,977,5.0,908.840157,403.483078,3.5,708.840157,-596.516922,0.764815
1.5,200,1000,10,978,2.0,212.889148,1003.730129,0.5,12.889148,3.730129,0.942588
1.5,200,1000,10,979,2.12105,215.795667,1026.859137,0.62105,15.795667,26.859137,0.944532
1.5,200,1000,10,980,1.486576,285.136022,991.545535,-0.013424,85.136022,-8.454465,0.963174
1.5,200,1000,10,981,2.0,258.793904,1020.243622,0.5,58.793904,20.243622,0.915679
1.5,200,1000,10,982,1.640086,201.376558,1015.341485,0.140086,1.376558,15.341485,0.910993
1.5,200,1000,10,983,2.36778,172.619353,998.131204,0.86778,-27.380647,-1.868796,0.903183
1.5,200,1000,10,984,4.9,561.176247,679.37917,3.4,361.176247,-320.62083,0.815482
1.5,200,1000,10,985,5.0,616.133613,570.805488,3.5,416.133613,-429.194512,0.857722
1.5,200,1000,10,986,5.0,878.348408,377.969814,3.5,678.348408,-622.030186,0.771735
1.5,200,1000,10,987,5.0,923.930491,343.655958,3.5,723.930491,-656.344042,0.804956
1.5,200,1000,10,988,2.157562,182.364897,1002.089553,0.657562,-17.635103,2.089553,0.937251
1.5,200,1000,10,989,5.0,707.76278,509.031407,3.5,507.76278,-490.968593,0.809204
1.5,200,1000,10,990,5.155581,412.855298,823.29521,3.655581,212.855298,-176.70479,0.700796
1.5,200,1000,10,991,1.448107,321.307965,978.561792,-0.051893,121.307965,-21.438208,0.930876
1.5,200,1000,10,992,5.0,809.181342,431.7975,3.5,609.181342,-568.2025,0.779293
1.5,200,1000,10,993,5.0,738.318723,533.397045,3.5,538.318723,-466.602955,0.881508
1.5,200,1000,10,994,5.0,377.311183,820.882921,3.5,177.311183,-179.117079,0.768113
1.5,200,1000,10,995,1.608714,136.152982,1024.779645,0.108714,-63.847018,24.779645,0.927593
1.5,200,1000,10,996,2.0,174.481104,1003.996502,0.5,-25.518896,3.996502,0.920336
1.5,200,1000,10,997,5.0,329.657301,863.780033,3.5,129.657301,-136.219967,0.677443
1.5,200,1000,10,998,2.753922,196.179899,952.716353,1.253922,-3.820101,-47.283647,0.91383
1.5,200,1000,10,999,2.0,342.951281,954.708521,0.5,142.951281,-45.291479,0.932959
1.5,200,1000,10,1000,1.772839,218.712397,984.062325,0.272839,18.712397,-15.937675,0.954939
