route,n,beta,gamma_over_eta,count,relative_bias,within_cell_variance,cell_mse,identity_residual
P,7,1.5,0.1,3000,0.4080105279960553,0.2390302834209138,0.40550287437653365,0.0
P,7,1.5,0.25,3000,0.16934075593858142,0.11720794773876736,0.14588423936061753,-2.7755575615628914e-17
P,7,1.5,0.5,3000,0.025387146126896066,0.0588516236610259,0.05949613084949427,-6.938893903907228e-18
P,7,1.5,0.75,3000,0.00799082953041064,0.027349177672799024,0.0274130310293831,-6.938893903907228e-18
P,7,1.5,1.0,3000,-0.0376658419866914,0.010559786798060286,0.011978502450626687,-3.469446951953614e-18
P,7,2.0,0.1,3000,0.20507307553301143,0.14987012829056026,0.1919250945991285,2.7755575615628914e-17
P,7,2.0,0.25,3000,0.06081408968017786,0.07587468865084879,0.0795730421544775,0.0
P,7,2.0,0.5,3000,-0.004229315367182911,0.04240408109526782,0.04242196820374291,0.0
P,7,2.0,0.75,3000,-0.0074792946831439625,0.022402191249786624,0.02245813109874393,0.0
P,7,2.0,1.0,3000,-0.041533193261514195,0.008660426382002049,0.010385432524500336,-1.734723475976807e-18
P,7,2.5,0.1,3000,0.09473039912997774,0.08190479203660961,0.09087864055593449,0.0
P,7,2.5,0.25,3000,-0.01580387802713085,0.05327179209613356,0.053521554656829985,0.0
P,7,2.5,0.5,3000,-0.030970472784843876,0.04003659422203553,0.040995764406552275,-1.3877787807814457e-17
P,7,2.5,0.75,3000,-0.01609619271894432,0.016528823870481713,0.016787911290527112,3.469446951953614e-18
P,7,2.5,1.0,3000,-0.04211134420399503,0.007515244966250578,0.009288610276917924,0.0
P,7,3.0,0.1,3000,0.037720704260769705,0.05610544687314204,0.057528298403070485,-6.938893903907228e-18
P,7,3.0,0.25,3000,-0.01784239089370295,0.037205142380549026,0.037523493293352715,-6.938893903907228e-18
P,7,3.0,0.5,3000,-0.043187582946913605,0.024034513343724678,0.025899680664521224,3.469446951953614e-18
P,7,3.0,0.75,3000,-0.03123534382191792,0.014363357008596483,0.01533900371226991,1.734723475976807e-18
P,7,3.0,1.0,3000,-0.053894135257966505,0.00512893453495752,0.008033512350161509,8.673617379884035e-19
P,7,3.5,0.1,3000,-0.016520047636851814,0.03032282859201762,0.030595740565941474,3.469446951953614e-18
P,7,3.5,0.25,3000,-0.07929770240992366,0.022108841200861547,0.02839696680835436,0.0
P,7,3.5,0.5,3000,-0.05322974379504679,0.017362474880329874,0.020195880504816202,6.938893903907228e-18
P,7,3.5,0.75,3000,-0.041901981424557255,0.010181864233475616,0.011937640280779557,0.0
P,7,3.5,1.0,3000,-0.05772601291069441,0.003861018185219764,0.007193310751785421,-4.336808689942018e-19
P,7,4.0,0.1,3000,-0.04253474420384403,0.02007947925534445,0.02188868371983089,-6.938893903907228e-18
P,7,4.0,0.25,3000,-0.08947603199173561,0.015050299567776705,0.023056259868762793,-5.204170427930421e-18
P,7,4.0,0.5,3000,-0.08124984374174749,0.012744071271747854,0.019345608379806232,-5.204170427930421e-18
P,7,4.0,0.75,3000,-0.0495807849641778,0.008383624746081857,0.010841878983745898,1.734723475976807e-18
P,7,4.0,1.0,3000,-0.0681311247166353,0.002322098268052396,0.0069639484232061075,-8.673617379884035e-19
P,7,4.5,0.1,3000,-0.08778359869870958,0.01721610585960207,0.024922066060098155,0.0
P,7,4.5,0.25,3000,-0.12188823448393184,0.012205676385132055,0.02706241809074201,3.469446951953614e-18
P,7,4.5,0.5,3000,-0.09913867081049527,0.01129047836756839,0.021118954417640137,0.0
P,7,4.5,0.75,3000,-0.06248773877241668,0.006408354990827043,0.01031307248771683,8.673617379884035e-19
P,7,4.5,1.0,3000,-0.08472289936337135,0.002345005790285199,0.009522975466821149,0.0
P,7,5.0,0.1,3000,-0.10908869247366723,0.01042398992681236,0.0223243327524267,-1.734723475976807e-18
P,7,5.0,0.25,3000,-0.14718290329103,0.009124629509985329,0.03078743653116202,-1.734723475976807e-18
P,7,5.0,0.5,3000,-0.10827161883773169,0.0085125182037148,0.020235261649457853,-3.469446951953614e-18
P,7,5.0,0.75,3000,-0.07261273145259717,0.005233429918146353,0.010506038687153345,-1.734723475976807e-18
P,7,5.0,1.0,3000,-0.09277090477958942,0.0017521773249296233,0.010358618098553271,4.336808689942018e-19
P,10,1.5,0.1,3000,0.3324476466498072,0.1785543984517928,0.28907583621478783,-2.7755575615628914e-17
P,10,1.5,0.25,3000,0.0804020439808337,0.07085197581954622,0.07731646449584215,1.3877787807814457e-17
P,10,1.5,0.5,3000,0.023508603888384338,0.03796537616125595,0.038518030618036915,6.938893903907228e-18
P,10,1.5,0.75,3000,-0.0035534327552122704,0.015992751752986697,0.016005378637332514,0.0
P,10,1.5,1.0,3000,-0.0369884446826336,0.006650177339773694,0.00801832237981394,8.673617379884035e-19
P,10,2.0,0.1,3000,0.14034923708981295,0.11111590782060127,0.1308138161722938,0.0
P,10,2.0,0.25,3000,0.01451345233497462,0.05547902356146048,0.05568966386014006,0.0
P,10,2.0,0.5,3000,-0.011880125276528512,0.03578371265957127,0.03592485003615728,0.0
P,10,2.0,0.75,3000,-0.015785865881420856,0.01580987817812342,0.01605907173974963,3.469446951953614e-18
P,10,2.0,1.0,3000,-0.031309561914821565,0.007231404717856234,0.008211693385154277,-1.734723475976807e-18
P,10,2.5,0.1,3000,0.06265177320154422,0.06023092800966397,0.06415617269496171,6.938893903907228e-18
P,10,2.5,0.25,3000,-0.0166634017942118,0.04454073823791699,0.044818407197272335,6.938893903907228e-18
P,10,2.5,0.5,3000,-0.0223539129348297,0.025352973641298925,0.025852671064796873,3.469446951953614e-18
P,10,2.5,0.75,3000,-0.011754320197723852,0.013595501106247606,0.013733665149558223,-1.734723475976807e-18
P,10,2.5,1.0,3000,-0.031124512841558802,0.005982614239468466,0.006951349539092824,0.0
P,10,3.0,0.1,3000,0.04267212651779118,0.04529854090767396,0.047119451289224346,6.938893903907228e-18
P,10,3.0,0.25,3000,-0.03793889291282418,0.02796471319768755,0.02940407279313829,0.0
P,10,3.0,0.5,3000,-0.02939625614493161,0.023816253559853295,0.024680393435191728,3.469446951953614e-18
P,10,3.0,0.75,3000,-0.009657452505150104,0.011464905728073778,0.011558172116963007,0.0
P,10,3.0,1.0,3000,-0.03748798244075382,0.004082063903988872,0.005487412731467138,0.0
P,10,3.5,0.1,3000,0.01245000185942763,0.024237006679388804,0.024392009225688554,0.0
P,10,3.5,0.25,3000,-0.053081925046627475,0.018753546117988785,0.021571236884644563,0.0
P,10,3.5,0.5,3000,-0.04258142309873316,0.013865975499560392,0.01567915309267372,1.734723475976807e-18
P,10,3.5,0.75,3000,-0.025856148857171624,0.00736583271103786,0.008034373144762076,-8.673617379884035e-19
P,10,3.5,1.0,3000,-0.045618877571081004,0.0035466709375587247,0.005627752928404003,4.336808689942018e-19
P,10,4.0,0.1,3000,-0.022529712272334714,0.02090005308784904,0.02140764102292323,3.469446951953614e-18
P,10,4.0,0.25,3000,-0.07756208062908256,0.015330052072556716,0.021345928424069016,-3.469446951953614e-18
P,10,4.0,0.5,3000,-0.05141483005406432,0.009109763956102378,0.011753248705590694,1.734723475976807e-18
P,10,4.0,0.75,3000,-0.027366292161380746,0.006600380117212952,0.007349294063875,-1.734723475976807e-18
P,10,4.0,1.0,3000,-0.04812625702314138,0.0021924523269889217,0.004508588942046386,-8.673617379884035e-19
P,10,4.5,0.1,3000,-0.05193855054384757,0.01309963455007841,0.015797247582674222,1.734723475976807e-18
P,10,4.5,0.25,3000,-0.08232158362845075,0.010416641952616823,0.017193485083712833,0.0
P,10,4.5,0.5,3000,-0.06866343771333777,0.007472623307703188,0.012187290986316605,8.673617379884035e-19
P,10,4.5,0.75,3000,-0.047701557778307084,0.004848996140308123,0.007124434754785292,0.0
P,10,4.5,1.0,3000,-0.05590316023911934,0.0014980345996877802,0.004623197924408433,-6.505213034913027e-19
P,10,5.0,0.1,3000,-0.07581697774365845,0.00973759617600507,0.01548581029018747,0.0
P,10,5.0,0.25,3000,-0.10532240489803978,0.008293137230677457,0.01938594620418409,0.0
P,10,5.0,0.5,3000,-0.08527644354518633,0.004742278864006817,0.01201435068772217,0.0
P,10,5.0,0.75,3000,-0.061388524515767734,0.0034828819087798263,0.007251432851002842,0.0
P,10,5.0,1.0,3000,-0.06549031049778346,0.0010765185478903816,0.0053654993169864685,2.168404344971009e-19
P,15,1.5,0.1,3000,0.24241643326963336,0.1267384342044873,0.18550416132365785,-5.551115123125783e-17
P,15,1.5,0.25,3000,0.033787181886980155,0.0485894034598193,0.04973097711968317,-6.938893903907228e-18
P,15,1.5,0.5,3000,-0.010714626352176614,0.024126490678905595,0.02424129389677235,0.0
P,15,1.5,0.75,3000,-0.0030002471827950405,0.009275146148460789,0.009284147631618656,-1.734723475976807e-18
P,15,1.5,1.0,3000,-0.023828297769807855,0.0039035532935757615,0.004471341068182391,0.0
P,15,2.0,0.1,3000,0.10702705785575578,0.07520068295056372,0.086655474063823,-1.3877787807814457e-17
P,15,2.0,0.25,3000,0.012408776442481515,0.04713233196921124,0.047286309702010705,-2.0816681711721685e-17
P,15,2.0,0.5,3000,-0.011889398914336805,0.020161187714638547,0.02030254552118278,0.0
P,15,2.0,0.75,3000,0.004393865454009453,0.01285520735333101,0.01287451340695895,1.734723475976807e-18
P,15,2.0,1.0,3000,-0.025136810084310582,0.004992997393795407,0.0056248566150101055,8.673617379884035e-19
P,15,2.5,0.1,3000,0.03934364836938039,0.05061144350970565,0.052159366176719096,-6.938893903907228e-18
P,15,2.5,0.25,3000,-0.020007601632702668,0.032390369883470514,0.03279067400656344,0.0
P,15,2.5,0.5,3000,-0.011184908773420224,0.015011007523641932,0.015136109707911662,-3.469446951953614e-18
P,15,2.5,0.75,3000,-0.012655180136888097,0.009518524871927779,0.009678678456224865,-1.734723475976807e-18
P,15,2.5,1.0,3000,-0.015978323172200666,0.0052501584105472945,0.005505465221942579,0.0
P,15,3.0,0.1,3000,0.01162853528971679,0.0309108272436216,0.03104605007660579,0.0
P,15,3.0,0.25,3000,-0.026980539622857274,0.02141551883196785,0.02214346835030842,0.0
P,15,3.0,0.5,3000,-0.023268165772648446,0.014312344479416296,0.014853752017839743,-1.734723475976807e-18
P,15,3.0,0.75,3000,-0.0035159910879968568,0.008884167617480843,0.008896529810811717,0.0
P,15,3.0,1.0,3000,-0.022293903551922994,0.0036050681214351097,0.0041020862570175535,-8.673617379884035e-19
P,15,3.5,0.1,3000,-0.002215294013310389,0.022768808419942,0.022773715947507413,3.469446951953614e-18
P,15,3.5,0.25,3000,-0.03748935281832898,0.016385207882534402,0.017790659457271554,0.0
P,15,3.5,0.5,3000,-0.006425990406277076,0.010845588296048028,0.010886881648749593,0.0
P,15,3.5,0.75,3000,-0.025063849529939945,0.005366242093071622,0.0059944386463310914,-8.673617379884035e-19
P,15,3.5,1.0,3000,-0.034128488826555746,0.002640995921023326,0.003805749670607666,-4.336808689942018e-19
P,15,4.0,0.1,3000,-0.007246433178828435,0.014236622394370655,0.014289133188185884,3.469446951953614e-18
P,15,4.0,0.25,3000,-0.04050077227300547,0.011646408029839286,0.013286720584549135,0.0
P,15,4.0,0.5,3000,-0.032102289917354934,0.0068681126778161105,0.00789866969575402,8.673617379884035e-19
P,15,4.0,0.75,3000,-0.018296546620145515,0.0032398663843036506,0.003574630002526809,0.0
P,15,4.0,1.0,3000,-0.02912570994615332,0.001780032011165968,0.0026283389910334225,0.0
P,15,4.5,0.1,3000,-0.029549682261337997,0.009327594622187928,0.010200778343933962,0.0
P,15,4.5,0.25,3000,-0.06736240810542343,0.006183312777887662,0.010721006803649277,-1.734723475976807e-18
P,15,4.5,0.5,3000,-0.041964790639640946,0.004465035235889649,0.006226078889318546,8.673617379884035e-19
P,15,4.5,0.75,3000,-0.03559008273568422,0.0037180907497613176,0.004984744738894166,0.0
P,15,4.5,1.0,3000,-0.0355117423649505,0.001092821418543734,0.0023539052643383545,2.168404344971009e-19
P,15,5.0,0.1,3000,-0.05965825048769814,0.006625919632939594,0.01018502648419253,0.0
P,15,5.0,0.25,3000,-0.07054651758583229,0.005971966650612719,0.010948777794100863,0.0
P,15,5.0,0.5,3000,-0.06271948146238719,0.00355610579298386,0.0074898391478945905,4.336808689942018e-19
P,15,5.0,0.75,3000,-0.04139557732359511,0.00250844716945886,0.004222040991412602,0.0
P,15,5.0,1.0,3000,-0.04827712051200918,0.0011403456222315313,0.003471025987162589,2.168404344971009e-19
P,20,1.5,0.1,3000,0.1758927644314972,0.07206472059230883,0.103002985171663,0.0
P,20,1.5,0.25,3000,0.025365991244978736,0.03566106858798157,0.03630450209982191,0.0
P,20,1.5,0.5,3000,0.015472279458956715,0.017072601311253845,0.0173119927429099,0.0
P,20,1.5,0.75,3000,-0.0008478251213948624,0.0073255693060932,0.0073262881135296685,0.0
P,20,1.5,1.0,3000,-0.02262954778794089,0.0030099398928764825,0.0035220363259631828,0.0
P,20,2.0,0.1,3000,0.05271639449311048,0.059779741822199486,0.06255876007055274,0.0
P,20,2.0,0.25,3000,-0.028509828785254893,0.02811454930462298,0.028927359641987525,-3.469446951953614e-18
P,20,2.0,0.5,3000,-0.007935216385812965,0.01729125439656728,0.017354222055656954,-3.469446951953614e-18
P,20,2.0,0.75,3000,-0.013163792170621946,0.00841009444134689,0.008583379865658216,-1.734723475976807e-18
P,20,2.0,1.0,3000,-0.012731468420364005,0.004545412796206172,0.004707503084344897,0.0
P,20,2.5,0.1,3000,0.03163253419173149,0.035721808283579425,0.03672242550297049,0.0
P,20,2.5,0.25,3000,-0.0214235047904743,0.024583343289974247,0.025042309847481722,0.0
P,20,2.5,0.5,3000,-0.011908325992288155,0.012380802937501942,0.012522611165440546,-1.734723475976807e-18
P,20,2.5,0.75,3000,-0.008282820196990845,0.007690040583458452,0.0077586456938741315,0.0
P,20,2.5,1.0,3000,-0.017951960999280345,0.003434243925738252,0.0037565168294579343,-4.336808689942018e-19
P,20,3.0,0.1,3000,0.05862779724410696,0.029163879268927606,0.03260109787862372,-3.469446951953614e-18
P,20,3.0,0.25,3000,-0.02643293322562507,0.019696586849154294,0.020395286808064645,-3.469446951953614e-18
P,20,3.0,0.5,3000,-0.0032298675203289045,0.011193784640239835,0.011204216684438715,5.204170427930421e-18
P,20,3.0,0.75,3000,-0.00442129216292354,0.005908527239561745,0.005928075063951674,8.673617379884035e-19
P,20,3.0,1.0,3000,-0.013627494539725225,0.0029317177628233764,0.0031174263702536172,0.0
P,20,3.5,0.1,3000,0.02369130327236174,0.016941918623161925,0.01750319647390494,0.0
P,20,3.5,0.25,3000,-0.028407859896387586,0.011814863601415409,0.012621870105308193,-1.734723475976807e-18
P,20,3.5,0.5,3000,-0.008687361385463192,0.006765442084420035,0.0068409123322616715,-8.673617379884035e-19
P,20,3.5,0.75,3000,-0.005543938962394046,0.004021387594823323,0.004052122854042072,-1.734723475976807e-18
P,20,3.5,1.0,3000,-0.017315360634537987,0.002355250039158438,0.0026550717530625456,0.0
P,20,4.0,0.1,3000,0.001564592339928519,0.009579425048200217,0.00958187299739038,0.0
P,20,4.0,0.25,3000,-0.040214380726956434,0.008857914813006951,0.010475111230259555,-1.734723475976807e-18
P,20,4.0,0.5,3000,-0.01310371043699221,0.004940103707772506,0.005111810934989043,-8.673617379884035e-19
P,20,4.0,0.75,3000,-0.018191076206921328,0.003325819313719665,0.003656734567285684,0.0
P,20,4.0,1.0,3000,-0.025091955517010926,0.0014520496789585087,0.002081655910626164,0.0
P,20,4.5,0.1,3000,-0.01887061250273109,0.006549249301709598,0.006905349317937829,-8.673617379884035e-19
P,20,4.5,0.25,3000,-0.05509326111425859,0.006778034213109139,0.009813301633313018,8.673617379884035e-19
P,20,4.5,0.5,3000,-0.027811419173168057,0.003087085737878599,0.003860560774304258,-8.673617379884035e-19
P,20,4.5,0.75,3000,-0.024051866831067702,0.0027478872885250832,0.0033263795865844975,-4.336808689942018e-19
P,20,4.5,1.0,3000,-0.027091910586376798,0.001171895445026939,0.001905867064247174,0.0
P,20,5.0,0.1,3000,-0.04184931394791298,0.004651652133888534,0.006403017211799518,-8.673617379884035e-19
P,20,5.0,0.25,3000,-0.07626846561083281,0.004709429668009664,0.010526308514640453,2.6020852139652106e-18
P,20,5.0,0.5,3000,-0.05044293976661862,0.0024388268519175103,0.004983317024216225,0.0
P,20,5.0,0.75,3000,-0.033058322379572624,0.002020462598044469,0.0031133152765962214,0.0
P,20,5.0,1.0,3000,-0.037837061450006634,0.0007800170444506692,0.002211660263622247,-1.0842021724855044e-19
Q,7,1.5,0.1,3000,0.3357502441532415,0.19843676239075012,0.3111649888397114,-2.7755575615628914e-17
Q,7,1.5,0.25,3000,0.06663944398066693,0.09223802615418805,0.09667884164824049,0.0
Q,7,1.5,0.5,3000,-0.07710060361458454,0.07143624612089554,0.07738074919862883,1.3877787807814457e-17
Q,7,1.5,0.75,3000,-0.043212509860393766,0.0383320819221217,0.04019940293055633,0.0
Q,7,1.5,1.0,3000,-0.05311606910427387,0.014816859604040531,0.017638176401130523,-5.204170427930421e-18
Q,7,2.0,0.1,3000,0.18328309669991677,0.13213067528472272,0.16572336882063377,0.0
Q,7,2.0,0.25,3000,0.006464218944572621,0.0650889540354315,0.06513074016199485,-1.3877787807814457e-17
Q,7,2.0,0.5,3000,-0.08364736567770402,0.05629589931268617,0.0632927810975057,-6.938893903907228e-18
Q,7,2.0,0.75,3000,-0.037996928362546895,0.030219333353497344,0.031663099918485864,0.0
Q,7,2.0,1.0,3000,-0.047287331278900335,0.011121942949460324,0.013358034648940791,1.734723475976807e-18
Q,7,2.5,0.1,3000,0.08951549769632403,0.07411974697947023,0.08213277130729081,-1.3877787807814457e-17
Q,7,2.5,0.25,3000,-0.049441179070901245,0.05037534983158823,0.052819780019509134,-2.0816681711721685e-17
Q,7,2.5,0.5,3000,-0.07220959807836819,0.0498859102252487,0.05510013627988817,-6.938893903907228e-18
Q,7,2.5,0.75,3000,-0.03096248221543404,0.02038296014468715,0.021341635449628218,0.0
Q,7,2.5,1.0,3000,-0.04110915278487664,0.009255162934480398,0.010945125377170729,0.0
Q,7,3.0,0.1,3000,0.03334702065890391,0.047990118857649706,0.04910214264447508,6.938893903907228e-18
Q,7,3.0,0.25,3000,-0.03871624113120439,0.03669871911599749,0.03819766644332705,0.0
Q,7,3.0,0.5,3000,-0.06640208343077582,0.030544799001847697,0.03495403568579541,0.0
Q,7,3.0,0.75,3000,-0.036530233139094585,0.015957991524804555,0.01729244945800116,0.0
Q,7,3.0,1.0,3000,-0.053622508165255565,0.006310800419237095,0.009186173801169996,8.673617379884035e-19
Q,7,3.5,0.1,3000,-0.018134765630350255,0.028807875538563583,0.029136745263031314,0.0
Q,7,3.5,0.25,3000,-0.09817584629758615,0.021075039026969687,0.030713535823216943,-3.469446951953614e-18
Q,7,3.5,0.5,3000,-0.06534126592000757,0.022012993327750943,0.026282474359780088,3.469446951953614e-18
Q,7,3.5,0.75,3000,-0.04359723366540372,0.011265822658234365,0.013166541441510176,0.0
Q,7,3.5,1.0,3000,-0.05529230269954011,0.0051309548202559925,0.008188193558073563,0.0
Q,7,4.0,0.1,3000,-0.044474556329233264,0.01861417298259268,0.020592159143274818,-3.469446951953614e-18
Q,7,4.0,0.25,3000,-0.10761532524572491,0.014537221107425936,0.02611827933516909,-1.734723475976807e-18
Q,7,4.0,0.5,3000,-0.0875044091060372,0.016392406343551484,0.02404942795654821,0.0
Q,7,4.0,0.75,3000,-0.04740218640406238,0.009322345677328108,0.011569312953213584,0.0
Q,7,4.0,1.0,3000,-0.0648765998331246,0.0033668110820886336,0.007575784287996016,-8.673617379884035e-19
Q,7,4.5,0.1,3000,-0.08581193308209065,0.016680559115978398,0.024044246975263604,3.469446951953614e-18
Q,7,4.5,0.25,3000,-0.1381094836813912,0.012025681931874572,0.03109991141461503,-1.734723475976807e-18
Q,7,4.5,0.5,3000,-0.10097630397556047,0.014203800159303961,0.02440001412386875,0.0
Q,7,4.5,0.75,3000,-0.0583678586729402,0.006930302786075873,0.010337109712140191,-2.6020852139652106e-18
Q,7,4.5,1.0,3000,-0.07951059560929813,0.003266070823691103,0.009588005637836442,-4.336808689942018e-19
Q,7,5.0,0.1,3000,-0.10879611021562474,0.008661761221549954,0.02049835481960032,1.734723475976807e-18
Q,7,5.0,0.25,3000,-0.16257365321377196,0.008548269294783589,0.03497846201405537,-5.204170427930421e-18
Q,7,5.0,0.5,3000,-0.10746152432838184,0.010411838620683804,0.021959817831663207,0.0
Q,7,5.0,0.75,3000,-0.0666273817714482,0.005581784289980554,0.010020992291698862,8.673617379884035e-19
Q,7,5.0,1.0,3000,-0.08653941757862534,0.0025427553573915914,0.010031826152239279,-4.336808689942018e-19
Q,10,1.5,0.1,3000,0.29111002823057847,0.1242221911667762,0.20896723970318437,-1.3877787807814457e-17
Q,10,1.5,0.25,3000,-0.0094833469688953,0.05589035421614864,0.05598028808588108,-6.938893903907228e-18
Q,10,1.5,0.5,3000,-0.06727853329824818,0.05821080805903422,0.0627372091017977,-6.938893903907228e-18
Q,10,1.5,0.75,3000,-0.024374497828558862,0.02183778997284169,0.02243190611723611,0.0
Q,10,1.5,1.0,3000,-0.04494126001756771,0.008503133839997176,0.010522850691963804,-1.734723475976807e-18
Q,10,2.0,0.1,3000,0.1384447427808773,0.08333774453282615,0.10250469133648944,1.3877787807814457e-17
Q,10,2.0,0.25,3000,-0.03937369394507861,0.05208422845388329,0.05363451622876401,0.0
Q,10,2.0,0.5,3000,-0.0577410836441195,0.04773208939444057,0.05106612213483778,6.938893903907228e-18
Q,10,2.0,0.75,3000,-0.02009440020482839,0.017725007266513396,0.018128792186105202,0.0
Q,10,2.0,1.0,3000,-0.0310317277902844,0.008011769618740821,0.00897473774839113,0.0
Q,10,2.5,0.1,3000,0.0695862730611919,0.046861191058806394,0.05170344045735315,-6.938893903907228e-18
Q,10,2.5,0.25,3000,-0.052439524893134755,0.043443777646273794,0.046193681417291486,-6.938893903907228e-18
Q,10,2.5,0.5,3000,-0.04115215681392753,0.03227384134661791,0.033967341357055994,0.0
Q,10,2.5,0.75,3000,-0.010892888610425871,0.01358483682463936,0.013703491846918506,0.0
Q,10,2.5,1.0,3000,-0.029386469341519842,0.007136258598604592,0.007999823178964676,-8.673617379884035e-19
Q,10,3.0,0.1,3000,0.0379600201260417,0.03779272258337033,0.03923368571133982,-6.938893903907228e-18
Q,10,3.0,0.25,3000,-0.061348348937278085,0.02770663025050687,0.0314702501678369,0.0
Q,10,3.0,0.5,3000,-0.04045501550338425,0.027706154768409524,0.029342763047788583,0.0
Q,10,3.0,0.75,3000,-0.011606516011126056,0.011592965791151074,0.011727677005067598,-1.734723475976807e-18
Q,10,3.0,1.0,3000,-0.03666698803180043,0.005073142460152895,0.0064176104714770916,8.673617379884035e-19
Q,10,3.5,0.1,3000,0.007330402169967177,0.02005029041940089,0.02010402521537435,0.0
Q,10,3.5,0.25,3000,-0.07410582164637776,0.018495840278898563,0.023987513080783313,0.0
Q,10,3.5,0.5,3000,-0.04827750532471691,0.017298366666694008,0.019629084187072078,0.0
Q,10,3.5,0.75,3000,-0.024268498743317952,0.007091723872743726,0.007680683903998151,8.673617379884035e-19
Q,10,3.5,1.0,3000,-0.04548779346062399,0.004603551780305934,0.006672691134222319,-1.734723475976807e-18
Q,10,4.0,0.1,3000,-0.031940329376749864,0.01954245200362434,0.02056263664431961,0.0
Q,10,4.0,0.25,3000,-0.09431720689236317,0.01596268468842192,0.02485842020439876,0.0
Q,10,4.0,0.5,3000,-0.05062764773653423,0.010769369795077035,0.013332528510411635,1.734723475976807e-18
Q,10,4.0,0.75,3000,-0.026380823964790277,0.00694581908287896,0.007641766955940213,-8.673617379884035e-19
Q,10,4.0,1.0,3000,-0.04605089190137369,0.003297725481221908,0.005418410126133913,0.0
Q,10,4.5,0.1,3000,-0.06272629469791355,0.012126857448364767,0.01606144549489426,-3.469446951953614e-18
Q,10,4.5,0.25,3000,-0.0964164112101959,0.010895755111487139,0.020191879462140728,0.0
Q,10,4.5,0.5,3000,-0.06639002284620103,0.008941538965245525,0.013349174098764622,1.734723475976807e-18
Q,10,4.5,0.75,3000,-0.0463864436866833,0.0050820779393867,0.007233780097284542,8.673617379884035e-19
Q,10,4.5,1.0,3000,-0.052997500707870134,0.002382493830137192,0.005191228911417887,0.0
Q,10,5.0,0.1,3000,-0.08810410512735689,0.009906049661286588,0.01766838300157894,-1.734723475976807e-18
Q,10,5.0,0.25,3000,-0.11976110837443654,0.008587074979460959,0.02292979805853449,-1.734723475976807e-18
Q,10,5.0,0.5,3000,-0.08022010957478293,0.005448580472276754,0.011883846452466935,1.734723475976807e-18
Q,10,5.0,0.75,3000,-0.059616069400019414,0.003997956219659483,0.007552031950367415,8.673617379884035e-19
Q,10,5.0,1.0,3000,-0.06155344880385807,0.0016962720707865966,0.005485099130435773,0.0
Q,15,1.5,0.1,3000,0.22251704851116422,0.09661485679953946,0.14612869367765927,0.0
Q,15,1.5,0.25,3000,-0.03480682868394797,0.04009020481924585,0.04130172014227955,0.0
Q,15,1.5,0.5,3000,-0.07409900601091794,0.032352215827303354,0.037842878519109405,0.0
Q,15,1.5,0.75,3000,-0.02208186645979246,0.012664755554910702,0.013152364381258809,0.0
Q,15,1.5,1.0,3000,-0.017481680188364407,0.004980746260777833,0.005286355402986084,-8.673617379884035e-19
Q,15,2.0,0.1,3000,0.1230464210317344,0.05889779359516347,0.07403821532388231,-6.938893903907228e-18
Q,15,2.0,0.25,3000,-0.02075307280858639,0.042885267841846327,0.04331595787284481,0.0
Q,15,2.0,0.5,3000,-0.039965433389807,0.024486275086267568,0.026083510952302665,-3.469446951953614e-18
Q,15,2.0,0.75,3000,0.0004967066721116045,0.01501260722398038,0.015012853941498497,-3.469446951953614e-18
Q,15,2.0,1.0,3000,-0.016629940369709707,0.00573945724976988,0.0060160121664699796,-8.673617379884035e-19
Q,15,2.5,0.1,3000,0.05210377035403508,0.03976779857664438,0.04248260146175041,6.938893903907228e-18
Q,15,2.5,0.25,3000,-0.03717375208155346,0.031116012753596038,0.032497900597416834,-3.469446951953614e-18
Q,15,2.5,0.5,3000,-0.02589569839022685,0.017349594963594044,0.01802018215871164,0.0
Q,15,2.5,0.75,3000,-0.012139509194274069,0.010253015574086668,0.010400383257564533,0.0
Q,15,2.5,1.0,3000,-0.009901906091447017,0.005802071058956547,0.005900118803200381,-8.673617379884035e-19
Q,15,3.0,0.1,3000,0.0137503059343544,0.025649031821500745,0.02583810273478909,3.469446951953614e-18
Q,15,3.0,0.25,3000,-0.04419744880269718,0.0204479611900246,0.022401375670691635,-3.469446951953614e-18
Q,15,3.0,0.5,3000,-0.031244082755384928,0.016651871992366094,0.01762806469959144,3.469446951953614e-18
Q,15,3.0,0.75,3000,-0.00583863880377127,0.009003613976250477,0.009037703679331382,1.734723475976807e-18
Q,15,3.0,1.0,3000,-0.018489845640240674,0.004153057795917689,0.004494932187717616,-8.673617379884035e-19
Q,15,3.5,0.1,3000,-0.011061888619162345,0.021046211468990803,0.02116857684881356,3.469446951953614e-18
Q,15,3.5,0.25,3000,-0.05257761955726043,0.016122034249831316,0.01888644032813933,0.0
Q,15,3.5,0.5,3000,-0.011355803986429236,0.012025436532978585,0.012154390817156788,0.0
Q,15,3.5,0.75,3000,-0.02911185004240057,0.005623340702698461,0.006470840515589679,0.0
Q,15,3.5,1.0,3000,-0.03672218032523597,0.0032040986376348363,0.004552617165473984,-4.336808689942018e-19
Q,15,4.0,0.1,3000,-0.019772586732991763,0.013883512820645566,0.014274468006759244,-3.469446951953614e-18
Q,15,4.0,0.25,3000,-0.0595237358828308,0.011303772573570325,0.014846847707019325,0.0
Q,15,4.0,0.5,3000,-0.0315281646078735,0.007877245188817434,0.0088712703523586,-1.734723475976807e-18
Q,15,4.0,0.75,3000,-0.023348113977321797,0.003734778544627891,0.004279912970925899,-1.734723475976807e-18
Q,15,4.0,1.0,3000,-0.030566865291908774,0.0025973269221145215,0.0035316601758882183,-4.336808689942018e-19
Q,15,4.5,0.1,3000,-0.03726355565233316,0.010064319927552384,0.011452892507406914,0.0
Q,15,4.5,0.25,3000,-0.0813566508950559,0.006327907191744161,0.01294681183660416,0.0
Q,15,4.5,0.5,3000,-0.04007727453906273,0.005354605016627756,0.006960792951107161,0.0
Q,15,4.5,0.75,3000,-0.04023146143206281,0.004325954103888499,0.005944524592848057,0.0
Q,15,4.5,1.0,3000,-0.03516374221647857,0.0017969707168493875,0.0030334594835163447,0.0
Q,15,5.0,0.1,3000,-0.06850898267220021,0.007860477258379833,0.012553957965159658,-3.469446951953614e-18
Q,15,5.0,0.25,3000,-0.08191197159367326,0.006559505737634547,0.013269076827997283,0.0
Q,15,5.0,0.5,3000,-0.05825373373401695,0.004205360338771227,0.007598857832724972,0.0
Q,15,5.0,0.75,3000,-0.04058037559300283,0.0028324511271803914,0.004479218010449571,-4.336808689942018e-19
Q,15,5.0,1.0,3000,-0.04831826578094903,0.002026325847279565,0.004360980655357995,4.336808689942018e-19
Q,20,1.5,0.1,3000,0.17080190849316812,0.051473583605562374,0.08064687555047095,6.938893903907228e-18
Q,20,1.5,0.25,3000,-0.03609084072689317,0.030477750590838643,0.03178029937521261,-3.469446951953614e-18
Q,20,1.5,0.5,3000,-0.024736275751675446,0.020706302010725,0.021318185348787922,-3.469446951953614e-18
Q,20,1.5,0.75,3000,-0.008942935407729237,0.008398219050486891,0.008478195144193708,0.0
Q,20,1.5,1.0,3000,-0.016047377049760447,0.003767453161875719,0.004024971472052898,8.673617379884035e-19
Q,20,2.0,0.1,3000,0.07478001984332999,0.046783750713635774,0.0523758020814046,-6.938893903907228e-18
Q,20,2.0,0.25,3000,-0.0612813142527181,0.027834511930631668,0.03158991140717206,0.0
Q,20,2.0,0.5,3000,-0.02373571092506245,0.02085897307883335,0.02142235705195148,3.469446951953614e-18
Q,20,2.0,0.75,3000,-0.012981618755809905,0.008826887160701968,0.008995409586223163,0.0
Q,20,2.0,1.0,3000,-0.0028990370659312246,0.005647210860956285,0.005655615276865928,0.0
Q,20,2.5,0.1,3000,0.042429090463051884,0.028769159656080054,0.0305693873736019,6.938893903907228e-18
Q,20,2.5,0.25,3000,-0.03613765020169376,0.02441784674461774,0.025723776506717717,0.0
Q,20,2.5,0.5,3000,-0.016970759072507464,0.013763083742232946,0.014051090405730042,1.734723475976807e-18
Q,20,2.5,0.75,3000,-0.008164175862321524,0.0074366704528398084,0.0075033242203507225,8.673617379884035e-19
Q,20,2.5,1.0,3000,-0.011089964137944358,0.0039219198036343685,0.00404490710821526,0.0
Q,20,3.0,0.1,3000,0.050372084515758614,0.02444073031590592,0.026978077214368647,0.0
Q,20,3.0,0.25,3000,-0.03993243922665715,0.018340203856859593,0.019934803559450265,3.469446951953614e-18
Q,20,3.0,0.5,3000,-0.010407742428905598,0.012268501255586078,0.01237682235805252,1.734723475976807e-18
Q,20,3.0,0.75,3000,-0.007268275458358251,0.005724656669155655,0.005777484497294227,-8.673617379884035e-19
Q,20,3.0,1.0,3000,-0.011023503482326873,0.003314153350150269,0.0034356709791751416,0.0
Q,20,3.5,0.1,3000,0.011369247649926062,0.015755170464307577,0.015884430256432925,0.0
Q,20,3.5,0.25,3000,-0.042885432874833894,0.011001876992416297,0.01284103734527818,0.0
Q,20,3.5,0.5,3000,-0.01658120360396727,0.007368606475421136,0.007643542788377353,-8.673617379884035e-19
Q,20,3.5,0.75,3000,-0.01220110907989753,0.004156179070494756,0.004305046133274314,0.0
Q,20,3.5,1.0,3000,-0.01651434938677297,0.0032996309295743216,0.0035723546652427305,0.0
Q,20,4.0,0.1,3000,-0.01667723721088502,0.010468233605738024,0.010746363846726153,0.0
Q,20,4.0,0.25,3000,-0.054965049080411214,0.008990597259166278,0.012011753879578289,-3.469446951953614e-18
Q,20,4.0,0.5,3000,-0.018539829401248424,0.005834301612608187,0.006178026886835582,-8.673617379884035e-19
Q,20,4.0,0.75,3000,-0.024087883995461502,0.0035080011175520945,0.004088227272930904,-4.336808689942018e-19
Q,20,4.0,1.0,3000,-0.027170014041455942,0.0020420514463100107,0.0027802611093229236,-4.336808689942018e-19
Q,20,4.5,0.1,3000,-0.03589759875037544,0.007839080651370699,0.009127718247413654,-1.734723475976807e-18
Q,20,4.5,0.25,3000,-0.06587907066239373,0.007355425581765876,0.011695477533106546,2.6020852139652106e-18
Q,20,4.5,0.5,3000,-0.029960957534378774,0.004256061529743709,0.005153720506120557,-8.673617379884035e-19
Q,20,4.5,0.75,3000,-0.0275562430396288,0.0028599560602273625,0.0036193025906864533,0.0
Q,20,4.5,1.0,3000,-0.02783318171349826,0.0020805238381238146,0.0028552098424204277,-8.673617379884035e-19
Q,20,5.0,0.1,3000,-0.05649259929150321,0.006563639393488579,0.009755053168198927,-8.673617379884035e-19
Q,20,5.0,0.25,3000,-0.08229340224026158,0.005551029772839875,0.012323233825117366,1.734723475976807e-18
Q,20,5.0,0.5,3000,-0.048595386020855356,0.003102185859861952,0.005463697402377896,-4.336808689942018e-19
Q,20,5.0,0.75,3000,-0.032674417206034076,0.0023797376809725312,0.0034473552207265066,-4.336808689942018e-19
Q,20,5.0,1.0,3000,-0.036214199976033645,0.0014714482210707205,0.0027829165009748756,-2.168404344971009e-19
QCP,7,1.5,0.1,3000,0.36465377443424707,0.1671030313103661,0.3000754065195088,-2.7755575615628914e-17
QCP,7,1.5,0.25,3000,0.06572978627377112,0.09704605675142075,0.10136646155501638,0.0
QCP,7,1.5,0.5,3000,-0.07293732991089048,0.06578670931380966,0.07110656340833972,-1.3877787807814457e-17
QCP,7,1.5,0.75,3000,-0.04359118424066886,0.03666193624301868,0.038562127586522624,6.938893903907228e-18
QCP,7,1.5,1.0,3000,-0.05622861741385956,0.014612213876553719,0.01777387129282791,1.734723475976807e-18
QCP,7,2.0,0.1,3000,0.19401935729033995,0.11827930074366431,0.15592281174702088,-1.3877787807814457e-17
QCP,7,2.0,0.25,3000,0.005443450042492865,0.06557104440987775,0.06560067555824287,0.0
QCP,7,2.0,0.5,3000,-0.0764854807760712,0.050898704876575926,0.056748733646122686,0.0
QCP,7,2.0,0.75,3000,-0.03781986677112582,0.03009743670643496,0.03152777902902067,0.0
QCP,7,2.0,1.0,3000,-0.04751493861665646,0.010825593280967157,0.013083262672711787,-1.734723475976807e-18
QCP,7,2.5,0.1,3000,0.10234628838383165,0.0671583303084689,0.07763309305441533,0.0
QCP,7,2.5,0.25,3000,-0.048979848761269144,0.04960635134413,0.052005376928806794,-6.938893903907228e-18
QCP,7,2.5,0.5,3000,-0.07119970376003766,0.04917335582115084,0.05424275363666795,-6.938893903907228e-18
QCP,7,2.5,0.75,3000,-0.029533756978361757,0.020582166021310366,0.021454408822567297,0.0
QCP,7,2.5,1.0,3000,-0.041687038997892466,0.008737800314363638,0.010475609534775445,0.0
QCP,7,3.0,0.1,3000,0.044351718972240634,0.04616792971305985,0.04813500468885246,0.0
QCP,7,3.0,0.25,3000,-0.039789767073804494,0.03597664834199576,0.03755987390578338,6.938893903907228e-18
QCP,7,3.0,0.5,3000,-0.06643754917967211,0.029569203735417222,0.03398315167641857,-3.469446951953614e-18
QCP,7,3.0,0.75,3000,-0.03631662145525176,0.016674080406537752,0.017992977400461803,-3.469446951953614e-18
QCP,7,3.0,1.0,3000,-0.05246331424625047,0.005658806754934856,0.008411206096635683,0.0
QCP,7,3.5,0.1,3000,-0.0056671403637034625,0.02479076210014134,0.024822878580043256,0.0
QCP,7,3.5,0.25,3000,-0.09577480331841313,0.02094241658376383,0.030115229534444548,-3.469446951953614e-18
QCP,7,3.5,0.5,3000,-0.06682846457589767,0.02116744721569644,0.02563349089326845,3.469446951953614e-18
QCP,7,3.5,0.75,3000,-0.042188872030720706,0.011345983056361898,0.013125883979586424,-1.734723475976807e-18
QCP,7,3.5,1.0,3000,-0.054867179833754484,0.004217377552618696,0.00722778497552825,-8.673617379884035e-19
QCP,7,4.0,0.1,3000,-0.03400046383869873,0.015906505955281397,0.017062537496528057,0.0
QCP,7,4.0,0.25,3000,-0.10499625462466793,0.014398604166061603,0.0254228176512697,-1.734723475976807e-18
QCP,7,4.0,0.5,3000,-0.08920774511868512,0.01555739410423078,0.023515415893391074,3.469446951953614e-18
QCP,7,4.0,0.75,3000,-0.048047318253427874,0.009043613387957204,0.011352158179303387,0.0
QCP,7,4.0,1.0,3000,-0.06543647670784897,0.002527310712538836,0.006809243196475696,-4.336808689942018e-19
QCP,7,4.5,0.1,3000,-0.08048552554287017,0.013585258942242724,0.020063178764154727,-3.469446951953614e-18
QCP,7,4.5,0.25,3000,-0.13534589101971262,0.011643269824216356,0.02996178004013628,0.0
QCP,7,4.5,0.5,3000,-0.1036339245204581,0.013676832631049544,0.024416822942561547,-1.734723475976807e-18
QCP,7,4.5,0.75,3000,-0.058756970804795854,0.006556110455294384,0.010008492073450016,0.0
QCP,7,4.5,1.0,3000,-0.08199519692689743,0.0024514627621691886,0.009174675081249879,8.673617379884035e-19
QCP,7,5.0,0.1,3000,-0.10465755649808246,0.007605750157337313,0.018558954289486635,0.0
QCP,7,5.0,0.25,3000,-0.15917709939309863,0.00864629243921003,0.03398364141041042,-6.938893903907228e-18
QCP,7,5.0,0.5,3000,-0.11001981666210296,0.010229594340319857,0.022333954398682607,1.734723475976807e-18
QCP,7,5.0,0.75,3000,-0.0685386996075625,0.005182235555641307,0.009879788899536992,-1.734723475976807e-18
QCP,7,5.0,1.0,3000,-0.09058540693724838,0.0018122961752931783,0.010018012125280066,-1.0842021724855044e-18
QCP,10,1.5,0.1,3000,0.2898506280827011,0.1192703369065721,0.20328372350650842,-1.3877787807814457e-17
QCP,10,1.5,0.25,3000,-0.00783635949252736,0.05801948703230831,0.05808089556240444,6.938893903907228e-18
QCP,10,1.5,0.5,3000,-0.06158511758854123,0.04985512072939233,0.053647847437786764,-1.3877787807814457e-17
QCP,10,1.5,0.75,3000,-0.03284275978165291,0.020952245604579502,0.022030892474654857,-3.469446951953614e-18
QCP,10,1.5,1.0,3000,-0.04697704268658466,0.008528900620250404,0.010735743159827602,0.0
QCP,10,2.0,0.1,3000,0.13998555848659877,0.0864341283057959,0.10603008489060088,1.3877787807814457e-17
QCP,10,2.0,0.25,3000,-0.03552511800472106,0.052780583102651386,0.05404261711190074,0.0
QCP,10,2.0,0.5,3000,-0.05278773794741937,0.04456186098973766,0.04734840626734309,6.938893903907228e-18
QCP,10,2.0,0.75,3000,-0.023672935829328102,0.018569250984374633,0.01912965887515412,0.0
QCP,10,2.0,1.0,3000,-0.030071229579783296,0.00837947431644245,0.009283753164882483,0.0
QCP,10,2.5,0.1,3000,0.06588032789630355,0.049116945019981206,0.05345716262370568,0.0
QCP,10,2.5,0.25,3000,-0.048056931983495206,0.0446889411270022,0.04699840983866849,0.0
QCP,10,2.5,0.5,3000,-0.04094832421812559,0.03086384603543912,0.032540611291711846,-3.469446951953614e-18
QCP,10,2.5,0.75,3000,-0.009597564574313159,0.014322800769776071,0.014414914015534179,-3.469446951953614e-18
QCP,10,2.5,1.0,3000,-0.02666287411918893,0.006467136962834503,0.007178045819130218,0.0
QCP,10,3.0,0.1,3000,0.0484302412840334,0.03766870929061897,0.04001419756144866,0.0
QCP,10,3.0,0.25,3000,-0.05965942221491908,0.027724077833387806,0.031283324492405784,-3.469446951953614e-18
QCP,10,3.0,0.5,3000,-0.03720466091514148,0.027631335545064434,0.029015522338875097,6.938893903907228e-18
QCP,10,3.0,0.75,3000,-0.005313913102760731,0.01189639977180642,0.01192463744427011,-1.734723475976807e-18
QCP,10,3.0,1.0,3000,-0.033007295045758535,0.004300682573443096,0.0053901640996808515,-8.673617379884035e-19
QCP,10,3.5,0.1,3000,0.01661797383710412,0.019702468631456825,0.0199786256859075,0.0
QCP,10,3.5,0.25,3000,-0.07049245530412251,0.01836524553475837,0.023334431789562075,-3.469446951953614e-18
QCP,10,3.5,0.5,3000,-0.045197647656796104,0.016460797458667766,0.018503624812375653,0.0
QCP,10,3.5,0.75,3000,-0.0209154605559573,0.007261078167065203,0.007698534657333008,0.0
QCP,10,3.5,1.0,3000,-0.0418325384142326,0.0036912029943832842,0.00544116426456153,-8.673617379884035e-19
QCP,10,4.0,0.1,3000,-0.022155318295233276,0.016969306329829726,0.017460164458592824,0.0
QCP,10,4.0,0.25,3000,-0.09273922577766038,0.015377790787344893,0.023978354785184758,-1.734723475976807e-18
QCP,10,4.0,0.5,3000,-0.04994812749166885,0.010226088341385742,0.012720903781309748,0.0
QCP,10,4.0,0.75,3000,-0.023010532301052385,0.006467297605605031,0.006996782202382806,0.0
QCP,10,4.0,1.0,3000,-0.044925502496128804,0.0023481301849799666,0.004366430959509642,0.0
QCP,10,4.5,0.1,3000,-0.05450025601230989,0.010359574396805907,0.013329852302213228,0.0
QCP,10,4.5,0.25,3000,-0.09575271299141817,0.01048389655577675,0.01965247860099365,-1.734723475976807e-18
QCP,10,4.5,0.5,3000,-0.06673194145597518,0.008184201816307595,0.012637353826791292,-1.734723475976807e-18
QCP,10,4.5,0.75,3000,-0.044818823748604096,0.004704455794009894,0.006713182756218333,0.0
QCP,10,4.5,1.0,3000,-0.0531450397593638,0.0016017379132022785,0.004426133164226638,2.168404344971009e-19
QCP,10,5.0,0.1,3000,-0.08079807847309954,0.007944437981856354,0.014472767466801505,0.0
QCP,10,5.0,0.25,3000,-0.1192381451045876,0.008428083246805771,0.02264581849478846,-1.734723475976807e-18
QCP,10,5.0,0.5,3000,-0.08275182460898699,0.005052882220797629,0.011900746696914174,8.673617379884035e-19
QCP,10,5.0,0.75,3000,-0.059051397573692155,0.0033026049021620944,0.0067896724575683505,4.336808689942018e-19
QCP,10,5.0,1.0,3000,-0.06420027386451056,0.0011715785397576235,0.005293253704035781,0.0
QCP,15,1.5,0.1,3000,0.22075702886045717,0.09516422055721059,0.1438978863485073,0.0
QCP,15,1.5,0.25,3000,-0.034849484864760596,0.039221098651037095,0.04043558524637627,0.0
QCP,15,1.5,0.5,3000,-0.07164631447278831,0.02811398416092706,0.03324717853846074,0.0
QCP,15,1.5,0.75,3000,-0.023665274746355255,0.011720402901443537,0.012280448130264016,-1.734723475976807e-18
QCP,15,1.5,1.0,3000,-0.024231889953032805,0.004800691441800473,0.005387875932496365,0.0
QCP,15,2.0,0.1,3000,0.11398396656670229,0.061425648238978996,0.0744179928732581,-6.938893903907228e-18
QCP,15,2.0,0.25,3000,-0.021597555099848252,0.04415675700810062,0.044623211394391606,0.0
QCP,15,2.0,0.5,3000,-0.04105912128917892,0.024060183395531065,0.025746034836570567,-3.469446951953614e-18
QCP,15,2.0,0.75,3000,0.0019643233293269685,0.014361119223537193,0.014364977789679332,1.734723475976807e-18
QCP,15,2.0,1.0,3000,-0.01912178967828307,0.005908622329924209,0.0062742651704247015,-8.673617379884035e-19
QCP,15,2.5,0.1,3000,0.04960560690523804,0.0427308226624995,0.0451915388989365,0.0
QCP,15,2.5,0.25,3000,-0.0385697266052169,0.031483069482695476,0.032970693293096646,-6.938893903907228e-18
QCP,15,2.5,0.5,3000,-0.022876110933364543,0.017772144471567344,0.01829546092300294,-3.469446951953614e-18
QCP,15,2.5,0.75,3000,-0.009341854487767174,0.010075180372426364,0.01016245061769698,1.734723475976807e-18
QCP,15,2.5,1.0,3000,-0.009173588990184915,0.005802129510089426,0.005886284245050268,0.0
QCP,15,3.0,0.1,3000,0.016541728543988332,0.02650274999777263,0.02677637878099563,0.0
QCP,15,3.0,0.25,3000,-0.041197944233553545,0.02082198949149229,0.022519260100563276,-3.469446951953614e-18
QCP,15,3.0,0.5,3000,-0.02697371484441434,0.016404738953950594,0.01713232024645837,-3.469446951953614e-18
QCP,15,3.0,0.75,3000,0.002619827262877758,0.008950358919567311,0.008957222414454631,1.734723475976807e-18
QCP,15,3.0,1.0,3000,-0.014891735072224643,0.003978188252805823,0.004199952026267148,0.0
QCP,15,3.5,0.1,3000,-0.0017477763482172577,0.019595109511545188,0.019598164233708575,0.0
QCP,15,3.5,0.25,3000,-0.05010164928380982,0.01585143150314996,0.01836160676410784,0.0
QCP,15,3.5,0.5,3000,-0.006406287506282752,0.01223981156190322,0.012280852081516372,-1.734723475976807e-18
QCP,15,3.5,0.75,3000,-0.01900366690026082,0.005300620890694068,0.005661760246350137,8.673617379884035e-19
QCP,15,3.5,1.0,3000,-0.02939347528360304,0.002795712509709351,0.003659688898957133,-4.336808689942018e-19
QCP,15,4.0,0.1,3000,-0.011564605663403806,0.012225505240783337,0.012359245344933368,0.0
QCP,15,4.0,0.25,3000,-0.05354181199468832,0.011496968499064958,0.014363694130739508,0.0
QCP,15,4.0,0.5,3000,-0.03217105803267699,0.00749646368422389,0.00853144065916576,-8.673617379884035e-19
QCP,15,4.0,0.75,3000,-0.013191839350452483,0.0029986246981112733,0.0031726493235594198,0.0
QCP,15,4.0,1.0,3000,-0.024390274296698673,0.0019981087796493084,0.002592994259917508,-4.336808689942018e-19
QCP,15,4.5,0.1,3000,-0.03603720541737736,0.008000025987028148,0.0092987061613224,0.0
QCP,15,4.5,0.25,3000,-0.08015886520873755,0.006021506729304434,0.012446950400856988,-8.673617379884035e-19
QCP,15,4.5,0.5,3000,-0.04183068854284708,0.004755611385609754,0.006505417889578432,0.0
QCP,15,4.5,0.75,3000,-0.032473938583018024,0.003537563706783674,0.0045921203938773004,-4.336808689942018e-19
QCP,15,4.5,1.0,3000,-0.03128147464663804,0.0012412078580467162,0.0022197385141149747,2.168404344971009e-19
QCP,15,5.0,0.1,3000,-0.06655736032417675,0.005530238813520002,0.009960121026842296,-3.469446951953614e-18
QCP,15,5.0,0.25,3000,-0.08406220580538336,0.005890319652046567,0.012956774096913195,8.673617379884035e-19
QCP,15,5.0,0.5,3000,-0.06427268341609182,0.003771939659641039,0.007902917493146203,-8.673617379884035e-19
QCP,15,5.0,0.75,3000,-0.039140634136071335,0.002299453886402972,0.0038314431269767645,-4.336808689942018e-19
QCP,15,5.0,1.0,3000,-0.04564905233444733,0.001275830640711422,0.0033596666197445333,-2.168404344971009e-19
QCP,20,1.5,0.1,3000,0.16197085400315214,0.05593455233389729,0.08216910988040771,-6.938893903907228e-18
QCP,20,1.5,0.25,3000,-0.02450340904021323,0.031589199029562164,0.032189616084154174,6.938893903907228e-18
QCP,20,1.5,0.5,3000,-0.014254010792001585,0.01992054463658635,0.020123721460244846,-3.469446951953614e-18
QCP,20,1.5,0.75,3000,-0.005879548020258274,0.008088767390847474,0.008123336475769996,-1.734723475976807e-18
QCP,20,1.5,1.0,3000,-0.0217731187003598,0.0030332629445217925,0.0035073316424617494,-8.673617379884035e-19
QCP,20,2.0,0.1,3000,0.06301577782019012,0.05257368058995311,0.05654466884423668,0.0
QCP,20,2.0,0.25,3000,-0.05164054497930435,0.027908596208976587,0.030575342094736134,-6.938893903907228e-18
QCP,20,2.0,0.5,3000,-0.01569489586835698,0.019075601507422782,0.019321931263741352,0.0
QCP,20,2.0,0.75,3000,-0.011236077385489504,0.008911171475880508,0.009037420910893216,0.0
QCP,20,2.0,1.0,3000,-0.010529548980058583,0.004388376832262971,0.004499248233986423,0.0
QCP,20,2.5,0.1,3000,0.043353212848702395,0.031670629277543015,0.0335501303418479,-6.938893903907228e-18
QCP,20,2.5,0.25,3000,-0.031052000194062807,0.0244783883888615,0.025442615104913576,0.0
QCP,20,2.5,0.5,3000,-0.012133878306102512,0.012708754254627417,0.01285598525737472,-1.734723475976807e-18
QCP,20,2.5,0.75,3000,-0.005341303209442534,0.007878760253896363,0.00790728977387156,-3.469446951953614e-18
QCP,20,2.5,1.0,3000,-0.016531019047240077,0.003248437190901401,0.003521711781641616,8.673617379884035e-19
QCP,20,3.0,0.1,3000,0.060698292566264474,0.02513577362279199,0.02882005634325183,0.0
QCP,20,3.0,0.25,3000,-0.036321673248489485,0.01975116550040066,0.021070429447970697,0.0
QCP,20,3.0,0.5,3000,-0.004746185432533821,0.011147256816735463,0.011169783092895458,-1.734723475976807e-18
QCP,20,3.0,0.75,3000,-0.0029452826467265066,0.005906753966397493,0.005915428656266601,0.0
QCP,20,3.0,1.0,3000,-0.012439019261426439,0.0029209016734881433,0.0030756308736742816,4.336808689942018e-19
QCP,20,3.5,0.1,3000,0.019065882429878913,0.014470472422046993,0.014833980294876956,-1.734723475976807e-18
QCP,20,3.5,0.25,3000,-0.03865328486952058,0.011869334248167704,0.01336341067937201,-3.469446951953614e-18
QCP,20,3.5,0.5,3000,-0.010000354700738777,0.006664216236781887,0.006764223330922477,1.734723475976807e-18
QCP,20,3.5,0.75,3000,-0.004404496404833177,0.004088637602072562,0.004108037190652751,0.0
QCP,20,3.5,1.0,3000,-0.01570368552634318,0.0023460450050105893,0.0025926507441208693,-4.336808689942018e-19
QCP,20,4.0,0.1,3000,-0.005616996846133285,0.008071268667080033,0.008102819320649506,1.734723475976807e-18
QCP,20,4.0,0.25,3000,-0.050470187113439355,0.009118050262926142,0.011665290050191722,0.0
QCP,20,4.0,0.5,3000,-0.01469554474831845,0.004780106416432336,0.004996065451882165,0.0
QCP,20,4.0,0.75,3000,-0.018028069073111205,0.0033477540208644322,0.0036727652953693,-8.673617379884035e-19
QCP,20,4.0,1.0,3000,-0.023112108865596726,0.0014679495022969634,0.002002119078512158,-2.168404344971009e-19
QCP,20,4.5,0.1,3000,-0.029593182253129877,0.005563299526323696,0.006439055962190658,8.673617379884035e-19
QCP,20,4.5,0.25,3000,-0.06476371960221028,0.006904804736970267,0.011099144113683984,8.673617379884035e-19
QCP,20,4.5,0.5,3000,-0.029296311479294672,0.002796443744759138,0.003654717611050991,0.0
QCP,20,4.5,0.75,3000,-0.024549478642550335,0.002727492729220515,0.00333016963084155,0.0
QCP,20,4.5,1.0,3000,-0.02501770735842092,0.0011240361625312267,0.0017499218440028149,-2.168404344971009e-19
QCP,20,5.0,0.1,3000,-0.05421270302125655,0.0039629774331437434,0.0069019946020147036,8.673617379884035e-19
QCP,20,5.0,0.25,3000,-0.08614233689330407,0.004832306448460379,0.012252808653899872,-1.734723475976807e-18
QCP,20,5.0,0.5,3000,-0.052638238218677844,0.002127437259117821,0.004898221381884098,-4.336808689942018e-19
QCP,20,5.0,0.75,3000,-0.034385602277971584,0.0019873896760985994,0.003169759320117444,0.0
QCP,20,5.0,1.0,3000,-0.036109121019488155,0.000749652104939319,0.00205352072573936,-1.0842021724855044e-19
