beta,gamma_over_eta,n,method,mean_loss_primary,J1_primary,failure_rate,n_samples
1.5,0.1,7,LRE,0.372744189151241,0.6105277955599082,0.0,300
1.5,0.1,7,LSE,0.38675418422879654,0.6218956377309592,0.0,300
1.5,0.1,7,MDM-0.1,0.32649434742869216,0.5713968388333035,0.0,300
1.5,0.1,7,MLE,2.1602808573676153,1.4697893921809395,0.67,300
1.5,0.1,7,WMLE,0.2848411916508988,0.5337051542292792,0.0,300
1.5,0.1,10,LRE,0.24186394004398745,0.4917966450109104,0.0,300
1.5,0.1,10,LSE,0.25470195985167265,0.5046800569189084,0.0,300
1.5,0.1,10,MDM-0.1,0.20536949226935272,0.45317710916302106,0.0,300
1.5,0.1,10,MLE,1.9465767051785792,1.3951977297783205,0.6066666666666667,300
1.5,0.1,10,WMLE,0.21478361712729196,0.46344753438473696,0.0,300
1.5,0.1,15,LRE,0.15678134179552242,0.3959562372226537,0.0,300
1.5,0.1,15,LSE,0.1670651432207838,0.4087360312240454,0.0,300
1.5,0.1,15,MDM-0.1,0.14296394802376056,0.37810573656552815,0.0,300
1.5,0.1,15,MLE,1.5045256536768579,1.2265910702743836,0.47,300
1.5,0.1,15,WMLE,0.14976487993798623,0.3869946768858536,0.0,300
1.5,0.1,20,LRE,0.10930098434315556,0.3306069937904453,0.0,300
1.5,0.1,20,LSE,0.11822853818227247,0.3438437700210264,0.0,300
1.5,0.1,20,MDM-0.1,0.10496947389187557,0.3239899286889572,0.0,300
1.5,0.1,20,MLE,1.040531173580563,1.0200642987481539,0.32,300
1.5,0.1,20,WMLE,0.10617682207284299,0.32584785110975184,0.0,300
1.5,0.25,7,LRE,0.4610921479535683,0.679037663133326,0.0,300
1.5,0.25,7,LSE,0.5043668952372964,0.71018792952098,0.0,300
1.5,0.25,7,MDM-0.1,0.3905021517237597,0.6249017136508426,0.0,300
1.5,0.25,7,MLE,2.464879074315082,1.5699933357549904,0.69,300
1.5,0.25,7,WMLE,0.5174824139416926,0.7193625052375837,0.0,300
1.5,0.25,10,LRE,0.3301388095490527,0.5745770701559998,0.0,300
1.5,0.25,10,LSE,0.37467596396987557,0.6121078042059875,0.0,300
1.5,0.25,10,MDM-0.1,0.3127316859550108,0.5592241821979901,0.0,300
1.5,0.25,10,MLE,1.9817343458691665,1.4077408660222825,0.5633333333333334,300
1.5,0.25,10,WMLE,0.4122244621479962,0.6420470871735158,0.0,300
1.5,0.25,15,LRE,0.20342179756704512,0.45102305658030956,0.0,300
1.5,0.25,15,LSE,0.21432632264779186,0.46295390985258117,0.0,300
1.5,0.25,15,MDM-0.1,0.18391970481899658,0.4288586070245024,0.0,300
1.5,0.25,15,MLE,1.4491897563933365,1.2038229755214578,0.44,300
1.5,0.25,15,WMLE,0.317492242812351,0.5634645000462327,0.0,300
1.5,0.25,20,LRE,0.1600111191914034,0.40001389874778526,0.0,300
1.5,0.25,20,LSE,0.16081791086164413,0.40102108530804725,0.0,300
1.5,0.25,20,MDM-0.1,0.1431585150202066,0.37836294086525785,0.0,300
1.5,0.25,20,MLE,1.0995634627637674,1.0486007165569589,0.33666666666666667,300
1.5,0.25,20,WMLE,0.2721823375361915,0.5217109712630082,0.0,300
1.5,0.5,7,LRE,0.752284743436488,0.8673434979501996,0.0,300
1.5,0.5,7,LSE,0.8651331490357566,0.9301253404975894,0.0,300
1.5,0.5,7,MDM-0.1,0.5873231420646053,0.766370107757737,0.0,300
1.5,0.5,7,MLE,3.0033379000386495,1.7330141084361228,0.6966666666666667,300
1.5,0.5,7,WMLE,1.234849619638718,1.1112378771616445,0.0,300
1.5,0.5,10,LRE,0.5129457086878272,0.7162022819621752,0.0,300
1.5,0.5,10,LSE,0.5259251153346675,0.7252069465570965,0.0,300
1.5,0.5,10,MDM-0.1,0.3626350283144694,0.6021918534109121,0.0,300
1.5,0.5,10,MLE,2.3257018200600363,1.52502518669694,0.6166666666666667,300
1.5,0.5,10,WMLE,0.9652880488992283,0.982490737309634,0.0,300
1.5,0.5,15,LRE,0.31542985151432196,0.5616314196288541,0.0,300
1.5,0.5,15,LSE,0.3208252854984146,0.5664144114501454,0.0,300
1.5,0.5,15,MDM-0.1,0.2265248045615914,0.4759462202408917,0.0,300
1.5,0.5,15,MLE,1.369869844290696,1.1704143899878778,0.39,300
1.5,0.5,15,WMLE,0.8954477268256053,0.9462809978149225,0.0,300
1.5,0.5,20,LRE,0.20852458187369527,0.4566449188085807,0.0,300
1.5,0.5,20,LSE,0.20141547848057614,0.4487933583293943,0.0,300
1.5,0.5,20,MDM-0.1,0.15900874333451798,0.3987590040795543,0.0,300
1.5,0.5,20,MLE,1.1317749205437277,1.0638491060971607,0.33666666666666667,300
1.5,0.5,20,WMLE,0.863895891007352,0.9294599996811869,0.0,300
1.5,0.75,7,LRE,1.4146071233871758,1.1893725755149964,0.0,300
1.5,0.75,7,LSE,1.683501679342861,1.2974982386665737,0.0,300
1.5,0.75,7,MDM-0.1,0.8413381937565529,0.917244893011977,0.0,300
1.5,0.75,7,MLE,4.299774819098371,2.0735898386851654,0.6266666666666667,300
1.5,0.75,7,WMLE,1.9883894061031768,1.4101026225431883,0.0,300
1.5,0.75,10,LRE,0.7011082773839832,0.8373220870035516,0.0,300
1.5,0.75,10,LSE,0.7284074164562527,0.8534678766399195,0.0,300
1.5,0.75,10,MDM-0.1,0.35533252169704616,0.5960977450863627,0.0,300
1.5,0.75,10,MLE,2.400086410620972,1.5492212271399368,0.61,300
1.5,0.75,10,WMLE,1.672226993540885,1.293146160934983,0.0,300
1.5,0.75,15,LRE,0.41044381445923844,0.6406588908766024,0.0,300
1.5,0.75,15,LSE,0.39886967361804543,0.6315612983852363,0.0,300
1.5,0.75,15,MDM-0.1,0.23010349714159256,0.4796910434244031,0.0,300
1.5,0.75,15,MLE,1.6237135733616666,1.2742502004558078,0.42,300
1.5,0.75,15,WMLE,1.6067401398145598,1.267572538285111,0.0,300
1.5,0.75,20,LRE,0.24130267472752706,0.4912256861438814,0.0,300
1.5,0.75,20,LSE,0.2281579827455442,0.4776588560317334,0.0,300
1.5,0.75,20,MDM-0.1,0.16532371121431177,0.40660018594967684,0.0,300
1.5,0.75,20,MLE,1.0425788384654797,1.0210674994658677,0.30333333333333334,300
1.5,0.75,20,WMLE,1.633404843602753,1.2780472775303553,0.0,300
1.5,1.0,7,LRE,1.5025751954637092,1.2257957396987922,0.0,300
1.5,1.0,7,LSE,1.5877676495823678,1.2600665258558248,0.0,300
1.5,1.0,7,MDM-0.1,0.5186544103568266,0.7201766521880771,0.0,300
1.5,1.0,7,MLE,3.84580090301569,1.9610713661199812,0.66,300
1.5,1.0,7,WMLE,2.6126494992895135,1.6163692335878934,0.0,300
1.5,1.0,10,LRE,0.8222709627531042,0.9067915762473228,0.0,300
1.5,1.0,10,LSE,0.8015925352116653,0.8953170026374263,0.0,300
1.5,1.0,10,MDM-0.1,0.33759600169155396,0.5810301211568587,0.0,300
1.5,1.0,10,MLE,2.589646764624498,1.609237945309673,0.6366666666666667,300
1.5,1.0,10,WMLE,2.739318177327051,1.655088570840561,0.0,300
1.5,1.0,15,LRE,0.5012655763693372,0.7080011132543064,0.0,300
1.5,1.0,15,LSE,0.47491001738942146,0.6891371542656959,0.0,300
1.5,1.0,15,MDM-0.1,0.25165282303247466,0.5016501002017987,0.0,300
1.5,1.0,15,MLE,1.5279268635369196,1.2360933878703986,0.36333333333333334,300
1.5,1.0,15,WMLE,2.2438276531280428,1.4979411380718681,0.0,300
1.5,1.0,20,LRE,0.2648302123629604,0.5146165682942596,0.0,300
1.5,1.0,20,LSE,0.24761805312660448,0.49761235226489753,0.0,300
1.5,1.0,20,MDM-0.1,0.15387554347070834,0.392269733054576,0.0,300
1.5,1.0,20,MLE,1.1978454273297752,1.094461249807308,0.33,300
1.5,1.0,20,WMLE,2.407649486795178,1.5516602356170561,0.0,300
2.0,0.1,7,LRE,0.4107651695327854,0.6409096422529352,0.0,300
2.0,0.1,7,LSE,0.428246841301262,0.6544057161281998,0.0,300
2.0,0.1,7,MDM-0.1,0.3129137125471248,0.5593869077366084,0.0,300
2.0,0.1,7,MLE,1.920564047514548,1.3858441642242998,0.56,300
2.0,0.1,7,WMLE,0.24173604662505524,0.49166660108762245,0.0,300
2.0,0.1,10,LRE,0.28645784752908343,0.5352175702731399,0.0,300
2.0,0.1,10,LSE,0.30152834014810137,0.5491159623869091,0.0,300
2.0,0.1,10,MDM-0.1,0.24545847519506608,0.49543766025108155,0.0,300
2.0,0.1,10,MLE,1.4460060627973967,1.202499922161077,0.4266666666666667,300
2.0,0.1,10,WMLE,0.16626915320441987,0.40776114724728235,0.0,300
2.0,0.1,15,LRE,0.17644110261550303,0.4200489288350859,0.0,300
2.0,0.1,15,LSE,0.18988000683716474,0.43575223101800037,0.0,300
2.0,0.1,15,MDM-0.1,0.15045963836671358,0.3878912713206029,0.0,300
2.0,0.1,15,MLE,0.7315742374350263,0.8553211311753184,0.18666666666666668,300
2.0,0.1,15,WMLE,0.12738362912468904,0.3569084324090551,0.0,300
2.0,0.1,20,LRE,0.14623549216469636,0.3824074949117713,0.0,300
2.0,0.1,20,LSE,0.15461250656065825,0.39320796858743623,0.0,300
2.0,0.1,20,MDM-0.1,0.12688898159339682,0.3562147969882734,0.0,300
2.0,0.1,20,MLE,0.5340526606323415,0.7307890671269935,0.13,300
2.0,0.1,20,WMLE,0.09866732653870457,0.314113556757273,0.0,300
2.0,0.25,7,LRE,0.47435072306175025,0.6887312415316662,0.0,300
2.0,0.25,7,LSE,0.5374591856655274,0.7331160792572534,0.0,300
2.0,0.25,7,MDM-0.1,0.4138691148352479,0.6433266004412128,0.0,300
2.0,0.25,7,MLE,2.079900001249415,1.4421858414397968,0.5466666666666666,300
2.0,0.25,7,WMLE,0.40846906876136313,0.6391158492490725,0.0,300
2.0,0.25,10,LRE,0.3500275888010316,0.591631294643067,0.0,300
2.0,0.25,10,LSE,0.39627420317199225,0.6295031399222661,0.0,300
2.0,0.25,10,MDM-0.1,0.266044546254477,0.5157950622625976,0.0,300
2.0,0.25,10,MLE,1.5888279255629694,1.260487177865356,0.43333333333333335,300
2.0,0.25,10,WMLE,0.26612629196760995,0.515874298611212,0.0,300
2.0,0.25,15,LRE,0.26534014453475474,0.5151117786798849,0.0,300
2.0,0.25,15,LSE,0.2911577699672516,0.5395903723819131,0.0,300
2.0,0.25,15,MDM-0.1,0.19969961797179706,0.44687763198866537,0.0,300
2.0,0.25,15,MLE,0.8361573351321293,0.91441639045466,0.2,300
2.0,0.25,15,WMLE,0.22804019174539567,0.4775355397720631,0.0,300
2.0,0.25,20,LRE,0.19326034677808823,0.4396138609940412,0.0,300
2.0,0.25,20,LSE,0.2027280470763549,0.4502533143424431,0.0,300
2.0,0.25,20,MDM-0.1,0.15104650456772872,0.38864701795810647,0.0,300
2.0,0.25,20,MLE,0.5098331526949444,0.7140260168193764,0.11333333333333333,300
2.0,0.25,20,WMLE,0.1625593886178833,0.4031865432003941,0.0,300
2.0,0.5,7,LRE,0.8168692096890418,0.9038081708465806,0.0,300
2.0,0.5,7,LSE,0.9494683820465069,0.9744066820617082,0.0,300
2.0,0.5,7,MDM-0.1,0.5182292813761266,0.7198814356379296,0.0,300
2.0,0.5,7,MLE,2.881116491055512,1.6973851923047731,0.58,300
2.0,0.5,7,WMLE,0.6980577418292142,0.8354984989987799,0.0,300
2.0,0.5,10,LRE,0.5842533144564891,0.7643646475710981,0.0,300
2.0,0.5,10,LSE,0.6449570460899872,0.8030921778289135,0.0,300
2.0,0.5,10,MDM-0.1,0.3354593141519663,0.5791884962186027,0.0,300
2.0,0.5,10,MLE,1.7569065061456186,1.32548349900918,0.4033333333333333,300
2.0,0.5,10,WMLE,0.6430532900554893,0.8019060356771791,0.0,300
2.0,0.5,15,LRE,0.38377414909894886,0.6194950759279276,0.0,300
2.0,0.5,15,LSE,0.3985932838841039,0.6313424458121788,0.0,300
2.0,0.5,15,MDM-0.1,0.22726544074178875,0.4767236523834209,0.0,300
2.0,0.5,15,MLE,0.9499316328496163,0.9746443622417442,0.2,300
2.0,0.5,15,WMLE,0.45964033025840273,0.6779677944109165,0.0,300
2.0,0.5,20,LRE,0.32188075970902985,0.5673453619348887,0.0,300
2.0,0.5,20,LSE,0.31782796165069593,0.5637623272716047,0.0,300
2.0,0.5,20,MDM-0.1,0.16588234072615082,0.407286558489414,0.0,300
2.0,0.5,20,MLE,0.6061658236588308,0.7785665184548015,0.11333333333333333,300
2.0,0.5,20,WMLE,0.3901812993026066,0.6246449385871998,0.0,300
2.0,0.75,7,LRE,1.2123156011708796,1.1010520428984634,0.0,300
2.0,0.75,7,LSE,1.2796930049532569,1.1312351678379067,0.0,300
2.0,0.75,7,MDM-0.1,0.43596384999391613,0.660275586398525,0.0,300
2.0,0.75,7,MLE,3.1783747165741727,1.7827996849265406,0.54,300
2.0,0.75,7,WMLE,1.144907715196243,1.0700036052258155,0.0,300
2.0,0.75,10,LRE,0.8774232798685158,0.9367087486879342,0.0,300
2.0,0.75,10,LSE,0.9259845085825636,0.962280888609227,0.0,300
2.0,0.75,10,MDM-0.1,0.3137020500785321,0.5600911087301172,0.0,300
2.0,0.75,10,MLE,2.09039792764388,1.4458208490832742,0.38,300
2.0,0.75,10,WMLE,0.9035954543889962,0.9505763800920978,0.0,300
2.0,0.75,15,LRE,0.6528898012169583,0.8080159659418608,0.0,300
2.0,0.75,15,LSE,0.6453522859494288,0.8033382139232695,0.0,300
2.0,0.75,15,MDM-0.1,0.24817781889720622,0.49817448639729256,0.0,300
2.0,0.75,15,MLE,1.2877933796191159,1.134809842933659,0.24666666666666667,300
2.0,0.75,15,WMLE,0.8038003427038966,0.8965491301116166,0.0,300
2.0,0.75,20,LRE,0.4168042949955687,0.6456038220112771,0.0,300
2.0,0.75,20,LSE,0.4039170335541573,0.6355446747115087,0.0,300
2.0,0.75,20,MDM-0.1,0.1604797297673087,0.40059921338828003,0.0,300
2.0,0.75,20,MLE,0.6089580616123049,0.7803576498070003,0.07,300
2.0,0.75,20,WMLE,0.6093619956607067,0.7806164203119909,0.0,300
2.0,1.0,7,LRE,1.6277475281240374,1.2758320924494875,0.0,300
2.0,1.0,7,LSE,1.8054798240200212,1.3436814443981957,0.0,300
2.0,1.0,7,MDM-0.1,0.44810039364077037,0.6694030128709987,0.0,300
2.0,1.0,7,MLE,3.70316622737252,1.9243612517852566,0.5666666666666667,300
2.0,1.0,7,WMLE,1.5705231382183291,1.2532051461027156,0.0,300
2.0,1.0,10,LRE,1.1671047159084929,1.0803262081003555,0.0,300
2.0,1.0,10,LSE,1.1682851536972227,1.0808724039854207,0.0,300
2.0,1.0,10,MDM-0.1,0.2922161136478038,0.5405701745821756,0.0,300
2.0,1.0,10,MLE,2.172614303080052,1.4739790714525265,0.3466666666666667,300
2.0,1.0,10,WMLE,1.0880601388581765,1.0431012121832552,0.0,300
2.0,1.0,15,LRE,0.7197937132581668,0.8484065730875539,0.0,300
2.0,1.0,15,LSE,0.6859296995050175,0.8282087294305811,0.0,300
2.0,1.0,15,MDM-0.1,0.2296012204956131,0.47916721558931086,0.0,300
2.0,1.0,15,MLE,1.4679917631118444,1.2116070993155514,0.26,300
2.0,1.0,15,WMLE,1.1823608373688441,1.0873641696179086,0.0,300
2.0,1.0,20,LRE,0.4870776156740743,0.6979094609432331,0.0,300
2.0,1.0,20,LSE,0.49465120548879166,0.7033144428268139,0.0,300
2.0,1.0,20,MDM-0.1,0.1769017679628685,0.4205969186321608,0.0,300
2.0,1.0,20,MLE,0.769688990144305,0.8773192065287896,0.10333333333333333,300
2.0,1.0,20,WMLE,0.7610330268830567,0.87237206906403,0.0,300
2.5,0.1,7,LRE,0.47066291043854097,0.6860487668078276,0.0,300
2.5,0.1,7,LSE,0.5214464109663315,0.7221124642092336,0.0,300
2.5,0.1,7,MDM-0.1,0.4510370771772441,0.6715929400888935,0.0,300
2.5,0.1,7,MLE,1.8143847040189962,1.346990981417098,0.4766666666666667,300
2.5,0.1,7,WMLE,0.2199525918558196,0.46899103600796005,0.0,300
2.5,0.1,10,LRE,0.3366107530329515,0.5801816552020165,0.0,300
2.5,0.1,10,LSE,0.35223731745637393,0.5934958445148323,0.0,300
2.5,0.1,10,MDM-0.1,0.2742835256679777,0.5237208470817041,0.0,300
2.5,0.1,10,MLE,1.1628358506088188,1.0783486683855175,0.31666666666666665,300
2.5,0.1,10,WMLE,0.14868799982731704,0.3856008296507115,0.0,300
2.5,0.1,15,LRE,0.22840617480745778,0.477918585961519,0.0,300
2.5,0.1,15,LSE,0.24568672448712386,0.49566795789835344,0.0,300
2.5,0.1,15,MDM-0.1,0.20688641902255184,0.45484768771815454,0.0,300
2.5,0.1,15,MLE,0.663290370267399,0.814426405679113,0.15333333333333332,300
2.5,0.1,15,WMLE,0.13586267830540494,0.36859554840692926,0.0,300
2.5,0.1,20,LRE,0.15659145340781297,0.39571638000948733,0.0,300
2.5,0.1,20,LSE,0.17164348554933753,0.4142987877719865,0.0,300
2.5,0.1,20,MDM-0.1,0.14997895660684168,0.3872711667641185,0.0,300
2.5,0.1,20,MLE,0.395647581401532,0.6290052316169811,0.07333333333333333,300
2.5,0.1,20,WMLE,0.1098298832648761,0.33140591917597984,0.0,300
2.5,0.25,7,LRE,0.5799906675964545,0.7615711835386462,0.0,300
2.5,0.25,7,LSE,0.6174767244237935,0.7857968722410351,0.0,300
2.5,0.25,7,MDM-0.1,0.43397968513744484,0.6587713451095493,0.0,300
2.5,0.25,7,MLE,2.1687988162577394,1.4726842215009093,0.5566666666666666,300
2.5,0.25,7,WMLE,0.3119058264636159,0.558485296550962,0.0,300
2.5,0.25,10,LRE,0.4114494035678758,0.641443219285913,0.0,300
2.5,0.25,10,LSE,0.4599615139606657,0.6782046254344375,0.0,300
2.5,0.25,10,MDM-0.1,0.3162718424597511,0.5623805139402956,0.0,300
2.5,0.25,10,MLE,1.4197674224718078,1.1915399374220774,0.35,300
2.5,0.25,10,WMLE,0.26445314987669083,0.5142500849554532,0.0,300
2.5,0.25,15,LRE,0.2731051750199149,0.5225946565168026,0.0,300
2.5,0.25,15,LSE,0.29995168464588917,0.5476784500470046,0.0,300
2.5,0.25,15,MDM-0.1,0.21031701431919284,0.45860333003500187,0.0,300
2.5,0.25,15,MLE,0.6813801231558301,0.8254575235321501,0.12333333333333334,300
2.5,0.25,15,WMLE,0.2206452484368055,0.4697289095178254,0.0,300
2.5,0.25,20,LRE,0.22134302122639,0.47047106311269554,0.0,300
2.5,0.25,20,LSE,0.23948611069026327,0.48937318141706876,0.0,300
2.5,0.25,20,MDM-0.1,0.15608645038950883,0.39507777764575525,0.0,300
2.5,0.25,20,MLE,0.3967453399048087,0.6298772419327505,0.04666666666666667,300
2.5,0.25,20,WMLE,0.1697461119191415,0.4120025630006948,0.0,300
2.5,0.5,7,LRE,0.8913564039155106,0.9441167321446595,0.0,300
2.5,0.5,7,LSE,1.0482259095209507,1.0238290431126433,0.0,300
2.5,0.5,7,MDM-0.1,0.38543297091146916,0.620832482165253,0.0,300
2.5,0.5,7,MLE,2.546595097093163,1.5958054696902009,0.4066666666666667,300
2.5,0.5,7,WMLE,0.4733835018963226,0.688028707174579,0.0,300
2.5,0.5,10,LRE,0.5988963366987509,0.7738839297328449,0.0,300
2.5,0.5,10,LSE,0.6433637652924888,0.8020995981126589,0.0,300
2.5,0.5,10,MDM-0.1,0.329929879891739,0.5743952296909672,0.0,300
2.5,0.5,10,MLE,1.5147980941851387,1.2307713411455186,0.32,300
2.5,0.5,10,WMLE,0.44484357212750003,0.6669659452532041,0.0,300
2.5,0.5,15,LRE,0.4661377878037771,0.6827428416349578,0.0,300
2.5,0.5,15,LSE,0.4798328081115715,0.6926996521664865,0.0,300
2.5,0.5,15,MDM-0.1,0.22393596065079824,0.47321872390132474,0.0,300
2.5,0.5,15,MLE,0.8406442660386144,0.9168665475621927,0.13666666666666666,300
2.5,0.5,15,WMLE,0.3293643231524588,0.5739027122713908,0.0,300
2.5,0.5,20,LRE,0.3478150481329499,0.5897584659273234,0.0,300
2.5,0.5,20,LSE,0.35709067432016955,0.5975706437904806,0.0,300
2.5,0.5,20,MDM-0.1,0.17209775322464774,0.4148466623038538,0.0,300
2.5,0.5,20,MLE,0.516072848920592,0.7183821050949084,0.05,300
2.5,0.5,20,WMLE,0.263539916495955,0.5133613897596457,0.0,300
2.5,0.75,7,LRE,1.056872928086776,1.028043252050601,0.0,300
2.5,0.75,7,LSE,1.1494274227502805,1.0721135307187764,0.0,300
2.5,0.75,7,MDM-0.1,0.5015274815416945,0.7081860500897307,0.0,300
2.5,0.75,7,MLE,2.5965028785164,1.61136677343068,0.4766666666666667,300
2.5,0.75,7,WMLE,0.7519445393237691,0.8671473573296348,0.0,300
2.5,0.75,10,LRE,0.9599063917690993,0.9797481266984384,0.0,300
2.5,0.75,10,LSE,1.0234584797804787,1.0116612475431086,0.0,300
2.5,0.75,10,MDM-0.1,0.34741638724371976,0.5894203824467896,0.0,300
2.5,0.75,10,MLE,2.088885157484969,1.445297601701798,0.34,300
2.5,0.75,10,WMLE,0.6649456220516459,0.8154419795740503,0.0,300
2.5,0.75,15,LRE,0.6220426435555126,0.7886968007767704,0.0,300
2.5,0.75,15,LSE,0.6228879595737963,0.7892325129984169,0.0,300
2.5,0.75,15,MDM-0.1,0.2107220068235687,0.4590446675690381,0.0,300
2.5,0.75,15,MLE,0.9851955179833773,0.9925701577134874,0.11,300
2.5,0.75,15,WMLE,0.4498356684141722,0.6706978965332843,0.0,300
2.5,0.75,20,LRE,0.6323031997004044,0.7951749491152273,0.0,300
2.5,0.75,20,LSE,0.6229661902190473,0.7892820726578346,0.0,300
2.5,0.75,20,MDM-0.1,0.1789512875785351,0.42302634383515064,0.0,300
2.5,0.75,20,MLE,0.7703438597120693,0.8776923491247199,0.05333333333333334,300
2.5,0.75,20,WMLE,0.3833959048380508,0.6191897163535993,0.0,300
2.5,1.0,7,LRE,1.6251118107111293,1.274798733412898,0.0,300
2.5,1.0,7,LSE,1.741128113523448,1.3195181368679432,0.0,300
2.5,1.0,7,MDM-0.1,0.39589253415722236,0.6291999158909848,0.0,300
2.5,1.0,7,MLE,3.5352933976408214,1.8802375907424098,0.42,300
2.5,1.0,7,WMLE,0.8194259899917183,0.9052215143221677,0.0,300
2.5,1.0,10,LRE,1.235661858482522,1.1116032828678233,0.0,300
2.5,1.0,10,LSE,1.2574423849623722,1.1213573850304692,0.0,300
2.5,1.0,10,MDM-0.1,0.3192105210716406,0.5649871866437686,0.0,300
2.5,1.0,10,MLE,2.213004025164574,1.4876168946219233,0.31,300
2.5,1.0,10,WMLE,0.7599148383403952,0.8717309437781793,0.0,300
2.5,1.0,15,LRE,1.0999996449205476,1.048808678892651,0.0,300
2.5,1.0,15,LSE,1.091620493861489,1.0448064384667088,0.0,300
2.5,1.0,15,MDM-0.1,0.2233840783546415,0.4726352487433004,0.0,300
2.5,1.0,15,MLE,1.6640941802336655,1.2899977442746424,0.15,300
2.5,1.0,15,WMLE,0.601091415947228,0.7753008551183392,0.0,300
2.5,1.0,20,LRE,0.7106679011715488,0.8430112105847399,0.0,300
2.5,1.0,20,LSE,0.6480742617505452,0.8050305967791195,0.0,300
2.5,1.0,20,MDM-0.1,0.1703741045045884,0.41276398159794464,0.0,300
2.5,1.0,20,MLE,0.7433502520518999,0.8621776221010958,0.05333333333333334,300
2.5,1.0,20,WMLE,0.4414950832440767,0.6644509637618691,0.0,300
3.0,0.1,7,LRE,0.5285565496812282,0.7270189472642569,0.0,300
3.0,0.1,7,LSE,0.5666307115265752,0.7527487705247848,0.0,300
3.0,0.1,7,MDM-0.1,0.46754584025335455,0.683773237450366,0.0,300
3.0,0.1,7,MLE,1.5808991675992559,1.2573381277919062,0.42,300
3.0,0.1,7,WMLE,0.2715963168045176,0.5211490351180914,0.0,300
3.0,0.1,10,LRE,0.36556478497312794,0.6046195373729897,0.0,300
3.0,0.1,10,LSE,0.3943289987600492,0.6279562076769758,0.0,300
3.0,0.1,10,MDM-0.1,0.3340086784631608,0.577934839288272,0.0,300
3.0,0.1,10,MLE,0.9166759440517381,0.9574319527004195,0.21333333333333335,300
3.0,0.1,10,WMLE,0.227297036238483,0.47675678939946203,0.0,300
3.0,0.1,15,LRE,0.25024126356077825,0.5002412053807426,0.0,300
3.0,0.1,15,LSE,0.2635677836767897,0.5133885309166827,0.0,300
3.0,0.1,15,MDM-0.1,0.23678783723033386,0.48660850509453063,0.0,300
3.0,0.1,15,MLE,0.5648939720615282,0.7515942868739279,0.10333333333333333,300
3.0,0.1,15,WMLE,0.18298439051467935,0.4277667477898199,0.0,300
3.0,0.1,20,LRE,0.20421893440730493,0.45190589109603885,0.0,300
3.0,0.1,20,LSE,0.22353441331444457,0.47279426108450656,0.0,300
3.0,0.1,20,MDM-0.1,0.20494981545444008,0.45271383395522613,0.0,300
3.0,0.1,20,MLE,0.37181752149037633,0.6097684162781607,0.043333333333333335,300
3.0,0.1,20,WMLE,0.18409687109063305,0.4290651128798904,0.0,300
3.0,0.25,7,LRE,0.6540499611263008,0.808733553852133,0.0,300
3.0,0.25,7,LSE,0.7375984582206535,0.858835524545098,0.0,300
3.0,0.25,7,MDM-0.1,0.4687650966595008,0.6846642218339591,0.0,300
3.0,0.25,7,MLE,1.8145221672419727,1.347042006487538,0.41333333333333333,300
3.0,0.25,7,WMLE,0.3228583421421745,0.5682062496507536,0.0,300
3.0,0.25,10,LRE,0.43955488314590146,0.662989353719878,0.0,300
3.0,0.25,10,LSE,0.47335158225961965,0.688005510341029,0.0,300
3.0,0.25,10,MDM-0.1,0.36201005079309373,0.6016727106933584,0.0,300
3.0,0.25,10,MLE,1.1409699994009137,1.0681619724559164,0.2633333333333333,300
3.0,0.25,10,WMLE,0.29627074990594815,0.5443075875880734,0.0,300
3.0,0.25,15,LRE,0.29641914856336743,0.5444438892699297,0.0,300
3.0,0.25,15,LSE,0.3279956382587321,0.5727090345530897,0.0,300
3.0,0.25,15,MDM-0.1,0.24593253747848426,0.49591585725653525,0.0,300
3.0,0.25,15,MLE,0.6320941946695973,0.7950435174690736,0.1,300
3.0,0.25,15,WMLE,0.23770945891189915,0.48755457018871146,0.0,300
3.0,0.25,20,LRE,0.24349738713801433,0.4934545441456734,0.0,300
3.0,0.25,20,LSE,0.2635253917816338,0.5133472428888985,0.0,300
3.0,0.25,20,MDM-0.1,0.19221422774488497,0.4384224307045489,0.0,300
3.0,0.25,20,MLE,0.3956811699613658,0.6290319307963356,0.03333333333333333,300
3.0,0.25,20,WMLE,0.20997273410587405,0.4582278190004117,0.0,300
3.0,0.5,7,LRE,0.8590408930263271,0.9268445894681194,0.0,300
3.0,0.5,7,LSE,0.9514516416874369,0.9754238266965991,0.0,300
3.0,0.5,7,MDM-0.1,0.5109604036438882,0.714814943634986,0.0,300
3.0,0.5,7,MLE,2.234430252165717,1.4948010744462676,0.41,300
3.0,0.5,7,WMLE,0.4699166288755424,0.685504652701601,0.0,300
3.0,0.5,10,LRE,0.6496001311679258,0.805977748556327,0.0,300
3.0,0.5,10,LSE,0.7253623384293687,0.8516820641702916,0.0,300
3.0,0.5,10,MDM-0.1,0.3397949776169165,0.5829193577304811,0.0,300
3.0,0.5,10,MLE,1.468774673181913,1.2119301436889476,0.24,300
3.0,0.5,10,WMLE,0.4017857981950306,0.6338657572349452,0.0,300
3.0,0.5,15,LRE,0.540100923288681,0.7349155892268724,0.0,300
3.0,0.5,15,LSE,0.5531151779185027,0.7437171356897074,0.0,300
3.0,0.5,15,MDM-0.1,0.2919606291134357,0.5403338126690164,0.0,300
3.0,0.5,15,MLE,0.8457496141406173,0.9196464614951864,0.12,300
3.0,0.5,15,WMLE,0.3296348355848392,0.5741383418522397,0.0,300
3.0,0.5,20,LRE,0.43479253946565116,0.6593880037319841,0.0,300
3.0,0.5,20,LSE,0.4422010690109319,0.6649820065317046,0.0,300
3.0,0.5,20,MDM-0.1,0.21262805634934437,0.46111609855799257,0.0,300
3.0,0.5,20,MLE,0.5335883055474758,0.7304712900227331,0.02666666666666667,300
3.0,0.5,20,WMLE,0.293484089400692,0.5417417183498904,0.0,300
3.0,0.75,7,LRE,1.2492981861960901,1.1177200840085544,0.0,300
3.0,0.75,7,LSE,1.37187947150906,1.1712725863389188,0.0,300
3.0,0.75,7,MDM-0.1,0.4896542896593911,0.6997530204717884,0.0,300
3.0,0.75,7,MLE,2.790116254018353,1.6703641082166345,0.43,300
3.0,0.75,7,WMLE,0.5813831899196337,0.7624848784858842,0.0,300
3.0,0.75,10,LRE,0.9792027104709592,0.9895467197009746,0.0,300
3.0,0.75,10,LSE,1.045142131475861,1.0223219314266232,0.0,300
3.0,0.75,10,MDM-0.1,0.3569800323897206,0.5974780601743637,0.0,300
3.0,0.75,10,MLE,1.8037728728923648,1.3430461171874792,0.26,300
3.0,0.75,10,WMLE,0.47369752740536003,0.6882568760320235,0.0,300
3.0,0.75,15,LRE,0.7153863681689031,0.8458051596963115,0.0,300
3.0,0.75,15,LSE,0.7273069930437027,0.8528229552748346,0.0,300
3.0,0.75,15,MDM-0.1,0.26577844418900576,0.5155370444391031,0.0,300
3.0,0.75,15,MLE,1.0803170957841823,1.0393830361248841,0.1,300
3.0,0.75,15,WMLE,0.37774612246850814,0.6146105453606439,0.0,300
3.0,0.75,20,LRE,0.6221993744225324,0.7887961551773262,0.0,300
3.0,0.75,20,LSE,0.60659813578248,0.7788441023609796,0.0,300
3.0,0.75,20,MDM-0.1,0.2069272815963823,0.45489260446437496,0.0,300
3.0,0.75,20,MLE,0.6509614284323791,0.8068218071125612,0.03666666666666667,300
3.0,0.75,20,WMLE,0.3062672008436902,0.5534141314094628,0.0,300
3.0,1.0,7,LRE,1.719842890922858,1.3114278062184201,0.0,300
3.0,1.0,7,LSE,1.7970052315978697,1.3405242376017934,0.0,300
3.0,1.0,7,MDM-0.1,0.5314923350607031,0.7290352083820804,0.0,300
3.0,1.0,7,MLE,3.3666439619254382,1.8348416721683203,0.4066666666666667,300
3.0,1.0,7,WMLE,0.7025264971315861,0.8381685374264451,0.0,300
3.0,1.0,10,LRE,1.2372260041559915,1.112306614273237,0.0,300
3.0,1.0,10,LSE,1.2550539289928195,1.120291894549282,0.0,300
3.0,1.0,10,MDM-0.1,0.35044647066102985,0.5919851946299247,0.0,300
3.0,1.0,10,MLE,1.9833629090946465,1.4083191787001434,0.24,300
3.0,1.0,10,WMLE,0.467779905553532,0.6839443731426789,0.0,300
3.0,1.0,15,LRE,0.9967242450278267,0.9983607789911555,0.0,300
3.0,1.0,15,LSE,0.9590718914689582,0.9793221591840748,0.0,300
3.0,1.0,15,MDM-0.1,0.2722802822831716,0.5218048316019809,0.0,300
3.0,1.0,15,MLE,1.2367093255831558,1.1120743345582416,0.08333333333333333,300
3.0,1.0,15,WMLE,0.404863856536397,0.63628912967015,0.0,300
3.0,1.0,20,LRE,1.0223448800709645,1.011110716030131,0.0,300
3.0,1.0,20,LSE,0.9393262211222317,0.9691884342697409,0.0,300
3.0,1.0,20,MDM-0.1,0.21093082309325356,0.4592720578189507,0.0,300
3.0,1.0,20,MLE,1.130622203829297,1.0633072010615263,0.02666666666666667,300
3.0,1.0,20,WMLE,0.37124986998422066,0.6093027736554468,0.0,300
3.5,0.1,7,LRE,0.5325674567843479,0.72977219512965,0.0,300
3.5,0.1,7,LSE,0.5626161255328697,0.7500774130267286,0.0,300
3.5,0.1,7,MDM-0.1,0.5343962474813903,0.731024108686841,0.0,300
3.5,0.1,7,MLE,1.427535373476474,1.1947951177823226,0.36,300
3.5,0.1,7,WMLE,0.3214351859448427,0.5669525429388624,0.0,300
3.5,0.1,10,LRE,0.42331341754838614,0.6506254049361937,0.0,300
3.5,0.1,10,LSE,0.4561315195344337,0.6753750954354429,0.0,300
3.5,0.1,10,MDM-0.1,0.4194688988093242,0.6476641867583264,0.0,300
3.5,0.1,10,MLE,0.9233801610096858,0.9609267198957919,0.19666666666666666,300
3.5,0.1,10,WMLE,0.32186528339260906,0.5673317225333069,0.0,300
3.5,0.1,15,LRE,0.25059995882745556,0.5005995993081253,0.0,300
3.5,0.1,15,LSE,0.26745920557215186,0.5171645826737865,0.0,300
3.5,0.1,15,MDM-0.1,0.2643271130686337,0.5141275260756165,0.0,300
3.5,0.1,15,MLE,0.4329675783184682,0.6580027190813639,0.04666666666666667,300
3.5,0.1,15,WMLE,0.2444761502877567,0.4944452955461875,0.0,300
3.5,0.1,20,LRE,0.22496163518093326,0.47430120723115726,0.0,300
3.5,0.1,20,LSE,0.24931021987308952,0.4993097434189418,0.0,300
3.5,0.1,20,MDM-0.1,0.24099243513418184,0.4909098034610654,0.0,300
3.5,0.1,20,MLE,0.3751827289492038,0.6125216150873403,0.03666666666666667,300
3.5,0.1,20,WMLE,0.21957114828735325,0.46858419551597474,0.0,300
3.5,0.25,7,LRE,0.6728615514636496,0.8202813855401386,0.0,300
3.5,0.25,7,LSE,0.7523440520154778,0.867377687063414,0.0,300
3.5,0.25,7,MDM-0.1,0.5455261411581678,0.7385974148060415,0.0,300
3.5,0.25,7,MLE,1.6276069667942619,1.2757770051205115,0.33,300
3.5,0.25,7,WMLE,0.35934789246768173,0.5994563307428504,0.0,300
3.5,0.25,10,LRE,0.4885302066636869,0.6989493591553589,0.0,300
3.5,0.25,10,LSE,0.5337624255296579,0.7305904636180641,0.0,300
3.5,0.25,10,MDM-0.1,0.41658396754898513,0.6454331627279352,0.0,300
3.5,0.25,10,MLE,1.1349911054172344,1.0653596131904168,0.21666666666666667,300
3.5,0.25,10,WMLE,0.34097087468457044,0.5839271141885521,0.0,300
3.5,0.25,15,LRE,0.35551158460262555,0.596247922095017,0.0,300
3.5,0.25,15,LSE,0.3789301868394014,0.6155730556476634,0.0,300
3.5,0.25,15,MDM-0.1,0.29785824316600146,0.5457639078997452,0.0,300
3.5,0.25,15,MLE,0.6032361521306325,0.7766827873273828,0.06,300
3.5,0.25,15,WMLE,0.2931331087853813,0.5414176842192923,0.0,300
3.5,0.25,20,LRE,0.2893240915149556,0.5378885493435938,0.0,300
3.5,0.25,20,LSE,0.31365314402640737,0.5600474480134763,0.0,300
3.5,0.25,20,MDM-0.1,0.2347917320428032,0.4845531261304618,0.0,300
3.5,0.25,20,MLE,0.40096435186959345,0.6332174601743018,0.023333333333333334,300
3.5,0.25,20,WMLE,0.2512752667752445,0.5012736446046655,0.0,300
3.5,0.5,7,LRE,0.8834476286286591,0.9399189479038389,0.0,300
3.5,0.5,7,LSE,0.9631156164517478,0.9813845405608078,0.0,300
3.5,0.5,7,MDM-0.1,0.5761533090728818,0.7590476329407013,0.0,300
3.5,0.5,7,MLE,2.130758139014617,1.4597116629713611,0.38,300
3.5,0.5,7,WMLE,0.4260462908318336,0.6527222156720527,0.0,300
3.5,0.5,10,LRE,0.7251870299292927,0.8515791389702384,0.0,300
3.5,0.5,10,LSE,0.8259347052168463,0.9088094988592749,0.0,300
3.5,0.5,10,MDM-0.1,0.3923606523647322,0.6263869829145017,0.0,300
3.5,0.5,10,MLE,1.5019366139747623,1.2255352357132627,0.20333333333333334,300
3.5,0.5,10,WMLE,0.4013356811551843,0.6335106006652014,0.0,300
3.5,0.5,15,LRE,0.5842502608316871,0.764362650076315,0.0,300
3.5,0.5,15,LSE,0.6266284802956659,0.7915986863908162,0.0,300
3.5,0.5,15,MDM-0.1,0.32545632067551644,0.570487791872461,0.0,300
3.5,0.5,15,MLE,0.8165590285564271,0.9036365577799668,0.05,300
3.5,0.5,15,WMLE,0.35369770228011854,0.594724896300902,0.0,300
3.5,0.5,20,LRE,0.5011777062961104,0.7079390554956764,0.0,300
3.5,0.5,20,LSE,0.5230428879473944,0.7232170406920694,0.0,300
3.5,0.5,20,MDM-0.1,0.25185599698410954,0.5018525649870782,0.0,300
3.5,0.5,20,MLE,0.6500698310017324,0.8062690810155952,0.03,300
3.5,0.5,20,WMLE,0.30452890133637933,0.5518413733459818,0.0,300
3.5,0.75,7,LRE,1.2374070601375833,1.1123879989183554,0.0,300
3.5,0.75,7,LSE,1.3516575348987288,1.1626080745026368,0.0,300
3.5,0.75,7,MDM-0.1,0.5562488241511574,0.7458209062175433,0.0,300
3.5,0.75,7,MLE,2.822837660341717,1.6801302510048788,0.3566666666666667,300
3.5,0.75,7,WMLE,0.4815875625968469,0.693965101858045,0.0,300
3.5,0.75,10,LRE,1.075856270520107,1.0372349157833567,0.0,300
3.5,0.75,10,LSE,1.0980042509132912,1.0478569801806406,0.0,300
3.5,0.75,10,MDM-0.1,0.38980636112055067,0.624344745409578,0.0,300
3.5,0.75,10,MLE,1.7169730256927347,1.3103331735450852,0.2,300
3.5,0.75,10,WMLE,0.4001859561537228,0.6326025261992895,0.0,300
3.5,0.75,15,LRE,0.8458781649500157,0.9197163502678506,0.0,300
3.5,0.75,15,LSE,0.8708712937807862,0.9332048509200893,0.0,300
3.5,0.75,15,MDM-0.1,0.29549683198314153,0.543596203061741,0.0,300
3.5,0.75,15,MLE,1.1233119821693334,1.0598641338253376,0.07666666666666666,300
3.5,0.75,15,WMLE,0.33471883841442746,0.5785489075388766,0.0,300
3.5,0.75,20,LRE,0.8162456977670889,0.9034631690152558,0.0,300
3.5,0.75,20,LSE,0.8086635955969701,0.8992572466191029,0.0,300
3.5,0.75,20,MDM-0.1,0.23668355674539773,0.4865013430047216,0.0,300
3.5,0.75,20,MLE,0.8793640400169433,0.9377441228911774,0.016666666666666666,300
3.5,0.75,20,WMLE,0.2956963998794214,0.5437797347082929,0.0,300
3.5,1.0,7,LRE,1.796643426008814,1.3403892815181766,0.0,300
3.5,1.0,7,LSE,1.9905205189553037,1.4108580789559606,0.0,300
3.5,1.0,7,MDM-0.1,0.5711923940496891,0.7557727132211701,0.0,300
3.5,1.0,7,MLE,3.844984682170519,1.96086324922737,0.37333333333333335,300
3.5,1.0,7,WMLE,0.5180825313369217,0.7197795018871556,0.0,300
3.5,1.0,10,LRE,1.6272854714753069,1.2756509990884288,0.0,300
3.5,1.0,10,LSE,1.7373520563368618,1.3180865132216708,0.0,300
3.5,1.0,10,MDM-0.1,0.4132696584885359,0.6428605280218532,0.0,300
3.5,1.0,10,MLE,2.8227846944496524,1.680114488494654,0.23666666666666666,300
3.5,1.0,10,WMLE,0.4536008980728057,0.6734989963413499,0.0,300
3.5,1.0,15,LRE,1.2320734219382798,1.1099880278355618,0.0,300
3.5,1.0,15,LSE,1.2288229642339152,1.1085228749258695,0.0,300
3.5,1.0,15,MDM-0.1,0.29651511842327966,0.5445320178128,0.0,300
3.5,1.0,15,MLE,1.528776116464381,1.2364368631128646,0.06333333333333334,300
3.5,1.0,15,WMLE,0.3557140436916262,0.5964176755358833,0.0,300
3.5,1.0,20,LRE,1.1342947085011865,1.0650327264930344,0.0,300
3.5,1.0,20,LSE,1.0894589608776248,1.0437715079832488,0.0,300
3.5,1.0,20,MDM-0.1,0.2713626646463598,0.5209248166927352,0.0,300
3.5,1.0,20,MLE,1.1447854915987075,1.0699464900632683,0.023333333333333334,300
3.5,1.0,20,WMLE,0.31966428744501313,0.5653886163029931,0.0,300
4.0,0.1,7,LRE,0.6400907499890891,0.8000567167326883,0.0,300
4.0,0.1,7,LSE,0.6924729163286006,0.8321495756945386,0.0,300
4.0,0.1,7,MDM-0.1,0.6572177390267462,0.8106896687554037,0.0,300
4.0,0.1,7,MLE,1.5303654263255186,1.2370793937033784,0.35,300
4.0,0.1,7,WMLE,0.41221377686339683,0.6420387658571691,0.0,300
4.0,0.1,10,LRE,0.46337029516754713,0.6807130784460859,0.0,300
4.0,0.1,10,LSE,0.5044924228145896,0.7102763003328982,0.0,300
4.0,0.1,10,MDM-0.1,0.49075297986339383,0.7005376362932929,0.0,300
4.0,0.1,10,MLE,0.9671305101342538,0.9834279384552046,0.18333333333333332,300
4.0,0.1,10,WMLE,0.40748722100473583,0.6383472573801315,0.0,300
4.0,0.1,15,LRE,0.33612084958664945,0.5797593031479956,0.0,300
4.0,0.1,15,LSE,0.3670673498153128,0.6058608337030154,0.0,300
4.0,0.1,15,MDM-0.1,0.38404408457041284,0.6197129049571365,0.0,300
4.0,0.1,15,MLE,0.5624339197470102,0.7499559452041235,0.06,300
4.0,0.1,15,WMLE,0.33744386195587645,0.5808991839862374,0.0,300
4.0,0.1,20,LRE,0.260789896194874,0.5106759209076477,0.0,300
4.0,0.1,20,LSE,0.28552076783452557,0.5343414337617153,0.0,300
4.0,0.1,20,MDM-0.1,0.3023205386716914,0.5498368291335998,0.0,300
4.0,0.1,20,MLE,0.37888400149405366,0.6155355403988089,0.02,300
4.0,0.1,20,WMLE,0.2851848960746526,0.5340270555642781,0.0,300
4.0,0.25,7,LRE,0.7243927814194859,0.8511126725760144,0.0,300
4.0,0.25,7,LSE,0.7933649395633193,0.8907103567172211,0.0,300
4.0,0.25,7,MDM-0.1,0.7558805793022007,0.8694139286336519,0.0,300
4.0,0.25,7,MLE,1.6319852954082583,1.277491798567904,0.36333333333333334,300
4.0,0.25,7,WMLE,0.41866585906240883,0.6470439390508258,0.0,300
4.0,0.25,10,LRE,0.5591498313070297,0.7477632187444295,0.0,300
4.0,0.25,10,LSE,0.6155771396586363,0.7845872415854315,0.0,300
4.0,0.25,10,MDM-0.1,0.5206605627792164,0.7215681276076545,0.0,300
4.0,0.25,10,MLE,1.1427935966361253,1.069015246213133,0.20666666666666667,300
4.0,0.25,10,WMLE,0.42484768442101656,0.6518034093352202,0.0,300
4.0,0.25,15,LRE,0.39843652700797433,0.6312182879226285,0.0,300
4.0,0.25,15,LSE,0.43372399775126214,0.6585772526828285,0.0,300
4.0,0.25,15,MDM-0.1,0.3704122666768216,0.6086150398049834,0.0,300
4.0,0.25,15,MLE,0.6582284875406691,0.8113128173156573,0.06,300
4.0,0.25,15,WMLE,0.3481545689207639,0.590046243035886,0.0,300
4.0,0.25,20,LRE,0.33851706814601096,0.5818221963332191,0.0,300
4.0,0.25,20,LSE,0.36673227390602925,0.6055842417913706,0.0,300
4.0,0.25,20,MDM-0.1,0.3398479111696086,0.5829647598008035,0.0,300
4.0,0.25,20,MLE,0.5077183614572283,0.7125435856543993,0.02666666666666667,300
4.0,0.25,20,WMLE,0.3370749024397552,0.5805815209251455,0.0,300
4.0,0.5,7,LRE,0.9663704002490182,0.9830414031204476,0.0,300
4.0,0.5,7,LSE,1.0624600040693126,1.0307570053457376,0.0,300
4.0,0.5,7,MDM-0.1,0.6331131136645598,0.7956840539212532,0.0,300
4.0,0.5,7,MLE,2.0408110626569704,1.4285695862144658,0.3466666666666667,300
4.0,0.5,7,WMLE,0.47261504843188445,0.6874700345701509,0.0,300
4.0,0.5,10,LRE,0.7084558419745531,0.8416981893615746,0.0,300
4.0,0.5,10,LSE,0.7588316055466596,0.8711094107783819,0.0,300
4.0,0.5,10,MDM-0.1,0.5076626430037571,0.7125044863043019,0.0,300
4.0,0.5,10,MLE,1.3392887054987233,1.1572764170666934,0.19333333333333333,300
4.0,0.5,10,WMLE,0.48190427066510155,0.6941932516706725,0.0,300
4.0,0.5,15,LRE,0.5999307382384373,0.7745519596763263,0.0,300
4.0,0.5,15,LSE,0.642661315133449,0.8016615963942946,0.0,300
4.0,0.5,15,MDM-0.1,0.39361355415173854,0.627386287825721,0.0,300
4.0,0.5,15,MLE,0.841447389051676,0.9173044146038304,0.08,300
4.0,0.5,15,WMLE,0.3677549421245511,0.6064280189144884,0.0,300
4.0,0.5,20,LRE,0.5164384420488084,0.7186365159444713,0.0,300
4.0,0.5,20,LSE,0.5519669259839272,0.7429447664422485,0.0,300
4.0,0.5,20,MDM-0.1,0.29105579274682936,0.539495869072998,0.0,300
4.0,0.5,20,MLE,0.6716371096008281,0.8195346909074857,0.013333333333333334,300
4.0,0.5,20,WMLE,0.31427027787614437,0.5605981429474631,0.0,300
4.0,0.75,7,LRE,1.466175682518954,1.2108574162629364,0.0,300
4.0,0.75,7,LSE,1.68053893039051,1.2963560199229647,0.0,300
4.0,0.75,7,MDM-0.1,0.6561837076608792,0.8100516697476027,0.0,300
4.0,0.75,7,MLE,3.0289950902291665,1.7404008418261487,0.3433333333333333,300
4.0,0.75,7,WMLE,0.5182559187756702,0.7198999366409683,0.0,300
4.0,0.75,10,LRE,1.0928214940381396,1.0453810281606126,0.0,300
4.0,0.75,10,LSE,1.1658226180593299,1.0797326604578237,0.0,300
4.0,0.75,10,MDM-0.1,0.4724858081434159,0.6873760311091854,0.0,300
4.0,0.75,10,MLE,1.8730992285423023,1.368612154170166,0.15666666666666668,300
4.0,0.75,10,WMLE,0.47348424430099983,0.6881019141820489,0.0,300
4.0,0.75,15,LRE,0.8824350254117451,0.9393801282823396,0.0,300
4.0,0.75,15,LSE,0.9276605410672162,0.9631513593756779,0.0,300
4.0,0.75,15,MDM-0.1,0.3802383654577097,0.6166347099034482,0.0,300
4.0,0.75,15,MLE,1.2188181604688741,1.1040009784727884,0.03666666666666667,300
4.0,0.75,15,WMLE,0.3993267004408262,0.631923017812159,0.0,300
4.0,0.75,20,LRE,0.7750535150421711,0.880371237059782,0.0,300
4.0,0.75,20,LSE,0.7950913441591209,0.8916789467959422,0.0,300
4.0,0.75,20,MDM-0.1,0.3001140317174805,0.5478266438550433,0.0,300
4.0,0.75,20,MLE,0.8989721230112815,0.9481414045443229,0.01,300
4.0,0.75,20,WMLE,0.3283428571824454,0.5730120916546573,0.0,300
4.0,1.0,7,LRE,1.8244193684987025,1.350710690154891,0.0,300
4.0,1.0,7,LSE,2.021383855263665,1.4217537955861645,0.0,300
4.0,1.0,7,MDM-0.1,0.6328812848607049,0.7955383616524756,0.0,300
4.0,1.0,7,MLE,3.556792550789456,1.8859460625345192,0.31666666666666665,300
4.0,1.0,7,WMLE,0.568244218225089,0.7538197518141118,0.0,300
4.0,1.0,10,LRE,1.5950403689254802,1.2629490761410296,0.0,300
4.0,1.0,10,LSE,1.6616401532338774,1.289046218424257,0.0,300
4.0,1.0,10,MDM-0.1,0.5378690432011908,0.7333955571185243,0.0,300
4.0,1.0,10,MLE,2.545767897013498,1.5955462691547049,0.20666666666666667,300
4.0,1.0,10,WMLE,0.4728561648121859,0.687645377220109,0.0,300
4.0,1.0,15,LRE,1.4313456407763618,1.1963885826838878,0.0,300
4.0,1.0,15,LSE,1.4773671592161217,1.2154699334891512,0.0,300
4.0,1.0,15,MDM-0.1,0.3737078522046374,0.6113164910295137,0.0,300
4.0,1.0,15,MLE,1.753583705521762,1.3242294761565165,0.07333333333333333,300
4.0,1.0,15,WMLE,0.3642541625973798,0.6035347236053447,0.0,300
4.0,1.0,20,LRE,1.1958897509546402,1.093567442343928,0.0,300
4.0,1.0,20,LSE,1.158274994233114,1.0762318496648917,0.0,300
4.0,1.0,20,MDM-0.1,0.2799406110030382,0.5290941419095831,0.0,300
4.0,1.0,20,MLE,1.1329159645209939,1.0643852519276062,0.02666666666666667,300
4.0,1.0,20,WMLE,0.3017772314834363,0.5493425447600397,0.0,300
4.5,0.1,7,LRE,0.6251731557254611,0.7906789207544748,0.0,300
4.5,0.1,7,LSE,0.6727251827810893,0.8201982582163225,0.0,300
4.5,0.1,7,MDM-0.1,0.7200530070594503,0.8485593715583196,0.0,300
4.5,0.1,7,MLE,1.367512609063857,1.1694069475866204,0.3,300
4.5,0.1,7,WMLE,0.4856707751941975,0.6969008359832822,0.0,300
4.5,0.1,10,LRE,0.49950835571209934,0.7067590506757585,0.0,300
4.5,0.1,10,LSE,0.534445631127359,0.7310578849361786,0.0,300
4.5,0.1,10,MDM-0.1,0.58083435086539,0.7621248919077438,0.0,300
4.5,0.1,10,MLE,0.9538061373229041,0.9766299899772197,0.18666666666666668,300
4.5,0.1,10,WMLE,0.44902672874564964,0.6700945670169619,0.0,300
4.5,0.1,15,LRE,0.3380231709024033,0.5813976013903078,0.0,300
4.5,0.1,15,LSE,0.36533114853555787,0.604426297025169,0.0,300
4.5,0.1,15,MDM-0.1,0.4319123927754389,0.6572004205533034,0.0,300
4.5,0.1,15,MLE,0.48621475894670907,0.6972910145317441,0.023333333333333334,300
4.5,0.1,15,WMLE,0.38991059005167317,0.6244282104867406,0.0,300
4.5,0.1,20,LRE,0.2739563447860729,0.5234083919713868,0.0,300
4.5,0.1,20,LSE,0.2990745626200477,0.5468771001057255,0.0,300
4.5,0.1,20,MDM-0.1,0.37035109422937257,0.608564782278249,0.0,300
4.5,0.1,20,MLE,0.35130889014640676,0.5927131600921367,0.0033333333333333335,300
4.5,0.1,20,WMLE,0.3506524802717694,0.592159168021377,0.0,300
4.5,0.25,7,LRE,0.6685784553394838,0.8176664694968748,0.0,300
4.5,0.25,7,LSE,0.7313974645885288,0.85521778781111,0.0,300
4.5,0.25,7,MDM-0.1,0.7252085859208265,0.8515917953578619,0.0,300
4.5,0.25,7,MLE,1.4396890521920724,1.1998704314183561,0.29,300
4.5,0.25,7,WMLE,0.5094735380261664,0.713774150572971,0.0,300
4.5,0.25,10,LRE,0.5360310606073948,0.7321414211799485,0.0,300
4.5,0.25,10,LSE,0.6079257846461935,0.7796959565408772,0.0,300
4.5,0.25,10,MDM-0.1,0.5629074336618484,0.7502715732732038,0.0,300
4.5,0.25,10,MLE,1.074747497921494,1.0367002932002547,0.15,300
4.5,0.25,10,WMLE,0.5074548184583779,0.7123586305073997,0.0,300
4.5,0.25,15,LRE,0.3878268776031585,0.6227574789620423,0.0,300
4.5,0.25,15,LSE,0.4282601861603958,0.6544159122151568,0.0,300
4.5,0.25,15,MDM-0.1,0.41999831767925627,0.648072771900854,0.0,300
4.5,0.25,15,MLE,0.6044624458320483,0.7774718296067378,0.04666666666666667,300
4.5,0.25,15,WMLE,0.38809458537931735,0.6229723793069138,0.0,300
4.5,0.25,20,LRE,0.3325810318074864,0.5766983889412961,0.0,300
4.5,0.25,20,LSE,0.3651688528285986,0.6042920261170079,0.0,300
4.5,0.25,20,MDM-0.1,0.3544773215932154,0.5953799808468667,0.0,300
4.5,0.25,20,MLE,0.4556856060188171,0.6750448918544729,0.01,300
4.5,0.25,20,WMLE,0.3436279870910188,0.5861979077845798,0.0,300
4.5,0.5,7,LRE,1.0133694243991829,1.006662517629013,0.0,300
4.5,0.5,7,LSE,1.1273651259767312,1.0617745174832232,0.0,300
4.5,0.5,7,MDM-0.1,0.7657202637649753,0.8750544347439051,0.0,300
4.5,0.5,7,MLE,2.1803357937875596,1.4765960157699056,0.33666666666666667,300
4.5,0.5,7,WMLE,0.5505319690239107,0.741978415470363,0.0,300
4.5,0.5,10,LRE,0.8051136341071541,0.8972812458238242,0.0,300
4.5,0.5,10,LSE,0.8629313062696826,0.9289409595177094,0.0,300
4.5,0.5,10,MDM-0.1,0.612675246124901,0.7827357447599419,0.0,300
4.5,0.5,10,MLE,1.3600908444390123,1.1662293275505518,0.18666666666666668,300
4.5,0.5,10,WMLE,0.5049055555862861,0.7105670662128144,0.0,300
4.5,0.5,15,LRE,0.6686849275691015,0.8177315742767314,0.0,300
4.5,0.5,15,LSE,0.7226355371571508,0.8500797240007262,0.0,300
4.5,0.5,15,MDM-0.1,0.4718522352190495,0.6869150130977263,0.0,300
4.5,0.5,15,MLE,1.0096762540384205,1.0048264795667063,0.07666666666666666,300
4.5,0.5,15,WMLE,0.4189607071542077,0.6472717413530484,0.0,300
4.5,0.5,20,LRE,0.5832125087710122,0.7636835134864521,0.0,300
4.5,0.5,20,LSE,0.6111052825690276,0.7817322320136401,0.0,300
4.5,0.5,20,MDM-0.1,0.37367890095843853,0.6112928111457213,0.0,300
4.5,0.5,20,MLE,0.7519702574211733,0.8671621863418477,0.01,300
4.5,0.5,20,WMLE,0.3500280433567542,0.591631678797505,0.0,300
4.5,0.75,7,LRE,1.3627810919341963,1.1673821533389126,0.0,300
4.5,0.75,7,LSE,1.4930199368574049,1.2218919497473602,0.0,300
4.5,0.75,7,MDM-0.1,0.7382523110020743,0.8592161026203328,0.0,300
4.5,0.75,7,MLE,2.92918505064496,1.7114862110589615,0.32666666666666666,300
4.5,0.75,7,WMLE,0.5571965037108215,0.746455962338584,0.0,300
4.5,0.75,10,LRE,1.184400027260537,1.0883014413573737,0.0,300
4.5,0.75,10,LSE,1.2460177240703214,1.1162516401198797,0.0,300
4.5,0.75,10,MDM-0.1,0.570850246650828,0.7555463232991263,0.0,300
4.5,0.75,10,MLE,1.924923416059365,1.3874160933401936,0.16333333333333333,300
4.5,0.75,10,WMLE,0.49340594356253614,0.7024286038897734,0.0,300
4.5,0.75,15,LRE,1.0471167504733812,1.0232872277485834,0.0,300
4.5,0.75,15,LSE,1.0714235285188087,1.0350959030538227,0.0,300
4.5,0.75,15,MDM-0.1,0.4768688275815084,0.6905568967011397,0.0,300
4.5,0.75,15,MLE,1.3162462565055046,1.1472777590912782,0.07,300
4.5,0.75,15,WMLE,0.43758647097187187,0.6615031904472357,0.0,300
4.5,0.75,20,LRE,0.8943201025426581,0.9456849911797576,0.0,300
4.5,0.75,20,LSE,0.8890165968593252,0.9428767665285455,0.0,300
4.5,0.75,20,MDM-0.1,0.39979783782620226,0.6322956886032058,0.0,300
4.5,0.75,20,MLE,1.0149152503938146,1.007430022579144,0.013333333333333334,300
4.5,0.75,20,WMLE,0.3841618717663207,0.6198079313515766,0.0,300
4.5,1.0,7,LRE,1.870247848010979,1.36757005232309,0.0,300
4.5,1.0,7,LSE,2.031726363799743,1.425386391053227,0.0,300
4.5,1.0,7,MDM-0.1,0.7314647209859433,0.8552571081177538,0.0,300
4.5,1.0,7,MLE,3.447103006635604,1.8566375539225752,0.31333333333333335,300
4.5,1.0,7,WMLE,0.5446398765277733,0.737997206314342,0.0,300
4.5,1.0,10,LRE,1.7495523390160288,1.3227064447624155,0.0,300
4.5,1.0,10,LSE,1.9090248158028127,1.3816746418034938,0.0,300
4.5,1.0,10,MDM-0.1,0.5810840739031816,0.7622887077106558,0.0,300
4.5,1.0,10,MLE,2.797149870801342,1.6724681972466149,0.13333333333333333,300
4.5,1.0,10,WMLE,0.522954802091154,0.7231561394962737,0.0,300
4.5,1.0,15,LRE,1.5167991432056234,1.2315839976248568,0.0,300
4.5,1.0,15,LSE,1.5532678807494804,1.246301681275236,0.0,300
4.5,1.0,15,MDM-0.1,0.4282661307753368,0.6544204541235984,0.0,300
4.5,1.0,15,MLE,1.712209364420485,1.3085141819714774,0.03333333333333333,300
4.5,1.0,15,WMLE,0.4094309663828372,0.6398679288594149,0.0,300
4.5,1.0,20,LRE,1.3539868155651476,1.1636093913187309,0.0,300
4.5,1.0,20,LSE,1.3722009102976531,1.171409796056723,0.0,300
4.5,1.0,20,MDM-0.1,0.357605603468938,0.5980013406915891,0.0,300
4.5,1.0,20,MLE,1.433112152471331,1.1971266234076205,0.006666666666666667,300
4.5,1.0,20,WMLE,0.3483013611768719,0.5901706203945363,0.0,300
5.0,0.1,7,LRE,0.6700458635276925,0.8185632923162951,0.0,300
5.0,0.1,7,LSE,0.7061938074047561,0.840353382455712,0.0,300
5.0,0.1,7,MDM-0.1,0.82069196199699,0.9059205053408329,0.0,300
5.0,0.1,7,MLE,1.3080230585296526,1.14368835725894,0.29333333333333333,300
5.0,0.1,7,WMLE,0.5791803810153756,0.7610390141217306,0.0,300
5.0,0.1,10,LRE,0.5031640088887745,0.7093405450760407,0.0,300
5.0,0.1,10,LSE,0.5486055826758982,0.740679136114889,0.0,300
5.0,0.1,10,MDM-0.1,0.661600369387128,0.8133882033734741,0.0,300
5.0,0.1,10,MLE,0.9093644513196927,0.9536060252115087,0.15666666666666668,300
5.0,0.1,10,WMLE,0.5669072558967677,0.7529324378035308,0.0,300
5.0,0.1,15,LRE,0.4519917637615788,0.6723033271980579,0.0,300
5.0,0.1,15,LSE,0.48098543148144673,0.6935311323087426,0.0,300
5.0,0.1,15,MDM-0.1,0.5633166516937527,0.7505442369998937,0.0,300
5.0,0.1,15,MLE,0.6444514735740318,0.8027773499383448,0.056666666666666664,300
5.0,0.1,15,WMLE,0.5004633355234319,0.7074343330115043,0.0,300
5.0,0.1,20,LRE,0.2962995263285893,0.5443340209178454,0.0,300
5.0,0.1,20,LSE,0.3163477131813177,0.5624479648654778,0.0,300
5.0,0.1,20,MDM-0.1,0.41388846209225943,0.6433416371511014,0.0,300
5.0,0.1,20,MLE,0.41398480089986184,0.6434165065491106,0.02666666666666667,300
5.0,0.1,20,WMLE,0.34837869931571824,0.5902361386053198,0.0,300
5.0,0.25,7,LRE,0.7846053398650034,0.8857795097342246,0.0,300
5.0,0.25,7,LSE,0.8651423105319719,0.9301302653564025,0.0,300
5.0,0.25,7,MDM-0.1,0.8307623197261862,0.9114616391961793,0.0,300
5.0,0.25,7,MLE,1.581845455771763,1.257714377659635,0.31,300
5.0,0.25,7,WMLE,0.5590795032483555,0.7477161916451693,0.0,300
5.0,0.25,10,LRE,0.6839960145558673,0.8270405156676831,0.0,300
5.0,0.25,10,LSE,0.7520478291331666,0.8672069125261668,0.0,300
5.0,0.25,10,MDM-0.1,0.7397830132508637,0.8601063964713107,0.0,300
5.0,0.25,10,MLE,1.204687698946786,1.0975826615552862,0.19,300
5.0,0.25,10,WMLE,0.6197066154056728,0.7872144659530038,0.0,300
5.0,0.25,15,LRE,0.4636053731325755,0.680885726926755,0.0,300
5.0,0.25,15,LSE,0.5204798182402545,0.7214428724717256,0.0,300
5.0,0.25,15,MDM-0.1,0.5265380605894959,0.7256294237346608,0.0,300
5.0,0.25,15,MLE,0.7106356922386013,0.8429921068661327,0.043333333333333335,300
5.0,0.25,15,WMLE,0.4802981192229058,0.6930354386486349,0.0,300
5.0,0.25,20,LRE,0.36758109632002967,0.6062846660769425,0.0,300
5.0,0.25,20,LSE,0.39573173714191195,0.6290721239587015,0.0,300
5.0,0.25,20,MDM-0.1,0.43800983153193207,0.6618231119656763,0.0,300
5.0,0.25,20,MLE,0.47798442683215997,0.6913641781522673,0.01,300
5.0,0.25,20,WMLE,0.38389778236274985,0.6195948534024067,0.0,300
5.0,0.5,7,LRE,1.0214754370317012,1.0106806800526569,0.0,300
5.0,0.5,7,LSE,1.103801429514341,1.0506195455607805,0.0,300
5.0,0.5,7,MDM-0.1,0.8225706865321695,0.9069568272702783,0.0,300
5.0,0.5,7,MLE,1.9618334431629572,1.4006546480710214,0.29,300
5.0,0.5,7,WMLE,0.613889871560726,0.7835112453313775,0.0,300
5.0,0.5,10,LRE,0.8095948408645953,0.8997748834372936,0.0,300
5.0,0.5,10,LSE,0.8861352361423414,0.9413475639434892,0.0,300
5.0,0.5,10,MDM-0.1,0.6560953865807422,0.8099971522053285,0.0,300
5.0,0.5,10,MLE,1.3650302730125488,1.1683451001363205,0.16333333333333333,300
5.0,0.5,10,WMLE,0.5393337752756066,0.7343934744233547,0.0,300
5.0,0.5,15,LRE,0.6805447427160994,0.8249513577878997,0.0,300
5.0,0.5,15,LSE,0.7316330532375086,0.85535551277671,0.0,300
5.0,0.5,15,MDM-0.1,0.5537185687040778,0.7441226839064091,0.0,300
5.0,0.5,15,MLE,0.9793322334666857,0.9896121631561962,0.06333333333333334,300
5.0,0.5,15,WMLE,0.4653945023726424,0.6821982866972346,0.0,300
5.0,0.5,20,LRE,0.597149305483796,0.7727543629665224,0.0,300
5.0,0.5,20,LSE,0.6217538847542877,0.7885137188117197,0.0,300
5.0,0.5,20,MDM-0.1,0.4710004468512442,0.6862947230244775,0.0,300
5.0,0.5,20,MLE,0.7124332797520267,0.844057628217426,0.02,300
5.0,0.5,20,WMLE,0.4209067088729046,0.6487732337827329,0.0,300
5.0,0.75,7,LRE,1.2910639967706934,1.1362499710762122,0.0,300
5.0,0.75,7,LSE,1.3938028185825013,1.1805942650133878,0.0,300
5.0,0.75,7,MDM-0.1,0.8323824255408278,0.91234994686295,0.0,300
5.0,0.75,7,MLE,2.4413613966529084,1.5624856468630066,0.2733333333333333,300
5.0,0.75,7,WMLE,0.6463089030169595,0.8039333946397298,0.0,300
5.0,0.75,10,LRE,1.226022005096522,1.1072587796430073,0.0,300
5.0,0.75,10,LSE,1.3073775050469556,1.1434060980452028,0.0,300
5.0,0.75,10,MDM-0.1,0.6926017066282958,0.8322269562014294,0.0,300
5.0,0.75,10,MLE,1.805455885926544,1.3436725367166453,0.17,300
5.0,0.75,10,WMLE,0.5639464033890772,0.7509636498453685,0.0,300
5.0,0.75,15,LRE,1.0116775489382075,1.0058218276306234,0.0,300
5.0,0.75,15,LSE,1.0590897387430735,1.0291208572092365,0.0,300
5.0,0.75,15,MDM-0.1,0.5424560460214068,0.7365161546235133,0.0,300
5.0,0.75,15,MLE,1.377085033276578,1.1734926643471522,0.03,300
5.0,0.75,15,WMLE,0.4966048779920726,0.704701978138328,0.0,300
5.0,0.75,20,LRE,0.9476869560518513,0.9734921448331524,0.0,300
5.0,0.75,20,LSE,0.9723102939602529,0.9860579566943583,0.0,300
5.0,0.75,20,MDM-0.1,0.45158177619873147,0.6719983453839239,0.0,300
5.0,0.75,20,MLE,1.060872694061111,1.0299867446045659,0.006666666666666667,300
5.0,0.75,20,WMLE,0.4270479643126928,0.6534890697729326,0.0,300
5.0,1.0,7,LRE,2.154161889484035,1.467706336255327,0.0,300
5.0,1.0,7,LSE,2.2685665506352652,1.5061761353292202,0.0,300
5.0,1.0,7,MDM-0.1,0.7700289288130931,0.8775129223054742,0.0,300
5.0,1.0,7,MLE,3.872905112959915,1.9679697947275296,0.25666666666666665,300
5.0,1.0,7,WMLE,0.5769209042513417,0.7595530950837747,0.0,300
5.0,1.0,10,LRE,1.5884007102887074,1.26031770212463,0.0,300
5.0,1.0,10,LSE,1.6424152852446854,1.2815675109976397,0.0,300
5.0,1.0,10,MDM-0.1,0.6969120016299294,0.834812554786959,0.0,300
5.0,1.0,10,MLE,2.459576605042811,1.5683037349451194,0.16,300
5.0,1.0,10,WMLE,0.6140157108106643,0.783591545903007,0.0,300
5.0,1.0,15,LRE,1.5875364981639453,1.2599748006067204,0.0,300
5.0,1.0,15,LSE,1.6290794211468684,1.2763539560587684,0.0,300
5.0,1.0,15,MDM-0.1,0.49797376422481837,0.7056725616210526,0.0,300
5.0,1.0,15,MLE,2.0718775984945874,1.4394018196787814,0.03,300
5.0,1.0,15,WMLE,0.46468190826339667,0.6816758087708531,0.0,300
5.0,1.0,20,LRE,1.1697889396099392,1.0815678155390624,0.0,300
5.0,1.0,20,LSE,1.11655116037419,1.0566698445466256,0.0,300
5.0,1.0,20,MDM-0.1,0.49279955141986753,0.7019968314884816,0.0,300
5.0,1.0,20,MLE,1.1825206862437978,1.0874376700500115,0.016666666666666666,300
5.0,1.0,20,WMLE,0.4530724205875567,0.6731065447516884,0.0,300
