beta,eta,gamma,gamma_over_eta,n,repeat_id,gradient_at_zero,gradient_at_true_gamma,local_gradient_slope,gamma_hat_d01,gamma_error_d01,solution_strategy
1.5,1.0,0.5,0.5,7,0,0.04830460444534445,0.11953392893147512,0.40887199879189545,0.42852250761335453,-0.07147749238664547,brent_root
1.5,1.0,0.5,0.5,7,1,-0.08145007811544147,0.07078337531935286,4.995138952753948,0.5122487953704609,0.012248795370460863,brent_root
1.5,1.0,0.5,0.5,7,2,0.021660352403363167,0.09388504357026672,1.7178377947725667,0.5180217492460903,0.018021749246090346,brent_root
1.5,1.0,0.5,0.5,7,3,-0.0002934354384476201,0.6389110872000132,14.382001380996169,0.4084587824545466,-0.09154121754545341,brent_root
1.5,1.0,0.5,0.5,7,4,0.13624859681038437,0.894481650790052,3.3239593355095574,0.0,-0.5,truncated_at_zero
1.5,1.0,0.5,0.5,7,5,0.2345598272168736,0.5425042632397684,-0.7008115632527319,0.0,-0.5,truncated_at_zero
1.5,1.0,0.5,0.5,7,6,-0.0421879798984115,-0.22606533081970712,-1.2935649151615316,0.6408211542026201,0.1408211542026201,brent_root
1.5,1.0,0.5,0.5,7,7,0.072755253036072,1.1477752397256265,5.138291271897941,0.08695213276424663,-0.4130478672357534,brent_root
1.5,1.0,0.5,0.5,7,8,-0.00782227430884408,-0.03166460992975356,0.07642929142776685,0.7714559298280351,0.2714559298280351,brent_root
1.5,1.0,0.5,0.5,7,9,0.022666641746882373,0.15135217517028426,1.6289138745478395,0.4299368383084947,-0.07006316169150528,brent_root
1.5,1.0,0.5,0.5,7,10,0.08094664140367858,0.28669448021091276,1.002792559081084,0.1063078990229908,-0.3936921009770092,brent_root
1.5,1.0,0.5,0.5,7,11,0.00801357507435041,0.12886750004054573,2.7483863205701757,0.4662127280094398,-0.0337872719905602,brent_root
1.5,1.0,0.5,0.5,7,12,-0.048109659064876624,-0.18143690862012815,1.3284529306219455,0.7018875536719495,0.20188755367194955,brent_root
1.5,1.0,0.5,0.5,7,13,0.016815669091896357,0.405784922741281,7.4561266907980155,0.3243371350919165,-0.17566286490808353,brent_root
1.5,1.0,0.5,0.5,7,14,3.7333275360040825e-06,0.13293520285282276,6.057805333615614,0.4810516817423332,-0.018948318257666796,brent_root
1.5,1.0,0.5,0.5,7,15,-0.02125137152086953,-0.06444138435554458,0.16552739307635986,0.7707666788290298,0.2707666788290298,brent_root
1.5,1.0,0.5,0.5,7,16,0.061148430280377745,0.3985114989749927,1.9368165717831085,0.15713384283877463,-0.34286615716122537,brent_root
1.5,1.0,0.5,0.5,7,17,-0.016123298131403428,-0.041933024782276486,0.0651602544100265,0.9892948613285367,0.4892948613285367,brent_root
1.5,1.0,0.5,0.5,7,18,-0.04049578318093827,0.8662131699904878,21.650439138298548,0.3712218106326203,-0.12877818936737973,brent_root
1.5,1.0,0.5,0.5,7,19,-0.036123186425429665,-0.08725690087513803,1.4141480580049282,0.6655427873721159,0.16554278737211592,brent_root
1.5,1.0,0.5,0.5,10,0,-0.055876571550261815,-0.6492792217407776,13.500857572596267,0.5433146721994689,0.04331467219946894,brent_root
1.5,1.0,0.5,0.5,10,1,-0.08250909475648882,-0.05546577161479744,3.1809052040259505,0.5734637059957846,0.07346370599578456,brent_root
1.5,1.0,0.5,0.5,10,2,-0.2275918117411457,-0.9874047642912966,1.1243529136581845,0.6171984286865884,0.11719842868658836,brent_root
1.5,1.0,0.5,0.5,10,3,0.01727206425938821,0.1498304666739203,1.753639716356733,0.4294877446943909,-0.07051225530560912,brent_root
1.5,1.0,0.5,0.5,10,4,0.006951210620997904,0.5561508483222486,6.201402857587103,0.30864959979682344,-0.19135040020317656,brent_root
1.5,1.0,0.5,0.5,10,5,-0.06432469109030059,1.7124466055580632,32.934060171062825,0.43497721364915,-0.06502278635085001,brent_root
1.5,1.0,0.5,0.5,10,6,-0.008558797018332065,0.0798255685391666,1.0713209204639933,0.5350773779785273,0.03507737797852728,brent_root
1.5,1.0,0.5,0.5,10,7,-0.0003763998279726621,0.07195341884007271,1.815646355741574,0.5374367604610039,0.03743676046100386,brent_root
1.5,1.0,0.5,0.5,10,8,0.029570592988137353,1.5672406286794922,40.587346627552584,0.3037900262507093,-0.19620997374929072,brent_root
1.5,1.0,0.5,0.5,10,9,-0.020630948663336035,-0.06276687221181278,-0.4559295811701695,0.909406012877393,0.409406012877393,brent_root
1.5,1.0,0.5,0.5,10,10,-0.0007084841047166889,0.05966701364091327,3.7303293823162,0.5371762298137123,0.03717622981371227,brent_root
1.5,1.0,0.5,0.5,10,11,-0.03998659947601624,1.1467898569570425,11.457099865806562,0.3341203257438101,-0.16587967425618988,brent_root
1.5,1.0,0.5,0.5,10,12,-0.04649932985878457,-0.14116915808228758,-0.2749233046856476,0.8033966855580676,0.30339668555806765,brent_root
1.5,1.0,0.5,0.5,10,13,-0.1027056482139077,-0.22733462018055708,6.3414813760249364,0.561384981495919,0.06138498149591898,brent_root
1.5,1.0,0.5,0.5,10,14,-0.08886299682209219,-0.3815771022562078,-4.069174151155131,0.6901434960050011,0.19014349600500113,brent_root
1.5,1.0,0.5,0.5,10,15,0.0006845351202544591,0.2506953371902745,5.3264376013199275,0.4028470615214644,-0.09715293847853562,brent_root
1.5,1.0,0.5,0.5,10,16,0.06776668797919827,0.5636448617390352,0.7849176398530372,0.10612526048074236,-0.39387473951925767,brent_root
1.5,1.0,0.5,0.5,10,17,-0.018390607431362227,-0.05822290342850802,0.4322135790998408,0.6601416943202727,0.1601416943202727,brent_root
1.5,1.0,0.5,0.5,10,18,-0.011519714039620597,-0.0017693519476941217,0.6892989377143587,0.6921204667145214,0.19212046671452143,brent_root
1.5,1.0,0.5,0.5,10,19,0.07890277652078392,0.32010568030465913,1.1933487826016995,0.11155087987535234,-0.38844912012464766,brent_root
1.5,1.0,0.5,0.5,20,0,-0.09367538818527697,0.515327618753663,10.499735244234643,0.4412619206354929,-0.05873807936450709,brent_root
1.5,1.0,0.5,0.5,20,1,-0.07481395903063959,0.3374061284853187,80.20843292054424,0.4964069906473402,-0.003593009352659826,brent_root
1.5,1.0,0.5,0.5,20,2,-0.07244372267900534,0.03360416315674082,14.027629624627773,0.5078562170916414,0.007856217091641415,brent_root
1.5,1.0,0.5,0.5,20,3,-0.09467754027159268,1.5411162195878672,22.940792401766657,0.4035684207344313,-0.09643157926556872,brent_root
1.5,1.0,0.5,0.5,20,4,-0.06620662878764616,0.33150824371377685,18.20420456852384,0.4850378667647839,-0.014962133235216113,brent_root
1.5,1.0,0.5,0.5,20,5,-0.04423773142803177,-0.1086492823957197,6.132763069329846,0.5788191844308932,0.0788191844308932,brent_root
1.5,1.0,0.5,0.5,20,6,-0.05677294211414718,-0.2705088988172555,-2.8386696383974743,0.6805151401740902,0.1805151401740902,brent_root
1.5,1.0,0.5,0.5,20,7,-0.06375740812386566,0.4312710555631073,13.801372940041905,0.45462940983443695,-0.04537059016556305,brent_root
1.5,1.0,0.5,0.5,20,8,-0.0634142943101157,-0.26296624628529297,-1.4417464869616008,0.6974836329170204,0.19748363291702042,brent_root
1.5,1.0,0.5,0.5,20,9,-0.06407199217017823,-0.365958389707869,-1.9112469265963867,0.6266826755065928,0.12668267550659285,brent_root
1.5,1.0,0.5,0.5,20,10,-0.14929665860807795,-0.35384164537884283,110.8682650820341,0.5075354208971695,0.00753542089716952,brent_root
1.5,1.0,0.5,0.5,20,11,-0.10710000074298785,1.3220856006884072,19.09461489655802,0.41247974656602643,-0.08752025343397357,brent_root
1.5,1.0,0.5,0.5,20,12,-0.04783408042163816,-0.08462015854764904,2.463552584751607,0.6518094474371549,0.15180944743715485,brent_root
1.5,1.0,0.5,0.5,20,13,-0.087131018239317,-0.3877358258039825,1.8615814679801383,0.6278337955637101,0.1278337955637101,brent_root
1.5,1.0,0.5,0.5,20,14,-0.10630548922807569,-0.6184961073403932,4.697623433221667,0.5889078140736252,0.08890781407362525,brent_root
1.5,1.0,0.5,0.5,20,15,-0.05563338288105956,-0.3525434578566198,-4.309223388879578,0.6302037288211428,0.13020372882114284,brent_root
1.5,1.0,0.5,0.5,20,16,-0.08266016431335288,-0.4934791033462978,20.964073550998027,0.5396131858394276,0.039613185839427634,brent_root
1.5,1.0,0.5,0.5,20,17,-0.10957852565884883,-0.22219085544741463,12.90559078044272,0.5393422638516159,0.03934226385161588,brent_root
1.5,1.0,0.5,0.5,20,18,-0.014580296621435894,0.002820092528948246,1.5250726330144022,0.5799889807127538,0.07998898071275384,brent_root
1.5,1.0,0.5,0.5,20,19,-0.09794587483291649,0.1655814887489822,26.86931821845122,0.496186170963676,-0.00381382903632399,brent_root
2.0,1.0,0.5,0.5,7,0,-0.03123783020309023,-0.15916519667141207,-0.3835220949502785,0.679176962596554,0.17917696259655402,brent_root
2.0,1.0,0.5,0.5,7,1,0.0075284907481157565,0.022613162309085284,0.27553503222627285,0.8736164528843652,0.3736164528843652,brent_root
2.0,1.0,0.5,0.5,7,2,-0.035651513355383635,0.19275730921385872,3.1170946607248635,0.459305788611637,-0.04069421138836299,brent_root
2.0,1.0,0.5,0.5,7,3,0.11973178068724886,0.8987775878355285,1.1160084603114286,0.0,-0.5,truncated_at_zero
2.0,1.0,0.5,0.5,7,4,0.05907155183060286,0.41666669503815257,1.8416831430040959,0.16437816323955173,-0.33562183676044827,brent_root
2.0,1.0,0.5,0.5,7,5,-0.006028261858769255,0.0026087386779872525,0.4552476737110393,0.8512834796606213,0.35128347966062134,brent_root
2.0,1.0,0.5,0.5,7,6,0.030746005616477664,0.12148249417611696,0.671648530427096,0.4517108166334294,-0.04828918336657062,brent_root
2.0,1.0,0.5,0.5,7,7,-0.02031984870920489,-0.004106432099830061,0.971188636338571,0.6659589210640825,0.1659589210640825,brent_root
2.0,1.0,0.5,0.5,7,8,-0.0037661642217939094,-0.011211822982832175,-0.10010999454330656,1.0069363485090643,0.5069363485090643,brent_root
2.0,1.0,0.5,0.5,7,9,0.026556736763827523,0.24979440627025346,2.7645836030712343,0.342842634589719,-0.15715736541028102,brent_root
2.0,1.0,0.5,0.5,7,10,-0.00541535185239373,0.0027306148571707572,0.4966284423184404,0.7812669524282335,0.2812669524282335,brent_root
2.0,1.0,0.5,0.5,7,11,-0.013949963645343287,0.018160099261174588,2.1448914352402357,0.5876631002374627,0.08766310023746271,brent_root
2.0,1.0,0.5,0.5,7,12,-0.041249495683071125,-0.10103256710994965,1.603545764622961,0.63756161301307,0.13756161301307002,brent_root
2.0,1.0,0.5,0.5,7,13,-0.027233163012147704,0.008435260607714011,1.1949945770534027,0.6565473667366125,0.15654736673661251,brent_root
2.0,1.0,0.5,0.5,7,14,-0.003331825440292647,-0.007874781199609607,-0.057210571237536645,1.3351377497536538,0.8351377497536538,brent_root
2.0,1.0,0.5,0.5,7,15,0.0149184285480608,0.09273506372739412,0.8707098854720873,0.5184608060925012,0.018460806092501225,brent_root
2.0,1.0,0.5,0.5,7,16,-0.02176901565814626,0.106959454614413,3.4626833329849713,0.4968570781662909,-0.0031429218337091225,brent_root
2.0,1.0,0.5,0.5,7,17,-0.040663261954843044,0.19333292087285675,5.22505828098675,0.4673509402212538,-0.032649059778746214,brent_root
2.0,1.0,0.5,0.5,7,18,-0.018340944241135304,0.26002607225168456,3.7692378936994784,0.4075595867762656,-0.09244041322373442,brent_root
2.0,1.0,0.5,0.5,7,19,-0.036580968588995066,1.3775482392755911,10.779202731073422,0.3498454543837095,-0.1501545456162905,brent_root
2.0,1.0,0.5,0.5,10,0,-0.0007116529296413708,0.11828908591015577,1.6599910224967818,0.4813287477837567,-0.018671252216243273,brent_root
2.0,1.0,0.5,0.5,10,1,0.08893448981972528,0.6610369996191638,2.6473122696206324,0.04101182984467375,-0.4589881701553262,brent_root
2.0,1.0,0.5,0.5,10,2,-0.010547449573461432,-0.008963887041269821,0.4444900987816385,0.7549865938334412,0.25498659383344124,brent_root
2.0,1.0,0.5,0.5,10,3,-0.012406257014763165,0.002135231290600296,0.740360906295778,0.6882427734976226,0.18824277349762264,brent_root
2.0,1.0,0.5,0.5,10,4,-0.014835458053696902,-0.02845289015135083,0.28393851765930994,0.7430457724064131,0.24304577240641312,brent_root
2.0,1.0,0.5,0.5,10,5,0.05669216788795061,0.7013954277073808,4.410643475412272,0.15656068668492112,-0.3434393133150789,brent_root
2.0,1.0,0.5,0.5,10,6,-0.02916588751443624,-0.06708232133314453,0.1091284333961708,0.9182983052937908,0.41829830529379075,brent_root
2.0,1.0,0.5,0.5,10,7,-0.01911890651906667,-0.01133786188756315,1.9191139810976914,0.6404322253113574,0.14043222531135735,brent_root
2.0,1.0,0.5,0.5,10,8,-0.01965211752497087,0.2036913090849793,3.259803189551683,0.4393135018392389,-0.060686498160761104,brent_root
2.0,1.0,0.5,0.5,10,9,0.07139787905896533,0.4841032621009084,2.2507519304125903,0.11639931963817192,-0.3836006803618281,brent_root
2.0,1.0,0.5,0.5,10,10,-0.034342947460852535,-0.1221271132132127,0.685243085814631,0.7148588946162002,0.21485889461620022,brent_root
2.0,1.0,0.5,0.5,10,11,-0.0004282379770237376,0.06991146340668018,0.8908422305565992,0.5610154406420824,0.06101544064208242,brent_root
2.0,1.0,0.5,0.5,10,12,-0.03442852478940939,-0.09843895797500198,0.30162176339326774,0.7573150287557043,0.25731502875570433,brent_root
2.0,1.0,0.5,0.5,10,13,-0.045774353141236894,-0.23080216387950825,6.878099492812567,0.5697426332147437,0.06974263321474372,brent_root
2.0,1.0,0.5,0.5,10,14,-0.01411160484690495,-0.017923320325445066,0.4122791433551986,0.8892223982973191,0.3892223982973191,brent_root
2.0,1.0,0.5,0.5,10,15,-0.00545073150487177,-0.014645027561156664,-0.15082072466325747,1.062882567630837,0.5628825676308371,brent_root
2.0,1.0,0.5,0.5,10,16,-0.015448048851373974,-0.03930643561176193,0.07807904993623911,0.9155465120479033,0.41554651204790327,brent_root
2.0,1.0,0.5,0.5,10,17,-0.011766264424589721,0.15737405040223862,2.802962122747081,0.4632986454762845,-0.03670135452371548,brent_root
2.0,1.0,0.5,0.5,10,18,-0.06360756776846443,0.9615814596537993,33.442413393200184,0.4375116115815567,-0.062488388418443286,brent_root
2.0,1.0,0.5,0.5,10,19,-0.012061960154461105,-0.024996372723116406,0.17044334880063958,0.9815003906967873,0.4815003906967873,brent_root
2.0,1.0,0.5,0.5,20,0,0.026364207195150865,0.2534240382929378,2.6278104611985684,0.35580771287923285,-0.14419228712076715,brent_root
2.0,1.0,0.5,0.5,20,1,-0.08421440351735754,0.560839036792773,7.289249183679577,0.39915607633721856,-0.10084392366278144,brent_root
2.0,1.0,0.5,0.5,20,2,-0.031094137820097952,0.7207336101091487,5.551307554654757,0.3157518066595132,-0.1842481933404868,brent_root
2.0,1.0,0.5,0.5,20,3,-0.00472591436539993,0.0701358890376613,2.56177176237173,0.530981817102261,0.030981817102261,brent_root
2.0,1.0,0.5,0.5,20,4,-0.06322863497776332,-0.27076197375312505,6.614506051482395,0.608637990773974,0.10863799077397396,brent_root
2.0,1.0,0.5,0.5,20,5,0.03750802017102317,0.20702340063148816,1.268533922103901,0.32120825078262694,-0.17879174921737306,brent_root
2.0,1.0,0.5,0.5,20,6,-0.02502917358648826,-0.0629860112518274,0.0646981909809799,0.8063915952990167,0.3063915952990167,brent_root
2.0,1.0,0.5,0.5,20,7,-0.027168940855415432,-0.08060932659649958,0.23594058203661866,0.753084403164946,0.25308440316494596,brent_root
2.0,1.0,0.5,0.5,20,8,0.04246629098647591,0.338530727789593,1.9881776153935355,0.2446852546904733,-0.2553147453095267,brent_root
2.0,1.0,0.5,0.5,20,9,-0.022912830320576113,0.007554625638771736,2.2472064037446007,0.5598794055869526,0.059879405586952594,brent_root
2.0,1.0,0.5,0.5,20,10,-0.027963969546906938,0.06650446098240585,2.2841110129671276,0.5299175981278927,0.02991759812789274,brent_root
2.0,1.0,0.5,0.5,20,11,-0.05668043905615593,-0.18875753252826677,0.3369119688289091,0.7174313291608531,0.21743132916085306,brent_root
2.0,1.0,0.5,0.5,20,12,0.08436151073820675,0.5552558884715235,0.724671384058961,0.06241244902491137,-0.4375875509750886,brent_root
2.0,1.0,0.5,0.5,20,13,-0.048525936519050454,-0.06863244229594812,6.002596598029831,0.5504589006109275,0.050458900610927504,brent_root
2.0,1.0,0.5,0.5,20,14,-0.07159106354126532,0.5484393870445704,13.293454974317697,0.443515641306095,-0.056484358693905,brent_root
2.0,1.0,0.5,0.5,20,15,-0.051774131992754484,-0.13616522982717966,2.148229704523059,0.6156837023386575,0.11568370233865755,brent_root
2.0,1.0,0.5,0.5,20,16,0.005023336278886514,0.1235684852231918,2.717100743002967,0.48274547205387897,-0.017254527946121034,brent_root
2.0,1.0,0.5,0.5,20,17,-0.017405319535646058,0.191136667911756,5.144689436775306,0.4549479922469847,-0.04505200775301532,brent_root
2.0,1.0,0.5,0.5,20,18,-0.0316949333001304,-0.09821442408118489,-0.12157192470599455,0.7979077470331496,0.2979077470331496,brent_root
2.0,1.0,0.5,0.5,20,19,0.10879788067547079,0.7297795986175156,0.3476439098197109,0.0,-0.5,truncated_at_zero
2.5,1.0,0.5,0.5,7,0,-0.002816836951623853,0.0035597990829939296,0.256132348445797,0.8362287114812185,0.33622871148121847,brent_root
2.5,1.0,0.5,0.5,7,1,-0.01800357889020221,-0.07859354782742556,0.41085047529271795,0.7060956240457626,0.20609562404576265,brent_root
2.5,1.0,0.5,0.5,7,2,-0.027957557283131425,0.10698910521934425,5.614398819180945,0.4982894740829688,-0.0017105259170311915,brent_root
2.5,1.0,0.5,0.5,7,3,0.022375760200254998,0.1968759798244214,2.107998084257751,0.37613397987654623,-0.12386602012345377,brent_root
2.5,1.0,0.5,0.5,7,4,0.06067175091772902,0.25094028303601473,1.2037028787409956,0.22261543312305013,-0.2773845668769499,brent_root
2.5,1.0,0.5,0.5,7,5,0.06215484863875131,0.37224444691677805,1.1098872256214969,0.17354373462538,-0.32645626537462,brent_root
2.5,1.0,0.5,0.5,7,6,-0.026467067171243027,0.04055415434676187,1.304764588598856,0.5801062537011676,0.08010625370116764,brent_root
2.5,1.0,0.5,0.5,7,7,-0.01843256884909316,-0.04561309785925583,-0.1766521467126633,1.072370344550356,0.5723703445503561,brent_root
2.5,1.0,0.5,0.5,7,8,-0.0068432475238206295,-0.017506466897688956,-0.026931605493580524,1.009294000428304,0.509294000428304,brent_root
2.5,1.0,0.5,0.5,7,9,0.0004980609993876506,0.01859218632856153,0.5169227978591747,0.6989550897614675,0.19895508976146747,brent_root
2.5,1.0,0.5,0.5,7,10,0.05532187375423269,0.2618412410967564,1.1240026445107334,0.22443638160907278,-0.27556361839092725,brent_root
2.5,1.0,0.5,0.5,7,11,-0.011723332626889514,-0.01022636985921397,0.44487377120825405,0.753585942801351,0.25358594280135105,brent_root
2.5,1.0,0.5,0.5,7,12,-0.008023016576097497,-0.024241567711741463,0.15019166617284896,0.7551236928154882,0.2551236928154882,brent_root
2.5,1.0,0.5,0.5,7,13,-0.04088329114970701,-0.09673392649846817,2.688050576847268,0.6250256958891499,0.1250256958891499,brent_root
2.5,1.0,0.5,0.5,7,14,-0.011060290928954773,-0.032790667479754586,-0.15599710380895987,0.9097993214655906,0.4097993214655906,brent_root
2.5,1.0,0.5,0.5,7,15,-0.023075429339547423,-0.048248060290532316,0.49682698190836816,0.695514252001079,0.19551425200107897,brent_root
2.5,1.0,0.5,0.5,7,16,0.016181464930487,0.09638192593476896,0.9719216898522242,0.5091354703122878,0.009135470312287786,brent_root
2.5,1.0,0.5,0.5,7,17,-0.0027605502730954075,0.01689110061148796,0.5558733106546238,0.7236039000986236,0.22360390009862363,brent_root
2.5,1.0,0.5,0.5,7,18,0.057887524439192976,0.5173330957800198,2.3775201397382992,0.1652479652487016,-0.3347520347512984,brent_root
2.5,1.0,0.5,0.5,7,19,0.05159677190225142,0.49642353953660423,3.730885016213433,0.21162330409247332,-0.2883766959075267,brent_root
2.5,1.0,0.5,0.5,10,0,-0.02265950781038528,-0.04773029084376416,1.6112236925214587,0.6355608015694872,0.13556080156948724,brent_root
2.5,1.0,0.5,0.5,10,1,-0.03327277989795263,0.24897954483660706,15.87975072017298,0.46556994708335975,-0.03443005291664025,brent_root
2.5,1.0,0.5,0.5,10,2,-0.009881586779392215,-0.020343768464218065,0.3528420058298096,0.787832857889091,0.28783285788909097,brent_root
2.5,1.0,0.5,0.5,10,3,0.02677709098897196,0.4020295400054066,5.850848811810348,0.29429761679712835,-0.20570238320287165,brent_root
2.5,1.0,0.5,0.5,10,4,0.030776278912847396,0.20447159234631623,1.108395329418792,0.3494076354934587,-0.1505923645065413,brent_root
2.5,1.0,0.5,0.5,10,5,0.0394895070920942,0.11704664939734225,0.17287360032129317,0.43287589112603814,-0.06712410887396186,brent_root
2.5,1.0,0.5,0.5,10,6,-0.02009648986667223,-0.06541492614016686,-0.6606695476269908,0.8969001607744385,0.39690016077443846,brent_root
2.5,1.0,0.5,0.5,10,7,0.026495998986519883,0.5666897136271775,4.158310391200474,0.22163933428570642,-0.2783606657142936,brent_root
2.5,1.0,0.5,0.5,10,8,-0.011980126869703954,0.0006938749066663806,0.600812437880183,0.6992022572862188,0.19920225728621876,brent_root
2.5,1.0,0.5,0.5,10,9,-0.018436842837143974,-0.05341140467433686,-0.2736815864912318,0.9080420291002567,0.40804202910025666,brent_root
2.5,1.0,0.5,0.5,10,10,0.01960868462325127,0.4675964228803435,4.894905744660386,0.28745203468042063,-0.21254796531957937,brent_root
2.5,1.0,0.5,0.5,10,11,-0.01693201626962182,0.02329931625545278,0.765807732890692,0.6260936907520125,0.1260936907520125,brent_root
2.5,1.0,0.5,0.5,10,12,0.019354203986687857,0.12994018963107723,2.146027352114159,0.4631383742630449,-0.03686162573695512,brent_root
2.5,1.0,0.5,0.5,10,13,0.05383742616993369,1.0693476639182493,5.105753445215663,0.16051782286741348,-0.33948217713258655,brent_root
2.5,1.0,0.5,0.5,10,14,0.020636211166269458,0.09818736457153723,1.9103694371330726,0.5049653435464447,0.004965343546444734,brent_root
2.5,1.0,0.5,0.5,10,15,-0.005305317252179974,-0.029455220724548578,0.2659436046544929,0.7485548949240045,0.2485548949240045,brent_root
2.5,1.0,0.5,0.5,10,16,-0.016445858734559504,-0.03342660357778519,1.4617156539176523,0.6754001891895616,0.17540018918956157,brent_root
2.5,1.0,0.5,0.5,10,17,0.013865611327157355,0.4337335356537195,6.659658715149384,0.3309490494679911,-0.16905095053200891,brent_root
2.5,1.0,0.5,0.5,10,18,0.007810305524547089,0.053543471392161895,0.7166865484024275,0.630486199792293,0.13048619979229303,brent_root
2.5,1.0,0.5,0.5,10,19,-0.0008651593544261083,-0.004203048041737338,-0.04434182440972909,1.1181514737000429,0.6181514737000429,brent_root
2.5,1.0,0.5,0.5,20,0,-0.014920266268314551,0.20985437003117152,2.7650770490316554,0.425936265885664,-0.07406373411433598,brent_root
2.5,1.0,0.5,0.5,20,1,-0.01931091389850703,-0.05061547562848178,0.37742400476661525,0.7399018377417749,0.23990183774177487,brent_root
2.5,1.0,0.5,0.5,20,2,-0.019330623488023058,0.1596493837954896,1.9166961571397256,0.46210497858506483,-0.03789502141493517,brent_root
2.5,1.0,0.5,0.5,20,3,-0.010427924139466693,-0.025874112404995125,0.11192676775942619,0.8686107884697165,0.3686107884697165,brent_root
2.5,1.0,0.5,0.5,20,4,-0.03717488302745764,0.24792976900022679,5.00479445176691,0.4424274253506159,-0.05757257464938409,brent_root
2.5,1.0,0.5,0.5,20,5,0.04735571887820588,0.6782251093962358,2.7348316819749465,0.15188688675970066,-0.34811311324029937,brent_root
2.5,1.0,0.5,0.5,20,6,-0.04688119495527276,0.30110621430747586,8.363178361643882,0.4592361640845122,-0.04076383591548782,brent_root
2.5,1.0,0.5,0.5,20,7,-0.017136082122726215,0.1565375641892991,1.8049560806449325,0.44237431318434933,-0.05762568681565067,brent_root
2.5,1.0,0.5,0.5,20,8,-0.020085452955009853,0.22329212559465017,2.9115927062169145,0.4246599163338737,-0.07534008366612632,brent_root
2.5,1.0,0.5,0.5,20,9,-0.03551102703697184,-0.09415503354430033,1.3906386424854607,0.6630979126557084,0.1630979126557084,brent_root
2.5,1.0,0.5,0.5,20,10,0.021290290387609986,0.16472439174527065,1.1113641356044732,0.39461383409159834,-0.10538616590840166,brent_root
2.5,1.0,0.5,0.5,20,11,-0.046660955199673275,0.005688488788103796,2.6365375467981176,0.5475284173611356,0.047528417361135555,brent_root
2.5,1.0,0.5,0.5,20,12,-0.0016848931819191113,0.1728789134506687,2.1260423349128814,0.43385766441396917,-0.06614233558603083,brent_root
2.5,1.0,0.5,0.5,20,13,0.045016361692462585,0.41212737926180015,2.2294474421951564,0.21231941079935648,-0.28768058920064354,brent_root
2.5,1.0,0.5,0.5,20,14,-0.030519577096099756,-0.08728669841019683,-0.0048296221455722595,0.8283499063892642,0.3283499063892642,brent_root
2.5,1.0,0.5,0.5,20,15,-0.013863154177395918,-0.0384467225590992,0.010008489750048323,0.9143108909131689,0.41431089091316886,brent_root
2.5,1.0,0.5,0.5,20,16,-0.021663701420260303,0.28740357175299197,4.431059837909077,0.4119834822421064,-0.0880165177578936,brent_root
2.5,1.0,0.5,0.5,20,17,0.01733211702492632,0.10840483169422163,2.0438886635070337,0.4867257462905433,-0.013274253709456674,brent_root
2.5,1.0,0.5,0.5,20,18,-0.04808100287634342,0.05869191164544451,7.056404444221248,0.5168127752496687,0.016812775249668732,brent_root
2.5,1.0,0.5,0.5,20,19,0.005060829624814467,0.09610855824237902,0.8225568840151998,0.5089345691942164,0.008934569194216424,brent_root
4.0,1.0,0.5,0.5,7,0,0.03868068910867217,0.15281492056295062,0.911032106310743,0.38951534555175316,-0.11048465444824684,brent_root
4.0,1.0,0.5,0.5,7,1,-0.006748158808296597,-0.015303962106112873,-0.033959748767090334,1.1058972552778057,0.6058972552778057,brent_root
4.0,1.0,0.5,0.5,7,2,0.004173197454481533,0.010655774602829682,0.07299640023552717,1.0919110634779599,0.5919110634779599,brent_root
4.0,1.0,0.5,0.5,7,3,-0.004718743686071836,0.07784335685006485,1.0771958273501299,0.5438205277773611,0.04382052777736112,brent_root
4.0,1.0,0.5,0.5,7,4,-0.01057030735978022,-0.0304225173345632,-0.21750241717826846,0.9947782097071531,0.49477820970715314,brent_root
4.0,1.0,0.5,0.5,7,5,-0.01260990400292483,-0.04991027231889133,-0.14247120394623214,0.784488860748354,0.284488860748354,brent_root
4.0,1.0,0.5,0.5,7,6,0.00533105187946287,0.020440633357577447,0.3557542185020068,0.8360553488905674,0.33605534889056743,brent_root
4.0,1.0,0.5,0.5,7,7,-0.008222358797201785,-0.023661659861336615,-0.2417397594970222,1.0317908465247718,0.5317908465247718,brent_root
4.0,1.0,0.5,0.5,7,8,-0.0017974429818817068,-0.004877672315524141,-0.041883955141618946,1.2497331998740835,0.7497331998740835,brent_root
4.0,1.0,0.5,0.5,7,9,0.03723057753757253,0.1491716804994163,0.9034849561524768,0.39569175746014373,-0.10430824253985627,brent_root
4.0,1.0,0.5,0.5,7,10,0.002582252449367939,0.051556456932182186,0.8308758942706044,0.6188282687920987,0.11882826879209873,brent_root
4.0,1.0,0.5,0.5,7,11,0.006570004007679408,0.017515300777575293,0.1680605238587143,0.9408092366694467,0.4408092366694467,brent_root
4.0,1.0,0.5,0.5,7,12,-0.003534212686548867,-0.005140237615690102,0.08528606280784248,0.9782229481783373,0.4782229481783373,brent_root
4.0,1.0,0.5,0.5,7,13,0.003107949048363796,0.011970575645083232,0.1136753256461049,0.958584062197561,0.458584062197561,brent_root
4.0,1.0,0.5,0.5,7,14,0.004490215793663881,0.031776254792003834,0.5195968160368747,0.7388054195603014,0.23880541956030144,brent_root
4.0,1.0,0.5,0.5,7,15,-0.04237006207620962,-0.0035434857570014007,0.043896495930366056,1.2273444610351465,0.7273444610351465,brent_root
4.0,1.0,0.5,0.5,7,16,-0.016517377531342848,-0.04181529110710545,-0.19911000597359016,1.0928243502405275,0.5928243502405275,brent_root
4.0,1.0,0.5,0.5,7,17,0.0003271280513383516,0.003670411622714381,0.07977930222775327,0.9887871223099615,0.48878712230996146,brent_root
4.0,1.0,0.5,0.5,7,18,0.01820002728365192,0.05893163286314111,0.622457193927811,0.660756567916333,0.16075656791633297,brent_root
4.0,1.0,0.5,0.5,7,19,-0.0052873085270761,-0.013384032411646915,-0.0559479187849833,1.1461792722104676,0.6461792722104676,brent_root
4.0,1.0,0.5,0.5,10,0,-0.017714660931200665,-0.03765639730444913,0.41661772131263486,0.8218041911011278,0.3218041911011278,brent_root
4.0,1.0,0.5,0.5,10,1,0.011876654407161345,0.062030903325932876,0.6035468638821292,0.6117870394643997,0.11178703946439972,brent_root
4.0,1.0,0.5,0.5,10,2,-0.004038826013109783,-0.0077047889923027805,0.11364905441435301,0.9815940112294226,0.4815940112294226,brent_root
4.0,1.0,0.5,0.5,10,3,0.022470618582515197,0.09298206330262225,0.8281155628884854,0.5203433325496494,0.020343332549649373,brent_root
4.0,1.0,0.5,0.5,10,4,0.0087240045999748,0.04091695582504109,0.4795110645158836,0.6789210665714791,0.1789210665714791,brent_root
4.0,1.0,0.5,0.5,10,5,-0.012051028022350023,-0.0339010863887467,0.24005822228202867,0.8693334304109379,0.3693334304109379,brent_root
4.0,1.0,0.5,0.5,10,6,-0.0012898573140129876,0.020571759588706127,0.4543750156261288,0.714533947301623,0.214533947301623,brent_root
4.0,1.0,0.5,0.5,10,7,-0.0012596962148680856,0.004555035152226531,0.30019308525823324,0.8876100560626959,0.38761005606269594,brent_root
4.0,1.0,0.5,0.5,10,8,-0.006779316980010107,-0.012281681080543153,0.18465774309874253,0.85958656222085,0.35958656222084995,brent_root
4.0,1.0,0.5,0.5,10,9,-0.00704223519846813,-0.018947394638935654,0.13370533357563388,0.939459450864521,0.439459450864521,brent_root
4.0,1.0,0.5,0.5,10,10,-0.004859210766113141,-0.005036089160182964,0.10871903454400246,1.0028712372699788,0.5028712372699788,brent_root
4.0,1.0,0.5,0.5,10,11,-0.03463563478106613,-0.10011961187928278,2.39116838516217,0.6465167501123001,0.14651675011230014,brent_root
4.0,1.0,0.5,0.5,10,12,0.0073382921467342365,0.03125516497129857,0.3158040298625595,0.7674335393814216,0.26743353938142156,brent_root
4.0,1.0,0.5,0.5,10,13,0.015116351591293318,0.11652601540432023,0.9448802757370716,0.47502603312624353,-0.02497396687375647,brent_root
4.0,1.0,0.5,0.5,10,14,-0.0036110603123102646,-0.009489444297935103,0.128123277292805,0.9175021187900276,0.41750211879002763,brent_root
4.0,1.0,0.5,0.5,10,15,-0.008821038817621026,-0.020266917717573794,-0.043306101401659414,1.0860628720349919,0.5860628720349919,brent_root
4.0,1.0,0.5,0.5,10,16,-0.006141005147027768,-0.015233500322106477,-0.04045445649956788,1.0496354063255693,0.5496354063255693,brent_root
4.0,1.0,0.5,0.5,10,17,-0.0019634121422530794,-0.003367954317806534,0.05528162505169547,1.1252282360634733,0.6252282360634733,brent_root
4.0,1.0,0.5,0.5,10,18,0.0006885244815020525,0.00144018550907196,0.00593116032157423,1.1568621770587375,0.6568621770587375,brent_root
4.0,1.0,0.5,0.5,10,19,0.017664869558755163,0.06303210711762451,0.4617040764889702,0.6368802918058442,0.13688029180584416,brent_root
4.0,1.0,0.5,0.5,20,0,0.0037630101243357745,0.08319592544889254,0.6099412467178853,0.5404749116239026,0.0404749116239026,brent_root
4.0,1.0,0.5,0.5,20,1,-0.01632302767534677,-0.03780871444590781,0.3982461840593598,0.7434186586978538,0.24341865869785384,brent_root
4.0,1.0,0.5,0.5,20,2,-0.0065293461762316865,0.005484317602980645,0.47362411425373757,0.6726915589379868,0.17269155893798682,brent_root
4.0,1.0,0.5,0.5,20,3,-0.006752036084411993,-0.017089785998333006,0.14171716378276847,0.8687664500363078,0.3687664500363078,brent_root
4.0,1.0,0.5,0.5,20,4,0.01858306694774159,0.09497233300831319,1.52283095205499,0.5138361593386642,0.013836159338664222,brent_root
4.0,1.0,0.5,0.5,20,5,-0.011326323039690566,-0.024955466487646155,0.2764099308204732,0.8540162790350755,0.3540162790350755,brent_root
4.0,1.0,0.5,0.5,20,6,-0.005047936942216848,-0.014545145612542538,0.09151923293965929,0.9352864657097567,0.4352864657097567,brent_root
4.0,1.0,0.5,0.5,20,7,0.005546318009030936,0.04872571568410572,0.5124474868566423,0.6253890960278442,0.1253890960278442,brent_root
4.0,1.0,0.5,0.5,20,8,-0.007985436414892355,-0.0032347232193329,0.424594616241563,0.7227507258321593,0.22275072583215927,brent_root
4.0,1.0,0.5,0.5,20,9,0.0027903761377900955,0.026388813718034806,0.41808729636586095,0.7325805310291498,0.23258053102914977,brent_root
4.0,1.0,0.5,0.5,20,10,-0.00527068073469246,-0.014409349361953164,0.05361093908634132,0.9960828978080802,0.49608289780808024,brent_root
4.0,1.0,0.5,0.5,20,11,-0.007916183502459928,-0.015730167726289587,0.29164852170371247,0.8256874472190242,0.3256874472190242,brent_root
4.0,1.0,0.5,0.5,20,12,-0.0016738189070886198,0.03057121397553672,0.5849521471683737,0.6355063893517771,0.13550638935177706,brent_root
4.0,1.0,0.5,0.5,20,13,-0.01305934903689243,0.041725413607295245,0.756635104994824,0.6004303117920408,0.10043031179204076,brent_root
4.0,1.0,0.5,0.5,20,14,-0.006787575235439743,-0.014763660095613858,0.1942234219703461,0.9274538086324894,0.4274538086324894,brent_root
4.0,1.0,0.5,0.5,20,15,-0.003445582359706822,0.09419379974494839,1.6978163754881241,0.5069264447150941,0.006926444715094071,brent_root
4.0,1.0,0.5,0.5,20,16,-0.007880715536016504,-0.01422357961364749,0.25416362980496227,0.8509925012238929,0.3509925012238929,brent_root
4.0,1.0,0.5,0.5,20,17,-0.015780128653081205,-0.018816490906591956,0.526820654633099,0.7317404249389077,0.23174042493890767,brent_root
4.0,1.0,0.5,0.5,20,18,0.024692874632525893,0.1417905177360405,1.8164552409778068,0.4320748290201604,-0.06792517097983958,brent_root
4.0,1.0,0.5,0.5,20,19,-0.001599359047282922,0.041461774367944404,0.5272134073128786,0.6414580814040487,0.1414580814040487,brent_root
5.0,1.0,0.5,0.5,7,0,-0.004976030208914563,-0.01236608277354285,-0.08876016751371209,1.2607434951263512,0.7607434951263512,brent_root
5.0,1.0,0.5,0.5,7,1,0.009816734129716904,0.033198476560507145,0.31617037813649795,0.8001675568683091,0.3001675568683091,brent_root
5.0,1.0,0.5,0.5,7,2,-0.0004991333377262977,0.004140500207264673,0.23771827854546473,0.9045380919352876,0.40453809193528756,brent_root
5.0,1.0,0.5,0.5,7,3,-0.001899471566096077,-0.00498118276672095,-0.027609049914549808,1.1610205917898329,0.6610205917898329,brent_root
5.0,1.0,0.5,0.5,7,4,0.0003872966849957707,0.0013467329712007982,0.033185276646651184,1.228791837804773,0.7287918378047731,brent_root
5.0,1.0,0.5,0.5,7,5,0.023823216038776348,0.09747091826359036,0.6336425227596831,0.5074904976429894,0.007490497642989369,brent_root
5.0,1.0,0.5,0.5,7,6,0.007536305171285314,0.023138247628029934,0.26719879871599156,0.8806107590925574,0.38061075909255737,brent_root
5.0,1.0,0.5,0.5,7,7,-0.004383427973193067,-0.010438417399807033,-0.06661720473996839,1.2861395400294455,0.7861395400294455,brent_root
5.0,1.0,0.5,0.5,7,8,-0.00028036785647129477,-0.0006946927548225957,-0.0036173209301292256,1.2850396767882613,0.7850396767882613,brent_root
5.0,1.0,0.5,0.5,7,9,0.005939961152482491,0.02629910612382378,0.38595848705857994,0.7895143310886471,0.2895143310886471,brent_root
5.0,1.0,0.5,0.5,7,10,0.019204406190298506,0.08984047917529916,0.7835872974670567,0.5280327851069703,0.02803278510697027,brent_root
5.0,1.0,0.5,0.5,7,11,0.002867151081228944,0.011350051560985227,0.2166757474246825,0.9082306750851867,0.40823067508518673,brent_root
5.0,1.0,0.5,0.5,7,12,0.007827802654969237,0.023892559985966337,0.12790144443734205,0.9015942468723664,0.40159424687236644,brent_root
5.0,1.0,0.5,0.5,7,13,0.01190717415780328,0.035368376972154246,0.3320165143083447,0.8149273716068239,0.31492737160682394,brent_root
5.0,1.0,0.5,0.5,7,14,-0.000997931858021439,-0.002803112664395498,-0.024618471757606203,1.2179474273043718,0.7179474273043718,brent_root
5.0,1.0,0.5,0.5,7,15,0.0004401597642065417,0.0012282031455154204,0.016195258630153173,1.2863223396114358,0.7863223396114358,brent_root
5.0,1.0,0.5,0.5,7,16,0.0015166801985593461,0.005872471257340292,0.1509308970503129,0.9891178346991567,0.4891178346991567,brent_root
5.0,1.0,0.5,0.5,7,17,0.027853586061221677,0.1452623999683181,1.412456881200996,0.4246718452383825,-0.07532815476161753,brent_root
5.0,1.0,0.5,0.5,7,18,-0.0004708556097531947,0.0020858045866755303,0.1631546569468309,0.8835648612008365,0.38356486120083655,brent_root
5.0,1.0,0.5,0.5,7,19,0.04069916134108453,0.16149945723975917,0.6318359567162425,0.36675354708837143,-0.13324645291162857,brent_root
5.0,1.0,0.5,0.5,10,0,-0.0020237120468879245,-0.005252274554048046,0.022112732113435198,1.0987089926701648,0.5987089926701648,brent_root
5.0,1.0,0.5,0.5,10,1,-0.0008127882145994262,-0.0019398863030227836,-0.005499261767221962,1.237600256535496,0.737600256535496,brent_root
5.0,1.0,0.5,0.5,10,2,-0.005269559970749645,-0.015403740376273093,-0.2201996104611589,1.0550115218259246,0.5550115218259246,brent_root
5.0,1.0,0.5,0.5,10,3,0.0019657992443305725,0.013213690475230645,0.3265089740112257,0.8231452921832176,0.32314529218321764,brent_root
5.0,1.0,0.5,0.5,10,4,0.012125543213657313,0.037808967659545514,0.2757824537495037,0.7743096011871166,0.27430960118711656,brent_root
5.0,1.0,0.5,0.5,10,5,-0.006384146724407137,-0.01398141297366638,-0.014444715736687893,1.1267389352646358,0.6267389352646358,brent_root
5.0,1.0,0.5,0.5,10,6,0.0033150550855249924,0.014476881768547358,0.25971377210426555,0.8829793981390212,0.38297939813902115,brent_root
5.0,1.0,0.5,0.5,10,7,0.006926211845754436,0.021349485929130017,0.1250864314926054,0.9132608903722208,0.4132608903722208,brent_root
5.0,1.0,0.5,0.5,10,8,0.00558387282698653,0.026908521869299193,0.3563613324013059,0.773926088870674,0.27392608887067404,brent_root
5.0,1.0,0.5,0.5,10,9,-0.0037610535158494325,0.0014893098142653772,0.39289290923694226,0.7703618450785559,0.2703618450785559,brent_root
5.0,1.0,0.5,0.5,10,10,0.0012055051711744214,0.00587306053090372,0.0841477152435676,0.9821681384470631,0.4821681384470631,brent_root
5.0,1.0,0.5,0.5,10,11,0.008812917847721407,0.03751204258865629,0.4627274727048894,0.7331366313454102,0.23313663134541018,brent_root
5.0,1.0,0.5,0.5,10,12,-0.005408680446834367,-0.012773419870017722,0.03832319228186441,1.022052782018367,0.5220527820183669,brent_root
5.0,1.0,0.5,0.5,10,13,-0.0012987951114164214,-0.002980263547285975,0.01294681153897755,1.1350560686019626,0.6350560686019626,brent_root
5.0,1.0,0.5,0.5,10,14,-0.0025820411171323266,-0.005755310068341361,-0.004345128727536834,1.2140746812796834,0.7140746812796834,brent_root
5.0,1.0,0.5,0.5,10,15,-0.004440872667242579,-0.010716887713392185,-0.004823830630405195,1.100771025407404,0.6007710254074039,brent_root
5.0,1.0,0.5,0.5,10,16,-0.0013802507178473894,-0.0029184710504555345,0.01929821364674946,1.1335099470091523,0.6335099470091523,brent_root
5.0,1.0,0.5,0.5,10,17,0.021992741612575358,0.064478813520557,0.2918191924737863,0.6456066393884031,0.14560663938840313,brent_root
5.0,1.0,0.5,0.5,10,18,0.010344457731376044,0.07393764099271745,0.6603473010752687,0.5702250893122401,0.07022508931224014,brent_root
5.0,1.0,0.5,0.5,10,19,0.0037996703200482425,0.01360379381208271,0.19184357521132814,0.8487783670377013,0.34877836703770126,brent_root
5.0,1.0,0.5,0.5,20,0,-0.0047707649472506965,-0.013284288735977456,-0.08838562689145382,1.1018568291646658,0.6018568291646658,brent_root
5.0,1.0,0.5,0.5,20,1,-0.005686116869713097,-0.0008479354283093855,0.32406830008466697,0.7988764062242131,0.2988764062242131,brent_root
5.0,1.0,0.5,0.5,20,2,-0.0022962389788216964,0.010396304839492174,0.36414260331748793,0.746685473600631,0.24668547360063098,brent_root
5.0,1.0,0.5,0.5,20,3,0.0011015501978661698,0.00843139636424279,0.22629063074643935,0.8897876467868695,0.3897876467868695,brent_root
5.0,1.0,0.5,0.5,20,4,0.008034571797460588,0.06519494595453434,0.5532322809815368,0.5909993146915127,0.09099931469151268,brent_root
5.0,1.0,0.5,0.5,20,5,-0.010651670733635708,-0.030900887662192504,0.11281655922216219,0.8530793956245089,0.35307939562450885,brent_root
5.0,1.0,0.5,0.5,20,6,-0.005806549725927196,-0.008328277990331047,0.2908258929541168,0.8396781606906172,0.3396781606906172,brent_root
5.0,1.0,0.5,0.5,20,7,0.013666560173125617,0.05566699663609866,0.4902251623301851,0.6459969292441501,0.1459969292441501,brent_root
5.0,1.0,0.5,0.5,20,8,-0.004906435855767037,-0.003183557300805566,0.24888654648880684,0.9022595409195001,0.4022595409195001,brent_root
5.0,1.0,0.5,0.5,20,9,0.037223437941713566,0.1480176571301054,0.6212654513997392,0.3832822313131115,-0.11671776868688849,brent_root
5.0,1.0,0.5,0.5,20,10,0.0024340352601515125,0.04594016088042668,0.5997357563438411,0.6305194837261312,0.1305194837261312,brent_root
5.0,1.0,0.5,0.5,20,11,0.00024754767434382463,0.021466142197773905,0.40856116800800857,0.7520044742053323,0.25200447420533234,brent_root
5.0,1.0,0.5,0.5,20,12,0.0005005963296667026,0.02088562860977352,0.35527735006435457,0.7574517332942068,0.2574517332942068,brent_root
5.0,1.0,0.5,0.5,20,13,-0.016690518486739414,-0.0348496617888824,0.2065475587124257,0.8490070374309514,0.3490070374309514,brent_root
5.0,1.0,0.5,0.5,20,14,-0.004344470398908394,0.003380411743675529,0.41833743468000206,0.7965501694985061,0.2965501694985061,brent_root
5.0,1.0,0.5,0.5,20,15,0.015333330678768407,0.08706748654614506,0.5563979666063948,0.5375118842373825,0.0375118842373825,brent_root
5.0,1.0,0.5,0.5,20,16,0.011664038430914899,0.036715310860463,0.2757173397459047,0.7739888785261728,0.2739888785261728,brent_root
5.0,1.0,0.5,0.5,20,17,-0.0011630613106107782,0.007231531675482072,0.3186750962223369,0.8142790292742806,0.31427902927428064,brent_root
5.0,1.0,0.5,0.5,20,18,-0.00684684714881462,-0.018372671903559776,-0.03813383355604701,1.0129134038997452,0.5129134038997452,brent_root
5.0,1.0,0.5,0.5,20,19,0.0013879097866191339,0.0037025424009611754,0.02555033960751001,1.1003272374898403,0.6003272374898403,brent_root
