sample_size,mc_runs,beta_mean,beta_median,beta_std,eta_mean,eta_median,eta_std,gamma_mean,gamma_median,gamma_std
3,100,1.5604436000000002,1.9385539999999999,0.7546985027023786,798.3859949800001,772.720585,514.3126708698541,1165.7485928899998,1142.883393,409.67126235698294
3,200,1.5326177282051279,1.917273,0.986168018377456,796.0405266717947,769.811422,499.63400876235056,1187.106907846154,1196.604086,409.18881309710935
3,300,1.509385300341297,1.89103,0.9134633136072183,777.0493092662116,727.460639,506.9899783464939,1195.4084917918087,1197.577238,422.34511106903
3,400,1.509362158567775,1.89333,0.8671408814549556,786.1493349514067,735.439531,504.7594375930401,1184.2847803861891,1189.279944,415.36141699918215
3,500,1.510029293877551,1.8914214999999999,0.8471034485285879,780.610454377551,716.2498475,517.0642655449406,1186.7745772714284,1190.070031,424.81127669654717
3,600,1.4924316689419794,1.884272,0.8363707224295922,775.7196452883959,686.426704,525.8246987962494,1196.9765350614334,1200.182308,433.59844521043266
3,700,1.4734387130307467,1.87836,0.8289916117124808,768.0000303850658,662.088285,525.8704779775355,1202.976736543192,1204.274378,436.66208434485605
3,800,1.478207043478261,1.8820115,0.8202980757549982,771.7940752710998,667.8326285,524.6622419818405,1197.383675842711,1203.6728365,432.61689579947824
3,900,1.4593138931818181,1.8757065,0.814630452831239,766.3793055943181,664.9925069999999,525.0244720859536,1198.363045206818,1203.134709,432.1693196524174
3,1000,1.4618364723360655,1.8789105,0.8105415538861266,759.8297599159836,660.422077,523.0819166729168,1198.44274633709,1201.4805415,428.5226673443673
3,1100,1.466359903345725,1.8789105,0.84309154335534,758.6050946254646,661.726052,521.3328297442556,1201.6449709107808,1204.1203235,430.86591109131473
3,1200,1.4608673930093776,1.874963,0.835026118153959,756.137621794544,660.221227,522.7802383096913,1206.4017319855072,1214.490802,432.5313209610334
3,1300,1.4650780766192733,1.8789105,0.8291375545577482,757.0397236674565,662.0960485,522.5003865257038,1207.5457917622432,1217.9904695,434.676003161406
3,1400,1.4628373875457876,1.877003,0.8234319364048591,758.6046901919414,664.459145,523.669272375234,1210.2142530007325,1223.267689,438.6107305005377
3,1500,1.4613643850889195,1.87637,0.8186167715054806,758.2835706778386,663.2814785,522.3230605573533,1212.2202865807114,1226.0963649999999,436.0304214961285
3,1600,1.4567447775641027,1.8736575,0.8162134568044176,755.7403922897436,660.422077,523.9648378720682,1214.7383375967947,1228.3815530000002,437.66070838831536
3,1700,1.4520753279083785,1.872385,0.8132671445759238,758.4980825527426,660.622927,527.8298608405461,1213.2061321476792,1230.958917,437.74264330856545
3,1800,1.456011275156339,1.875737,0.8103194883182482,756.3392141523592,657.982249,525.3565552306313,1212.0840199840818,1230.580966,435.0156277550457
3,1900,1.4553098081896552,1.87637,0.807407990150749,754.6956472365301,658.5321665,522.961979748778,1212.8999974795258,1232.4453175,433.82913822380755
3,2000,1.450685469262295,1.8746605,0.8061585932720485,755.4449391516393,658.5321665,525.6739481245114,1210.9742378483604,1232.3181425,434.8429730188628
3,2100,1.4519458995611896,1.872491,0.8023238484222079,755.3443340916626,660.221227,524.8984170590758,1209.8172569117503,1228.50957,434.2016235657241
3,2200,1.4518613773848301,1.873993,0.801490144500726,755.3710616221498,660.221227,525.0856316364453,1213.6459158822706,1232.260145,436.92762486328013
3,2300,1.4549122735765125,1.8764115,0.8004482098936899,754.9522591641459,660.0062439999999,525.083495369973,1213.1360410885231,1232.2371945,437.1714716544997
3,2400,1.4533566099744244,1.875836,0.7982600640732246,754.9529439147484,660.0062439999999,525.6098142171458,1214.1042721628303,1232.2371945,437.7838371610291
3,2500,1.4581962044989774,1.878441,0.7949652607871499,758.6214880883435,659.791261,529.588567468075,1213.496076002454,1231.759635,439.4308784306509
3,2600,1.4559844572666405,1.875737,0.7932065161951605,758.7518548503348,659.791261,528.5045762076173,1212.752928229618,1231.759635,438.54688681598566
3,2700,1.4508246075085325,1.871774,0.7931743712896677,758.258494598028,657.571186,529.317563202527,1214.7249963879408,1235.346166,438.6873845869118
3,2800,1.4479154945175439,1.8712015000000002,0.7925905571224003,757.7427719872076,657.9172265,529.4672535022268,1214.8466098143274,1235.6218330000002,438.8722601461354
3,2900,1.4453763234567902,1.86755,0.7913997221746192,757.3951115661374,659.082084,529.2935872937065,1216.4958200557319,1236.917188,440.0353728114744
3,3000,1.4455339713701432,1.867673,0.7910153315494138,756.6607947205181,657.0125195,528.9367329536092,1217.809606050784,1236.7694185,440.36448968490936
3,3100,1.4474731549620838,1.86999,0.7905533900359896,757.8202109993406,656.453853,530.3702735021592,1217.987376166172,1240.156243,441.2569616462894
3,3200,1.445851366017247,1.866911,0.7886282338321454,756.2666986167359,656.453853,527.758725732728,1220.086204247844,1243.598297,439.1413731654727
3,3300,1.4448952724458204,1.8669785,0.788797918396634,756.5526408554178,654.6427605,530.1828850057801,1221.1622533780185,1246.148588,440.52227622595103
3,3400,1.445981962150796,1.867411,0.7881162697779254,755.1765990390508,654.42696,529.1704066341825,1221.7893942087715,1248.379801,439.0568342170919
3,3500,1.4463921555296178,1.86755,0.7873899955266925,756.4369566597607,653.485082,531.3602421629179,1221.0583794484974,1247.822954,439.7703166032182
3,3600,1.4482349523404257,1.870075,0.7869327000509435,758.1691748011348,654.631374,532.8518765663501,1218.2104668235459,1244.319084,440.1574761534039
3,3700,1.4493951261385591,1.87155,0.7855286613052548,758.9821880160089,654.631374,532.812634709385,1218.0520260598948,1246.906054,440.35756139575227
3,3800,1.44854385345523,1.870853,0.7857630618359515,758.8473036238237,654.42696,533.8079515831262,1217.1497418408176,1245.159303,439.48996428955877
3,3900,1.4524044155095626,1.872385,0.7985392252565712,758.5363697369661,650.715687,533.5412582984032,1216.7244241537858,1245.859135,438.9586169174526
3,4000,1.4509454342273307,1.871774,0.7981805185228557,757.559644051341,647.776613,533.9915527097834,1217.66747317931,1246.904285,438.9787243296961
3,4100,1.4536633765262894,1.872546,0.7965816322662481,759.7475320750062,652.413517,533.9628829372231,1215.9862119130328,1243.417868,438.51194049136245
3,4200,1.4581100719669342,1.876385,0.7949999448391494,760.7820636299538,654.631374,533.038620126725,1215.2363521040604,1240.677281,438.37144853781666
3,4300,1.459463242582483,1.877003,0.7943876494550414,760.0467359273678,654.42696,532.528010718487,1216.2042862959886,1241.479443,438.7669405268136
3,4400,1.4568681410345627,1.874547,0.7933968223105012,758.8866158858733,653.359634,531.570148258723,1217.1082345363025,1243.417868,438.26476435942135
3,4500,1.4558454330458466,1.8732475,0.7923080648601613,758.9988275585565,652.612627,531.731802518322,1216.5325926872447,1243.166542,438.4539936227589
3,4600,1.456405098823007,1.874963,0.791264732929995,760.5977705518543,653.652448,532.5425024356812,1216.4016682946924,1244.276088,439.27943527291865
3,4700,1.4573920551933943,1.875836,0.7908150379932141,761.3833297640156,653.6668625,533.4296700228942,1216.2342499934812,1244.6613674999999,439.653864701413
3,4800,1.4555290051063832,1.8744524999999999,0.7904153798853746,760.306939155532,653.0856855,533.0240192865076,1216.4285577951061,1243.9371925,438.9083904139614
3,4900,1.453065560767146,1.872647,0.7904171584893971,759.2794062578695,650.40024,532.2660964221313,1216.4888765182407,1245.159303,438.7862899536792
3,5000,1.4503543506334289,1.872083,0.7906814871423842,757.6498246900286,648.6596405,531.4900206162948,1216.9521858821006,1244.2975860000001,437.64287142413446
4,100,1.5128677900000003,1.2971784999999998,1.14550120665159,758.7977748700001,670.1975445,485.39924669575447,1224.79969846,1259.815013,403.99626325886055
4,200,1.5801108944723616,1.320806,1.1137989505038686,762.5305562462312,689.677279,475.7875759224227,1227.7520267889447,1234.257341,392.78694168210126
4,300,1.624828130872483,1.4152274999999999,1.1051974263115785,774.3000165939598,703.5472215,477.76181299663267,1214.745724127517,1222.858353,385.1499396791462
4,400,1.6323574357682622,1.421543,1.0970367463881223,783.7255462015113,717.334728,471.05164618047644,1210.391439214106,1221.64043,383.2335149027577
4,500,1.6400523125000002,1.4622454999999999,1.0444534487803585,798.8358754556452,730.666216,467.7185914034844,1197.8434588629034,1212.5306485,380.3536954737543
4,600,1.6440283976510066,1.4622454999999999,1.0482015180314568,796.261090454698,725.9377875,465.74361985729934,1196.5121907885905,1213.2122895,382.01671440620925
4,700,1.625493069064748,1.431936,1.0109924719669463,803.9827229553956,736.912998,465.8274795260866,1191.9496423769783,1212.15774,380.6249515992653
4,800,1.6189273866498741,1.4308045,0.9814332299637093,803.1405446322417,734.918768,462.65632591222146,1186.2612930491184,1201.480241,378.31151530149356
4,900,1.6156757200447929,1.429673,0.9567709580080567,801.9342540772676,732.924538,458.5805337458418,1184.1042918185888,1201.341495,376.19818998999637
4,1000,1.6174584959677418,1.4237495,0.9718301349995861,805.6052715070565,737.652452,466.7342293372433,1179.007623467742,1197.383475,383.20298320277294
4,1100,1.614228434065934,1.4165425,0.9750334782035293,801.9147740402931,737.652452,459.34980638117713,1180.5553986355312,1195.6345025,377.0713376767227
4,1200,1.6194974609571788,1.421543,0.9684106015861447,805.2538829462635,741.102697,463.44769784655506,1182.873414852225,1196.71433,382.91971268140264
4,1300,1.6210132875968994,1.4287825,0.9577976955651039,805.7588065356589,741.082154,463.00148316475065,1181.2260733131784,1196.7263165,382.3720537190432
4,1400,1.6256018287769785,1.417756,1.0063435158247538,804.9443124661871,738.326168,463.2028298438403,1181.8048093669065,1196.7263165,382.1238459154282
4,1500,1.6434944161073826,1.4377149999999999,1.0277312683983606,812.7874414838925,742.7319219999999,467.24356713828206,1177.4607383510067,1190.8295075,381.9329158819483
4,1600,1.6388471672955978,1.4402625,1.010709990151381,815.4171068050314,745.938894,467.2033032950745,1172.9194827440253,1186.1611785,381.37084137479997
4,1700,1.6348476095971565,1.434451,1.0162544626377008,812.9455291273696,741.082154,465.4516497046598,1176.9263201735782,1190.36752,380.18522324722943
4,1800,1.6337204938478747,1.4402625,1.0069309332877618,814.2347296901565,741.7384294999999,466.8665087117074,1175.364600836689,1188.2847735,381.78870163176833
4,1900,1.632607854718982,1.4402625,0.996203512769227,813.997762602333,741.7384294999999,465.10699965843384,1176.0239300031815,1188.2847735,381.9183978429428
4,2000,1.6323638917421954,1.437546,0.9904365585781575,813.2166031057402,740.8206915000001,464.0826015670445,1177.85238935146,1189.8055955,382.3008729233255
4,2100,1.6423632599520384,1.437043,1.0263979410811628,813.3133167741007,737.268751,466.37505365344015,1177.906759307434,1193.144222,384.19112923784616
4,2200,1.6396528240952817,1.429673,1.0399334269006455,811.7390682991296,736.912998,466.128589470777,1180.0555121158957,1194.588355,384.0424658179933
4,2300,1.6400476946999563,1.431936,1.0305603007587,814.6100599421812,735.8029,469.2628395272562,1179.0502367564607,1195.952204,385.7752125322729
4,2400,1.6431018430549726,1.433269,1.0329371180042934,813.1813055321023,731.863897,468.6925953021779,1179.4946979169115,1197.792012,384.6146116201787
4,2500,1.6445726741844544,1.429884,1.0512132177081224,812.6888833366894,729.468535,469.50375081725974,1180.0509319021346,1199.735296,384.14437323562936
4,2600,1.6442394351026735,1.429476,1.0536979053829454,813.2062808299108,729.468535,470.019717890946,1178.0282716040294,1197.418444,384.59896218573317
4,2700,1.6412661611339052,1.429174,1.0444623667463744,814.0396923345767,728.871678,470.2226673193505,1177.8703831256994,1199.735296,384.8090529060391
4,2800,1.6376565723542118,1.4194425000000002,1.0366881837964075,813.7383185107991,733.033499,470.8587190594012,1176.6496607444203,1199.3909555,384.01493751099196
4,2900,1.6379497043085474,1.4240555000000001,1.029588831698236,815.2879531455872,733.4047009999999,471.4470262386915,1174.8183162477414,1198.679702,384.3332057559217
4,3000,1.6370981433848222,1.4251035,1.021954662244,815.5209626373405,731.059154,471.47738783904293,1174.298018,1198.2322155,384.47140470075755
4,3100,1.6355675986350342,1.426123,1.0142286651839358,816.3330327543061,736.168509,469.8765741244402,1173.0354436516086,1195.316801,383.5161293517851
4,3200,1.639503672961914,1.430402,1.0077391530623008,817.1296135882909,737.268751,468.72822739593664,1173.017863296821,1194.588355,381.9683850226114
4,3300,1.6432496609703997,1.432188,1.018637620067976,817.3157744476655,737.268751,469.086934015821,1173.0147980421116,1194.588355,382.8107603522642
4,3400,1.6378244529028434,1.4286314999999998,1.0121483243595137,815.3017150367299,737.2661,467.60058976018473,1174.430727227488,1196.7263165,382.06202467051236
4,3500,1.637590344370861,1.429476,1.0070273484465686,817.4072660843651,738.877549,468.68236838003287,1172.5945113040598,1195.68491,381.9359789588576
4,3600,1.6371127387286473,1.429174,1.00885675880004,818.7246469711565,738.877549,470.05804408062323,1172.7063922111454,1196.738303,383.68169561558335
4,3700,1.639044643051771,1.4316010000000001,1.0035667377427842,819.8523983716622,738.6844564999999,470.7411906945828,1172.0028385572207,1197.0434045000002,384.25978366741896
4,3800,1.6389953663129972,1.430834,0.9990564836778888,819.8193240602122,739.5511645,470.3992909074862,1171.4916078742708,1195.6112644999998,384.1032827566423
4,3900,1.6359181359173127,1.4295745,0.9940553930478341,819.992697179845,740.427202,471.10373558747824,1170.7754206819122,1194.5163705,384.65751614337665
4,4000,1.6307158347190727,1.428089,0.989069211622312,817.9044964290753,737.530117,470.29551539855476,1171.722558126984,1195.952204,383.09381307164404
4,4100,1.6309721732612437,1.429174,0.9860282528833053,817.8126178092897,738.418762,470.5603337641453,1170.5229669523226,1194.588355,382.59788197943305
4,4200,1.628960036219717,1.425773,0.9827516148689025,817.4463607258335,737.263449,471.14242711638985,1171.113562510674,1197.348506,382.9923869781619
4,4300,1.6310785026938392,1.429476,0.9780005112818351,819.9334071288358,739.772511,471.2449314404331,1169.7454393836963,1195.68491,383.56530937579765
4,4400,1.6332494643920308,1.428089,0.9910907703779211,819.6838453748569,740.304952,472.059738161227,1170.1686338227616,1195.537619,385.00317052664326
4,4500,1.630815048802328,1.425907,0.986177790830297,818.0664462731139,738.877549,470.69082061615586,1171.3299479979853,1196.64959,384.82431181269266
4,4600,1.6313192635268348,1.425956,0.9827842455107682,817.8087721312157,739.560273,469.6511879672762,1171.9990712405256,1196.956482,384.6679565725786
4,4700,1.6291751397642016,1.424398,0.984609645659587,816.4121584126473,738.683732,468.5925477855264,1172.0397077301177,1196.956482,383.58973579923304
4,4800,1.6286965067170445,1.4235045,0.9815697512473073,817.725839902183,739.6033560000001,469.3097170911555,1170.204550336272,1195.715721,383.3957649882368
4,4900,1.6258368826069078,1.420019,0.9789755544380815,816.004388203125,739.5511645,468.20511622375733,1171.2671054329771,1196.574245,382.68893336955006
4,5000,1.6293484591980658,1.424434,0.9822598798630372,816.1056849010679,740.113858,468.1712491835541,1170.7428344467057,1196.4989,382.7896852231792
5,100,1.7442167200000003,1.565318,1.0728981003444873,858.8495458199999,847.526477,373.047162325573,1141.5507752500002,1142.2141735,301.3492485308991
5,200,1.7866606683417086,1.741994,0.9665062303917817,880.3817823919597,859.551613,409.8990415492914,1143.5293599698493,1131.856565,340.10947174677216
5,300,1.7439257090301001,1.659691,0.9320929927322107,855.8831578428093,837.201197,417.75060871453513,1144.7193046722407,1133.101979,342.69546095799353
5,400,1.7326590426065163,1.656815,0.8946827730818493,871.7442800250627,838.464603,436.2087007417169,1129.0147974761906,1131.249423,350.57139376092226
5,500,1.722506018036072,1.654548,0.8637424742699444,881.0677302004009,849.312352,438.8416836282039,1122.540747679359,1120.944423,353.9050670814848
5,600,1.7066592036727877,1.639131,0.8491440518422746,880.8850695258765,845.303961,438.32201544467125,1118.2908818580968,1116.686959,350.5788553346302
5,700,1.6851049369627509,1.568568,0.8429662614111192,871.1144109813755,829.7276695,433.2822891489993,1128.4770053094558,1128.024324,350.02714731048627
5,800,1.6933492192982456,1.572459,0.8446516996747824,871.1677225964913,819.5659475,433.5239281923084,1127.390987527569,1131.5881715,351.8090834538302
5,900,1.69372040245262,1.584658,0.8343868988492855,869.9429640044592,819.169497,435.65886835401403,1128.3210578918618,1137.486082,353.91471253995405
5,1000,1.7084408996990972,1.609004,0.8659257278851319,873.1226173650953,820.412548,434.94597130132877,1128.243954341023,1140.345503,350.5078718598881
5,1100,1.7227509835916135,1.63159,0.8664023261006645,877.8008498805834,820.310503,439.85485644173457,1125.0441577538743,1146.573974,352.3647753538628
5,1200,1.717856785296575,1.624257,0.8604079639537359,878.851224819549,821.791603,442.71479748470676,1125.4171646441102,1146.573974,355.1695617324929
5,1300,1.72239600616808,1.629496,0.8623822865105532,883.3358555797995,827.543082,446.6707238966722,1123.0423348504241,1144.221726,358.47901164310787
5,1400,1.7211431267908308,1.630223,0.86364571483871,878.3275095272207,819.883118,446.51263906066754,1125.8836555616047,1147.1223989999999,357.44118251141225
5,1500,1.7185964946524064,1.6296285,0.860303207301309,878.7714726377005,820.3615255,448.45593854912954,1126.837138375,1147.3792245,356.8883325173394
5,1600,1.7178965291536048,1.626489,0.8610970928967662,878.5519769962384,819.803838,449.3881074254559,1124.840775539185,1146.959369,357.53152390439
5,1700,1.709399041322314,1.6119925,0.8547100513743847,876.4305231924441,819.883118,446.82487073251417,1126.7465561316412,1148.613197,356.47140093649483
5,1800,1.706511796988288,1.61232,0.8505236153173074,875.0836834378138,819.169497,448.54527905380615,1125.7930203798103,1150.683994,355.83564190181664
5,1900,1.7091919318541997,1.618779,0.8483951112703411,875.4365441986265,819.962398,446.31468451175306,1124.2819738658213,1147.113396,354.6811806293275
5,2000,1.705086346211741,1.609004,0.8461222979604099,874.3070316036128,818.077907,448.78315657732514,1124.8610989804313,1147.627047,356.6186720668525
5,2100,1.7069971251791687,1.61232,0.8441341790389355,875.9265252494026,819.803838,448.5169286940927,1122.4202367806975,1146.123585,355.80162645394165
5,2200,1.7079224943000455,1.620751,0.8417187191618577,874.8585486666667,818.974125,446.0867247352491,1124.0496615303239,1146.573974,353.78379062562124
5,2300,1.7170685076319232,1.621156,0.8696216416712016,874.7471080257305,819.169497,445.6672354921087,1124.088029036633,1146.123585,355.42430991549867
5,2400,1.7122233946488297,1.6064385,0.8659938456694688,870.8776546270904,815.2085050000001,442.8935661755896,1126.8302956801838,1147.1223989999999,354.203641350631
5,2500,1.7104660164526486,1.6057445000000001,0.8638303839259746,871.9450261673354,818.0766315000001,443.1209035191641,1126.4856484646868,1146.998142,353.8254660996946
5,2600,1.7159324266975309,1.6119925,0.8637696433303199,876.6184491388889,820.0685854999999,445.8047639288689,1123.4423103495371,1146.9069235,356.6136696155067
5,2700,1.7194664375928677,1.6244695,0.8722824797760896,876.170278967682,819.071811,445.52291450221543,1123.8631059323923,1146.0436445,356.9356404526573
5,2800,1.7187425397564466,1.620673,0.8691381083873029,876.3600547675502,820.0685854999999,444.20750674969105,1123.2520918123207,1144.4788585000001,356.75720720312097
5,2900,1.7176367935684649,1.6209535000000002,0.8672613103401268,876.0389150511756,819.4866675000001,444.1685831990323,1122.4716699284231,1143.9737605,356.9603130363948
5,3000,1.7139770778743317,1.6097934999999999,0.8737178377847095,871.8669699999999,817.636854,441.7817086559395,1125.1249179281417,1145.8683085,354.98538491285564
5,3100,1.7121710203751617,1.6080175,0.8729994578760165,871.0410861891979,816.9471335000001,442.96502299545284,1124.5385437047219,1145.525634,354.6305789750567
5,3200,1.7096711729323306,1.601734,0.8721857132973416,869.5125558182958,813.0956435,443.05400959243195,1126.481632505326,1147.1223989999999,355.6826957960377
5,3300,1.711265645092677,1.605814,0.8707159624157985,871.6006652725616,817.100052,443.54035146279,1125.2769523372835,1146.573974,356.05553220595715
5,3400,1.7137079584193455,1.61013,0.8697384530249362,873.0015102303156,818.146021,443.493223253547,1124.3399028864642,1146.342302,356.0208421470775
5,3500,1.712934374104841,1.609004,0.8678600351835379,872.203068366657,818.146021,442.17441330350283,1124.59034900888,1146.942265,355.50995627085047
5,3600,1.7137632887774994,1.609004,0.8683390598958443,871.2131274458368,817.608796,441.5077413873084,1125.3433458816485,1147.594921,355.97875407796005
5,3700,1.7111110826334326,1.61013,0.8657191738389362,869.1955378371715,813.431756,440.6066561365343,1125.9324954855053,1148.00746,355.0217125050416
5,3800,1.7098987151147453,1.61232,0.8650401565820006,869.6182669783698,814.978634,440.6192047181112,1124.5575577649697,1146.871582,354.36644411892155
5,3900,1.7051653600616807,1.605675,0.8638738037753525,866.6361681141095,812.580786,439.7603461086703,1126.6827474289385,1148.885274,354.27467916858404
5,4000,1.7079261824561405,1.6080175,0.8631435680421654,866.4894052714286,812.816664,438.84814462599087,1126.307150648371,1148.198238,354.1047765234649
5,4100,1.707715159168704,1.6095329999999999,0.8612264809530973,866.5724886100245,812.2367214999999,439.27384589855285,1126.6318020735941,1147.684784,354.5701574503799
5,4200,1.7099132062052507,1.6092305,0.8698995233900169,866.8180723062052,811.50908,439.63349294582105,1125.9830209420047,1147.684784,354.030240734053
5,4300,1.707728909769177,1.605814,0.8665502787626523,865.4079943916997,810.522945,438.21489383440723,1127.4692635376543,1149.031187,353.1704196588265
5,4400,1.7108480938710413,1.606298,0.8723242898654241,866.0813635978583,811.342409,439.1461118646865,1126.6346686493507,1147.594921,353.7560856122384
5,4500,1.7124649004232568,1.609609,0.8717617392350471,865.1158012408109,809.733591,439.1381505020678,1126.8966636466919,1149.274748,353.71872397077027
5,4600,1.7139186181342632,1.6110989999999998,0.8762507434393575,864.937453956408,807.9006254999999,438.50365158360523,1126.700916026373,1149.6516754999998,353.33099943488196
5,4700,1.720739067619454,1.6184775,0.8981126727785549,866.1347847715444,809.8703215,440.2746803696367,1125.2677595085324,1148.198238,353.87221878014316
5,4800,1.7222436209273184,1.6203935,0.8965922722530827,866.5093389755639,810.932677,440.0968806736963,1124.5949262299498,1147.610984,353.80456682405907
5,4900,1.7241476921031096,1.6225575,0.8949017186684932,867.4029651560966,811.50908,439.69381534136244,1123.1629821472995,1146.950817,353.9871388810234
5,5000,1.7201776547714516,1.6150875,0.8930639881487111,865.0079822512027,807.175265,439.1948994687942,1125.2697475585405,1147.9339915,354.06309077212444
6,100,1.84966067,1.786443,0.7886011061110918,939.04070388,840.4153805,425.5069483008438,1090.86716017,1151.783841,333.121905773986
6,200,1.8330834000000003,1.7487395000000001,0.8127272841949039,935.0863624550001,883.435114,429.8317449123997,1090.46950688,1149.822144,342.10605721600666
6,300,1.8407022733333338,1.73814,0.8207739994457177,953.1432854366667,903.4128435,447.5563345411387,1076.1396347066666,1140.977351,351.7318653156182
6,400,1.833387035,1.7401585000000002,0.8280970710954852,935.439062575,881.6468015,441.9282315522025,1086.099243015,1146.4924525,346.4943248220533
6,500,1.815568362,1.6991245,0.8378897000234086,925.015477722,878.5618850000001,439.9475616720068,1097.430871768,1143.012204,340.8580019425724
6,600,1.806048662771286,1.679496,0.8431987472832447,918.1854186527546,847.809488,438.2450776953879,1093.9819681085141,1140.820411,339.36681909368605
6,700,1.794348834048641,1.679496,0.8299802957151018,915.0825093733906,845.690427,434.39131591681985,1096.2296149341917,1140.820411,338.2754369328677
6,800,1.7871010225281605,1.678936,0.8114868756297219,911.1569714806006,841.909144,433.95218743282277,1095.45995010388,1140.638861,336.51470826049155
6,900,1.7916314616240268,1.679496,0.8050002449891501,911.3296811946609,848.745497,425.8624769208702,1093.774908490545,1133.842757,330.9419891598839
6,1000,1.780415880880881,1.661199,0.7995941997967769,907.6352417267267,846.22936,425.33797961283125,1096.1461919579579,1135.504999,332.0308580674107
6,1100,1.7871909144676978,1.669422,0.7996438128648848,908.7144498835305,850.021184,423.4568632648693,1093.2461966141948,1133.842757,331.81462966172637
6,1200,1.7847536321934947,1.668127,0.7995882303618099,906.0008984945788,848.745497,419.1889782337117,1097.1871757856547,1134.829368,329.41404436932703
6,1300,1.8051323741339493,1.673605,0.8494720313906307,906.5297048483449,852.340557,418.2568510025643,1096.602473287144,1133.18015,331.56872557877534
6,1400,1.7965890850607578,1.659389,0.8469729110783227,900.2288589721229,845.690427,415.29131926515197,1101.543093884203,1136.235709,330.5345553247814
6,1500,1.796047268178786,1.658552,0.8461004305449794,901.7180466637759,846.22936,414.83689490620554,1101.594780694463,1134.369544,329.7366194052458
6,1600,1.8016992257661042,1.672368,0.8466868315989913,909.3391875559724,858.455043,420.80801745630095,1096.7028102933084,1132.234407,333.82848386845893
6,1700,1.8007859711595053,1.669708,0.8456540944720616,907.1768949123013,858.455043,420.0965654628981,1097.590943606239,1131.345769,334.0867347208413
6,1800,1.7951974691495274,1.660635,0.8432681637540616,906.921910110061,858.455043,418.61170875802503,1097.3513155197331,1129.440748,332.93538055893697
6,1900,1.7984589373354396,1.659389,0.8591076063716474,905.6398018899421,856.597934,417.28707104881596,1097.0058115281727,1128.791611,332.844606157624
6,2000,1.7925786948474238,1.65338,0.8517167752787373,901.1197771880941,848.216932,413.0549920248977,1099.557940585793,1129.877876,330.072932861518
6,2100,1.7893874287756073,1.644929,0.8512281543414475,899.0665625836112,843.280164,413.9096149932284,1099.3397175393045,1129.746426,328.88321623084784
6,2200,1.790684735788995,1.649844,0.8479484360764001,898.3448985079582,841.909144,412.121046892192,1100.4655930113688,1130.171746,328.68960158559815
6,2300,1.7970359573542212,1.655792,0.8474440297361874,902.0991173268059,848.4008934999999,411.2876575011562,1097.6805512019146,1126.9679190000002,328.18268065923746
6,2400,1.799426806922435,1.660459,0.8450849802230402,903.9000790216847,848.5741075,410.4673460565471,1096.8275232723101,1125.2945100000002,328.27417715168167
6,2500,1.7991393230584467,1.6581595,0.8445853912475608,903.401883044836,848.390146,408.8858274645397,1096.4180576220976,1124.7062925,327.34545479860157
6,2600,1.8027061943802927,1.660819,0.8448601925207414,903.4989029599692,849.3833405,407.6900850328488,1096.3539492675134,1124.200217,327.2050218727512
6,2700,1.8020578969607115,1.6648225,0.8428598529754228,902.3244129907339,848.665176,406.2319793835117,1095.983398425871,1124.200217,325.67029661210415
6,2800,1.7986064942816296,1.6598359999999999,0.8428127729261841,901.987832331308,847.9764755,406.54934878120554,1094.9417776136527,1121.6540570000002,324.5746552008108
6,2900,1.791998566252588,1.6498525000000002,0.8393604885958269,898.3201318150448,843.772093,405.5930432656299,1097.7473512729468,1124.9001010000002,324.2505492074376
6,3000,1.7953204200867534,1.654788,0.8393087397080746,898.2615886696697,843.305939,405.9108035164816,1097.4617155849182,1125.56321,324.97030041526017
6,3100,1.7929469095899258,1.64713,0.8360100411350883,897.2205515779788,842.090424,405.09505115152615,1098.564071253471,1124.638193,325.2890950698932
6,3200,1.793433050359712,1.648348,0.8449694161303434,897.2950935821082,841.313299,405.9904394042129,1098.4134130040663,1124.24734,325.13026498504513
6,3300,1.7910527379435852,1.649844,0.8424673179121481,895.4332493048225,838.883807,405.31177041900344,1100.4919554467697,1125.02581,324.9373777423762
6,3400,1.791590324698263,1.651647,0.841912052014897,895.6708907965852,838.883807,406.7138792731717,1099.9373944957315,1124.774392,326.0849709868959
6,3500,1.792299862739491,1.650737,0.8414126443697121,895.4759115822133,838.923714,406.90384456401574,1099.3995170792107,1124.756864,325.5308504658448
6,3600,1.791610111203781,1.649844,0.8399984431313985,895.5628016594384,837.988405,408.09444833000964,1098.9093178101195,1124.774392,326.4813335973859
6,3700,1.796405571274006,1.655991,0.8418996636028593,898.5568084722747,840.242182,409.8329411548551,1095.7665141996215,1121.983719,326.77010431614633
6,3800,1.7978067005530682,1.655991,0.8433479250508952,899.0350589041349,841.313299,409.6568003865125,1094.6067471811957,1120.658895,326.32345556636176
6,3900,1.7994799966641006,1.659982,0.8405872785919323,899.7619763702847,843.305939,409.03966455925917,1093.1354676974597,1118.520962,326.41826623441875
6,4000,1.7935965984488367,1.65338,0.8382108999339153,896.0793203222418,838.772826,408.58018257412266,1096.309175225169,1121.094271,326.73702709334856
6,4100,1.7910579531364412,1.65338,0.836261877750754,894.3484794959727,836.687563,408.27896354753244,1097.2733492509153,1122.511043,327.4734046529064
6,4200,1.7872419435310936,1.646597,0.8345280790238714,893.5653019868954,836.189452,408.4888950489589,1098.3113339254228,1123.012293,327.4560009666531
6,4300,1.7852433299976727,1.645258,0.8327267594409543,892.780245672097,835.965518,407.8619346681323,1099.10983322667,1124.192716,327.1995280223719
6,4400,1.7880813381851262,1.650737,0.8313676874235078,893.8783257982715,838.284156,407.49682041715675,1097.802020047305,1122.458435,326.44015819626276
6,4500,1.7869972910829441,1.64713,0.8311652618350838,893.7209168741383,838.883807,407.36241029190353,1097.5302405790528,1122.03872,325.90047583480083
6,4600,1.7868436325864694,1.64713,0.8321676832260501,892.9751460250163,838.284156,407.09854696881393,1097.1614611464,1122.03872,325.6146936980649
6,4700,1.7857127362146052,1.645346,0.8331017784056265,892.3969522542047,836.324915,408.07460218566985,1097.638563626996,1123.012293,326.5175570694454
6,4800,1.7840383491765688,1.644668,0.8320054239666292,892.5337857137795,836.548221,407.2411053783111,1097.70512377882,1123.441413,325.99709200961104
6,4900,1.7838341674494587,1.644668,0.8322996568115937,892.2349653028384,836.628631,407.19125179622273,1097.99901783786,1122.99643,325.94496235604345
6,5000,1.7830098170536426,1.6433015,0.8332792334962745,891.9384531124902,835.916131,408.339721744557,1098.1796788426743,1124.2431115,326.61984283352416
7,100,1.8874963199999997,1.8262475,0.7428217185176487,946.29779821,898.846717,383.50184530468994,1034.78674763,1071.7382605,323.50841944892727
7,200,1.81806781,1.750207,0.7488414666618329,918.227138385,869.7476174999999,366.0781981712726,1076.66979491,1081.634498,310.2477982266487
7,300,1.9053757433333331,1.793978,0.8830571972013332,933.0271910066666,893.5102489999999,380.6383420320197,1070.0332404633332,1074.940079,322.5227307365443
7,400,1.8643333475,1.742184,0.8459188195942037,917.3250931125,870.91245,375.46892879721406,1085.7430125125,1085.00629,314.37228603265316
7,500,1.8582289520000002,1.73404,0.8315635958711071,920.9542148859999,874.824149,374.22278110904836,1086.485177826,1106.342433,310.17671095977164
7,600,1.8617504549999997,1.7461505000000002,0.8317442001926563,933.9566871333332,893.5102489999999,385.23018927893503,1079.5215978683334,1097.1181915,315.46757985162145
7,700,1.8448835571428572,1.727398,0.8218489939706227,922.6592974757144,870.91245,383.2926118297654,1086.5638733228573,1105.2940254999999,314.2507369448743
7,800,1.83209614125,1.719328,0.8127004798862035,923.61870355,872.3360795,382.0830222561102,1083.5483234925,1097.68838,311.71367243722267
7,900,1.8394759355555557,1.726079,0.8086510754097079,926.1260297955556,877.739644,382.3560084377323,1078.665382321111,1096.433249,312.1013635575562
7,1000,1.8254217000000001,1.724896,0.7949723413762237,917.8846111659999,869.7476174999999,376.82464077346816,1083.1777832689997,1104.461309,306.7975181113787
7,1100,1.8197884781818183,1.7125345,0.7883936331384964,913.8018888845453,867.4159480000001,378.90452119470757,1083.479476120909,1102.2307245,305.19344070155256
7,1200,1.8304465433333332,1.724896,0.7900210649913583,915.1335960833333,867.4159480000001,376.7428142479984,1083.7979848141665,1104.2986385,305.17652473920924
7,1300,1.8441149853846155,1.730714,0.79865261005966,922.5038494446154,872.7363654999999,380.11829970137234,1077.4918998869232,1100.034821,306.76431022926715
7,1400,1.8474211692857145,1.730714,0.7959757342121193,924.705539065,876.15825,378.794852414393,1077.4242431385715,1098.552892,306.4156914401443
7,1500,1.849584388,1.728704,0.7989208141882078,925.4629677626666,878.7156575,377.3078634688733,1075.7662691106666,1093.026398,305.78808271738865
7,1600,1.8521691362500001,1.728704,0.80180622047099,924.797236203125,877.2568444999999,378.10594324306817,1076.731595291875,1095.279585,306.738865557797
7,1700,1.8479653447058824,1.727732,0.8002634727179787,921.3288033217647,874.3294035,377.2274218135788,1077.3594172882351,1095.279585,304.6296509851664
7,1800,1.8467828338888892,1.727732,0.8032643992978689,922.2074083822223,878.7156575,377.35677288733626,1075.1127917444444,1093.330454,303.1879907772971
7,1900,1.8415201668421053,1.723567,0.7996430650145231,919.2092484210527,878.7156575,377.01131034227916,1077.482540492105,1095.8630604999998,303.1362932173882
7,2000,1.846874892,1.726079,0.8019840405501258,921.4623613729999,882.7797459999999,378.8233276316571,1076.1661681499997,1096.433249,305.1101748985922
7,2100,1.8476852228571428,1.7271144999999999,0.8005471090404084,920.5470048614286,882.97866,377.8572590587894,1076.8788069609525,1093.026398,305.5071110767376
7,2200,1.8485142245454544,1.723567,0.8154657078980019,920.315894115,881.1790315000001,379.15824009410136,1076.6157402468182,1093.330454,305.44899803521974
7,2300,1.8477797191304346,1.723567,0.8142014088167588,918.8027360621741,880.3276865,378.90548196935526,1078.7972266691304,1094.8910150000002,305.27817472057234
7,2400,1.8502708582742813,1.727734,0.8145118310761842,919.6934904726969,882.466782,380.62591941994236,1077.9262885168823,1092.975678,306.89056957895576
7,2500,1.848892300520208,1.72773,0.8147903430904351,918.8068224161665,882.859654,381.1344654132113,1077.9800543785514,1094.1975,306.13348409913084
7,2600,1.8478159072720277,1.724133,0.8135584770905561,919.0272569003463,881.243126,383.38042530201506,1077.209046038861,1094.1975,306.97833485364976
7,2700,1.848720404594294,1.72365,0.8167858237345562,919.685986188218,881.243126,383.86664826760773,1075.8091955979994,1093.077118,306.5353689110772
7,2800,1.8526384297963558,1.727224,0.8196360550370397,920.9826123476241,882.466782,383.90496141461267,1073.614723331904,1090.539189,305.8868479953636
7,2900,1.8548242186961024,1.734861,0.8149976184018861,922.0748065005173,883.156476,382.82760341514097,1071.8972332128321,1085.619468,305.1689341098063
7,3000,1.8505113721240414,1.72773,0.8145737655876563,918.6640809333111,877.665519,382.40444905016903,1074.7323350600198,1089.980952,304.0142386477337
7,3100,1.8520039196515006,1.728297,0.8234104059574485,917.0352839354631,874.589067,382.5798466955547,1075.3917400458213,1091.459946,304.56643066571905
7,3200,1.8467457167864956,1.722787,0.8210151940918501,915.7863307361674,872.413092,383.12417287606934,1076.8647521534856,1092.975678,305.0594323885755
7,3300,1.8414911946044255,1.718462,0.8176118152190485,913.9112618396484,869.953851,383.05273886087156,1078.965973179145,1096.646405,305.41304451019874
7,3400,1.8399040385407475,1.714266,0.8159843158069912,913.6031493857017,869.953851,382.116645888908,1078.747092766402,1096.646405,304.33730830500787
7,3500,1.8382687042012003,1.712963,0.8147054637587086,913.6441863332382,871.982779,382.69531150446437,1078.5898645578736,1095.478254,304.07649168865396
7,3600,1.8386991597666018,1.712374,0.8151037587216986,912.758299982773,869.653114,382.54204461974956,1078.0057064784662,1096.733133,303.85786989338385
7,3700,1.8379263317112733,1.712374,0.8159250138082431,912.1794400673155,867.293596,382.94024184911126,1078.1936721581508,1097.304713,303.89962228784395
7,3800,1.8358581339826268,1.705385,0.8154910500006386,912.0055253577259,866.377282,381.99669634674024,1078.3437769797315,1096.646405,303.4479398490285
7,3900,1.836682763785586,1.703457,0.8158670387836943,912.4978811428573,865.87495,382.64604820672787,1078.0102695275712,1095.431796,303.55062705103103
7,4000,1.8350378392098023,1.699878,0.8173107914534651,912.3385966804201,863.883642,384.9934441431088,1078.162339020755,1099.501859,304.85680563573936
7,4100,1.8342918250792877,1.699878,0.8167906469336746,912.6934275579409,864.836046,385.6398515741814,1077.3015402981216,1095.592756,304.8995451247608
7,4200,1.8341977237437486,1.699436,0.8162811516037259,912.9023365648965,864.582341,385.0154940682499,1077.8458003484163,1097.304713,304.32871438456044
7,4300,1.8349229511514307,1.700988,0.8160330273191414,913.0805549267272,863.698828,385.18724943240755,1077.2409778090253,1095.431796,304.0181436515548
7,4400,1.8327752320982043,1.699436,0.8153572709509237,912.4354718645146,862.627797,385.193775447491,1077.5450918706524,1096.733133,303.7161791657531
7,4500,1.8314800662369415,1.698293,0.8135626420419453,913.1502671962659,863.090599,385.3415467715874,1077.105500751056,1096.133365,304.2902137227383
7,4600,1.8303255051098066,1.697169,0.8133164028381035,912.8071488203958,863.090599,384.85995357951697,1077.663230479017,1097.304713,303.9530904347451
7,4700,1.8268827175994893,1.696235,0.8118373233586271,911.9456306128963,863.520499,385.3111370358707,1078.3846217793148,1098.88999,304.239209705995
7,4800,1.8275558264221712,1.695244,0.8128327548050943,911.5265651562825,863.090599,385.01825085584557,1077.8496626276308,1096.646405,303.69001121301824
7,4900,1.82827707879159,1.695202,0.8140296606394648,910.7894194227395,862.04262,385.1579865332119,1078.0547475652174,1097.304713,303.8984556617478
7,5000,1.8284479499899982,1.695244,0.8131532503969552,910.22852155011,860.12314,384.38367263474277,1078.00734070014,1096.646405,303.5878977146508
8,100,1.81710341,1.7249219999999998,0.7053402521749516,902.26901066,873.7869995,352.47099122412527,1061.6410922200002,1054.35266,261.3586227588957
8,200,1.91520406,1.7836865,0.7606456485013218,936.45557238,900.8813164999999,350.8906323435539,1055.01953409,1060.756638,276.58953364187164
8,300,1.9616087133333333,1.8448509999999998,0.7842129191469588,961.0394405799999,924.553071,355.4902904302314,1035.7515012933334,1053.2203715,281.41241596441415
8,400,1.9631519300000002,1.85978,0.77271664406228,962.7522355925,924.553071,359.4848850533969,1041.1346981249999,1062.5311135000002,287.04906203623096
8,500,1.94881678,1.8381885,0.7832895679336825,955.412169298,921.6088405,354.0147805371849,1041.758966544,1053.6459399999999,284.17301057699484
8,600,1.9357941033333335,1.8137865,0.7864032834024874,947.2663912266668,914.8776705,358.60196147417406,1049.66080996,1058.803905,288.87751094415455
8,700,1.9198306257142859,1.7794265,0.7773946949812844,937.5181131999999,913.2839815,357.63887286397113,1053.9324900142858,1061.9885825000001,284.86186218772565
8,800,1.9141232700000002,1.7760755,0.7804251507150223,939.33708736,913.2839815,356.8772550475915,1050.9106703275,1062.5311135000002,282.6564087798687
8,900,1.8998043633333332,1.765168,0.7756630452120472,935.5358434422222,907.7523365,358.9276507592176,1055.7600259733335,1066.0939505000001,282.99040896598063
8,1000,1.908129383,1.7743775,0.783248851370137,940.847410396,914.6529775,363.62358343924546,1054.15348909,1066.0939505000001,287.6483245911051
8,1100,1.9041371890909093,1.7574925000000001,0.7824494876247743,936.4536022563636,902.898501,363.323329604894,1057.1786867018182,1069.2542755,287.56439020894067
8,1200,1.9071139533333332,1.7634064999999999,0.8014449303409554,937.5435599425,902.012923,365.351125163644,1056.0372372141667,1066.3410939999999,287.4434269317343
8,1300,1.9045113200000001,1.762896,0.7977289461438943,935.088543146923,897.6798630000001,365.15762449089874,1059.7208736346154,1073.825736,288.3669790660378
8,1400,1.9101900014285715,1.7645135,0.8013426078626589,937.350544835,899.133421,368.8144228047723,1058.0670520942858,1071.5560645,292.3524108543915
8,1500,1.9037066706666665,1.762896,0.7987367055759553,934.1675839506668,899.218886,369.8182923802708,1059.7090609573333,1072.769342,291.5528932907602
8,1600,1.902449216875,1.7626695,0.7961248593593823,934.06537795125,897.6798630000001,370.4780342499115,1059.0807656893749,1073.825736,291.91614831524004
8,1700,1.9027176341176473,1.762896,0.7992631058130204,935.3247131670588,901.608931,371.6469994481322,1057.4614131894118,1074.4219865,291.36251304169707
8,1800,1.9104377572222222,1.769185,0.8039260030957266,937.2841086433333,902.870042,370.0766756607849,1054.0658684261111,1071.5560645,289.3106989044718
8,1900,1.9105440557894737,1.7715055,0.7970592343204579,937.6039068868422,903.1083169999999,367.66978507777867,1052.9150614184211,1066.3410939999999,287.87396949960976
8,2000,1.9086921280000002,1.774703,0.795472218043213,936.9865881215001,903.682726,367.2972988508789,1053.3495095879998,1068.031569,286.44588928381677
8,2100,1.9062183576190477,1.769185,0.7967350761576177,934.9725411495239,901.503545,367.7796360646703,1054.2921676957142,1070.7811415,287.2878172259416
8,2200,1.8982765740909096,1.7586050000000002,0.7941856667004799,933.1425338190908,896.082802,368.4382375194847,1056.235076146818,1074.1237115,287.5952727144638
8,2300,1.8916810300000002,1.7503355,0.789446575897973,931.0885307795652,895.744776,368.20117236810677,1059.2537913678261,1076.590279,288.189662420563
8,2400,1.8897956770833333,1.749897,0.7875324192748908,931.5887492287501,895.744776,367.1559817361032,1058.1479536154168,1075.9975255,286.86264354511144
8,2500,1.8887904972,1.749897,0.7875321738020425,931.3867565552,896.2009515,367.01844701767885,1058.3241351992,1075.3186380000002,286.3772301081155
8,2600,1.8882111376923076,1.749897,0.7875021524311034,930.1712483407691,894.5287495,366.40627915395476,1057.6087459249998,1075.868556,286.0350835484195
8,2700,1.8896127974074073,1.7503355,0.7928864527378884,930.0975525314816,891.090957,367.56777692522104,1057.3247509777777,1076.2374045,286.4450537769775
8,2800,1.8841279114285716,1.7443695,0.7906638708440821,929.5603810592858,890.9855845,366.6676650687821,1057.9319590767857,1076.9986410000001,286.1287426601307
8,2900,1.8855643286206898,1.7443695,0.7916762655118269,930.6215509337932,891.2124425,367.97671953205594,1057.205576447931,1075.8848790000002,286.5407445287639
8,3000,1.8837272153333333,1.7437369999999999,0.7916315861028286,930.5716945236667,889.7705129999999,370.01052106413204,1057.6731761356666,1076.9217625,288.0607068881189
8,3100,1.8827456570967742,1.743942,0.7907913890939897,931.0539977048387,890.1072385,371.16834296640553,1056.7306260064515,1075.868556,288.3427886271584
8,3200,1.8824521128125002,1.744897,0.7902313527991361,931.2605867853126,889.544531,371.2290668826147,1057.1100167828126,1075.8848790000002,288.19763775250743
8,3300,1.8818081833333336,1.7443695,0.7894363577910336,931.2979208666666,890.8535985,372.0222341377291,1056.8409361260608,1075.6880585,288.2132407502704
8,3400,1.879091757352941,1.7420520000000002,0.7893889394206166,931.2657870032353,890.1072385,372.4894792524875,1056.9128071067646,1075.6880585,288.12255289459387
8,3500,1.8778341334285713,1.7425785,0.7886872657728129,931.6373841282858,889.7705129999999,373.0484716865743,1056.6332287502858,1075.8848790000002,288.7441259573362
8,3600,1.8775866805555554,1.742451,0.7881724372008919,931.4928424938888,889.7705129999999,372.3724366796141,1057.1909217375,1075.9975255,288.31504012990916
8,3700,1.8744046045945946,1.7407425,0.7875528676151303,930.7371486854054,889.544531,372.7059366236432,1057.950646275946,1076.963979,288.7196763304752
8,3800,1.8759491518421052,1.74173,0.7877405600403236,930.4729783476315,889.0926005,371.97884850048007,1057.288756605,1075.9975255,287.7039071771807
8,3900,1.8760317225641026,1.74173,0.789401331933869,929.5436827310257,886.561597,372.884211961453,1057.5803151633334,1076.643718,288.12890466314343
8,4000,1.8748221775000002,1.740605,0.7873837342676637,928.6899037435002,886.561597,371.6847744493089,1057.8877773377499,1076.643718,287.56046104979436
8,4100,1.8720175131707317,1.740605,0.7845070186905614,928.5991229104877,886.657786,371.44760400673107,1058.7815184868293,1077.015547,287.42993936861313
8,4200,1.8701361035714286,1.7360945,0.7824713309155567,927.2711367595238,885.781494,370.51314416704423,1059.9570110752381,1077.2683805,287.29856540304905
8,4300,1.8710133588372095,1.7407425,0.7831069121549225,927.7355485672093,885.9710729999999,370.4752491313276,1059.8641288174417,1077.015547,287.6615793578692
8,4400,1.8700250752272727,1.7390504999999998,0.7821291503285881,926.8752914772726,884.9199725000001,369.6588856210454,1060.740888165,1077.2162655,287.58280246981656
8,4500,1.8722315275555557,1.740605,0.7889093126252338,927.634990378,885.1651795,369.80277336652017,1060.2077515073331,1076.9814999999999,287.49272932991585
8,4600,1.8734221736956524,1.740605,0.7889158554215048,928.8059772576088,886.332224,370.295247292591,1059.6272109119564,1076.9217625,287.3199079867806
8,4700,1.8751384123404256,1.7425785,0.7883771190118847,929.9802140921275,887.2319964999999,370.18842763406707,1058.7461350076596,1075.9064805,286.69509359498034
8,4800,1.8774050777083335,1.7459275,0.7892635220894348,930.6246949887501,887.4450035,370.53683922650015,1057.75239263625,1075.5119655,287.1542858322004
8,4900,1.8752120771428569,1.742451,0.7898675608835667,929.436811532653,886.657786,370.50633461183645,1059.023086720204,1076.643718,287.504984687081
8,5000,1.8741992647999999,1.742451,0.7889593101355128,929.3099893208001,887.322,369.5474498766155,1059.2204233162001,1076.5976355,287.4940582819668
9,100,1.9129691099999995,1.8599825,0.7194020052078873,909.1592191999998,905.580537,343.9352790790581,1075.17750561,1069.0770069999999,268.4837030713582
9,200,1.9570091399999998,1.878396,0.8946918614752516,929.9383212600001,906.260397,353.46530527097514,1055.88513281,1066.2128625,265.7752075577015
9,300,1.9607422133333334,1.844492,0.8514144248259089,938.0188570233333,902.840831,357.5312873512843,1059.3646453299998,1074.2439665,274.7861950128784
9,400,1.9697024399999998,1.857134,0.8470856823801888,948.9309819350002,915.373893,368.45912156429256,1047.4536497,1066.8309675,286.01212135127344
9,500,1.9494485220000002,1.8556205000000001,0.8218812934676135,942.070191364,911.5662115,366.01059587706834,1051.181360418,1068.565435,280.83631229210056
9,600,1.9333542899999998,1.8050030000000001,0.8086391033710798,936.901535815,897.1379315,363.1699426353648,1053.4573008666666,1070.227347,280.78014316944683
9,700,1.9381688328571427,1.8018545000000001,0.8113975724756222,944.692080277143,906.260397,367.0584072355006,1045.9022793514284,1067.6617875,281.4914080384941
9,800,1.94673470625,1.7962704999999999,0.8097460283839493,948.7065995225,908.069306,361.5391335075316,1039.813519285,1060.52826,276.9413852353861
9,900,1.944274088888889,1.7923465,0.7975204583155823,949.5341819577778,908.069306,356.4866511502487,1039.0161418577777,1057.931579,274.58855389613194
9,1000,1.9443748420000002,1.7989515,0.7925950770620899,951.429991804,909.7989835000001,355.68147624268937,1038.442287385,1058.7783789999999,271.53721861216644
9,1100,1.9423436454545453,1.8030415,0.794087399363161,949.3799341027272,909.82214,355.13003562935864,1040.0727637818184,1060.274133,272.1898203476553
9,1200,1.926866178333333,1.789399,0.7867727164139152,945.38526525,901.5680165,356.17102333403307,1044.86780285,1063.3602685,273.31999934508696
9,1300,1.915022376923077,1.774032,0.7787552610480499,940.6745157853848,899.1535755,355.98024543885856,1050.9410919953848,1069.3000204999998,274.58712462307955
9,1400,1.9144149414285714,1.7699685,0.7770224871922184,943.5138200742856,899.7008895,355.99097731441617,1048.1080821257142,1066.2346675,273.76296038780123
9,1500,1.9162724806666664,1.774516,0.781947536962766,944.1785633506666,900.930633,356.5903135522615,1047.6075942339999,1063.32346,272.97699729734654
9,1600,1.916126258125,1.774516,0.7831282177440084,942.2116596975,897.6627965,354.9040203227007,1046.38874621875,1063.7652105,271.8404465361405
9,1700,1.9175069735294117,1.780199,0.7897709505842067,942.1016639164707,898.262289,355.81830757126863,1046.2606959970587,1065.173769,272.070120268948
9,1800,1.9094017894444444,1.774032,0.7849353439798684,941.6699145638888,899.1535755,354.8113871660086,1046.9236033805555,1066.2346675,271.05341961264054
9,1900,1.9099796647368423,1.7772510000000001,0.783178400664977,942.2132697178948,900.930633,355.64614354603395,1046.3001850963158,1063.7292475,271.2954785623612
9,2000,1.9054634005,1.7690315,0.7836525004643577,941.1436867025001,899.8079225,357.84678912927706,1047.8185016925,1067.7256785,273.15186864458025
9,2100,1.901088817142857,1.764608,0.7804764913225537,940.0460669890476,899.690146,357.46394420945114,1047.39436148,1067.2809575,272.8995865843382
9,2200,1.9008148645454543,1.7690315,0.7770574611490603,940.2900629022727,899.690146,357.04119002793624,1048.1940728227273,1068.313682,272.8060618283324
9,2300,1.8993435747826088,1.7667095,0.7743715242374442,939.6144693795652,898.262289,357.397993376466,1048.2079631660868,1068.313682,272.70901156718185
9,2400,1.8959752808333334,1.762096,0.7743490130915824,939.2308038245832,897.6847045,357.35318959506276,1048.2337910708334,1068.188638,272.37110298992644
9,2500,1.894608808,1.761329,0.773075341683749,939.7873002303999,898.262289,357.5283483785561,1048.1165519584001,1068.188638,273.2724904910359
9,2600,1.8957082469230768,1.7619,0.7727491290121694,940.4043958146153,899.8079225,356.5373629153064,1048.139147463077,1068.1123315,272.45548666986235
9,2700,1.8916914185185185,1.7565365,0.7713799036499047,939.6377956644445,899.420175,356.91095430803364,1048.920615431852,1068.313682,272.44744209694636
9,2800,1.8917935507142856,1.758462,0.7705621713587666,938.8803687489285,897.546961,355.8339715993568,1048.6159964864285,1068.1123315,271.2821580242028
9,2900,1.8914139958620688,1.7565365,0.7693133858899016,937.9687647293104,894.7915975000001,356.5144109977346,1048.9207407186207,1068.2763289999998,271.5573942370169
9,3000,1.891521816,1.754607,0.7691317677085067,937.3775876023333,893.842063,355.010423693244,1049.130471342,1068.2763289999998,270.907509632737
9,3100,1.8888041867741936,1.755835,0.7664839803052771,937.2757506619355,893.3071709999999,355.6454601679999,1050.1524754851612,1069.37489,270.9733580855923
9,3200,1.8882999434375,1.756049,0.7631168492257216,936.4601775234374,892.0083999999999,353.94688046333647,1051.1120442309375,1069.37489,270.324594311327
9,3300,1.8904758839393936,1.759718,0.7636651374499486,937.6690662436364,894.3594949999999,353.93362565993704,1050.4763461433333,1068.9500925,270.63999287771594
9,3400,1.8912456070588237,1.757515,0.7628783794048579,937.1417413944118,893.3071709999999,353.15675588879907,1051.0753084473529,1068.9500925,270.7885545462839
9,3500,1.8918134902857142,1.758462,0.7636893350328162,937.9468415657142,894.0014825,353.51477978606994,1050.3644546531427,1068.313682,270.8215994225779
9,3600,1.8938936352777778,1.761258,0.763432699754991,939.629695725,894.7915975000001,354.4788978892636,1049.4632050047223,1068.1123315,270.6756431985916
9,3700,1.8957074435135135,1.762986,0.7623444756773567,940.2737864859461,896.326626,353.23054670736343,1048.9200131397297,1065.0888380000001,269.3735899893684
9,3800,1.8988089334210525,1.768092,0.764128376293414,940.9431785021053,897.546961,353.877146034672,1047.6621833252632,1064.117286,270.15261341066775
9,3900,1.8961629166666667,1.762891,0.7655668274368904,939.6456556082052,895.734106,353.85819600208015,1048.8057917392307,1065.583033,270.025788280072
9,4000,1.89568727575,1.766588,0.7640897760056666,939.25277683925,896.6055025000001,353.09516782706237,1049.1528803282501,1065.1189735,270.29753156752923
9,4100,1.8952308512195122,1.7652505,0.7628769468051194,939.0473850617072,896.6055025000001,352.73475747249694,1049.3131979656098,1064.5322449999999,269.99750616110924
9,4200,1.8961803323809523,1.768092,0.7617424978925355,939.8977641504762,897.1621325,353.2496575527979,1048.6402222197619,1064.359965,270.6260528981349
9,4300,1.8947804897674418,1.7652505,0.7625447458195733,938.9279626734884,896.326626,353.03710349444935,1048.8891850244186,1065.1189735,269.966823950134
9,4400,1.8947574095454547,1.768092,0.7601502535978769,939.3412275725,897.419234,353.0656386550225,1049.1046413631818,1065.0120339999999,270.30590504814046
9,4500,1.895827279111111,1.7671074999999998,0.7595460412411548,939.629095298889,897.419234,352.99955407097576,1048.8689664515555,1064.669225,270.11280463141105
9,4600,1.8972377456521738,1.770261,0.7575929638249888,940.6432039373913,899.109803,352.4292552238743,1048.1537962606521,1063.83212,269.9623607444217
9,4700,1.8958055636170212,1.769794,0.7588309761531399,940.649171783617,899.109803,352.5062384902719,1048.40672458,1063.83212,270.24956644891887
9,4800,1.896069973333333,1.7703829999999998,0.7600331992992446,940.5267891345833,898.877751,352.30276623000526,1048.7006174314586,1064.233483,270.66589238487313
9,4900,1.8965999875510202,1.7699685,0.7586507862085642,940.254177194898,899.420175,351.5555123735991,1048.9085341961224,1064.359965,270.1585156109524
9,5000,1.895285613,1.769794,0.7592205551915363,939.8725412537999,899.109803,351.4052093995214,1049.4601157156,1064.4268769999999,270.2201532954305
10,100,1.8823748900000004,1.76061,0.7791797741968488,919.80461367,901.6622445,339.0142406911057,1063.74212929,1095.9361325,274.1012048716697
10,200,1.8316272500000002,1.745977,0.7127908585997892,917.0645297149999,842.9606575,339.7885146706909,1081.05432228,1099.313962,271.05847293751765
10,300,1.82467487,1.7052345,0.6930569625738229,913.4826190699998,852.3688035,340.09442829023357,1088.537505646667,1128.4028079999998,271.08531005617976
10,400,1.8433638875000002,1.73571,0.700719601217896,929.185963935,882.5631000000001,336.5007353539204,1070.6190985,1096.2835755,265.33524106313416
10,500,1.863817054,1.755986,0.7074874060198559,933.912935694,890.77459,337.2015464633943,1064.33879603,1075.5433095,261.9488280564439
10,600,1.865742495,1.7513695,0.7030869374861092,930.5576616883333,887.4077725,330.8004729317408,1058.731348205,1067.757263,257.3093047418855
10,700,1.8802863414285713,1.7595364999999998,0.7236075496624099,933.92862058,892.959337,331.9966827472981,1053.9654894885714,1067.757263,256.84407976595804
10,800,1.8677186525000002,1.750566,0.718232886697054,933.350577105,892.959337,331.81477376992217,1054.06248877375,1070.1570514999999,255.67675781847421
10,900,1.8734248055555554,1.7630045,0.7170916478133263,937.0132653177778,895.9026954999999,333.1424226184464,1050.4053879966666,1062.9814470000001,256.6712218842645
10,1000,1.8676178049999999,1.750712,0.72349411066387,936.4129843669999,895.7106269999999,337.5821627188097,1051.676889788,1064.5881945,259.7205729392295
10,1100,1.8638549109090912,1.750712,0.7173776469051902,935.7342295427272,895.9026954999999,337.59441484865545,1050.2372210400001,1062.337422,258.9739882252286
10,1200,1.8683422591666665,1.7562595,0.7152457909929516,936.4654379066666,895.9026954999999,337.0707744637267,1051.6386011908332,1065.624451,257.9762704276425
10,1300,1.8678555592307693,1.7583164999999998,0.7139551580730918,935.7919570715384,895.609236,338.3519392762457,1051.094403490769,1064.8172009999998,258.7252061252156
10,1400,1.869274855,1.7577435000000001,0.7193948639717206,936.2532076978572,892.959337,338.3708125252274,1049.933375727857,1063.7463585,257.59644969029904
10,1500,1.8710271313333333,1.7583164999999998,0.7216822931413134,937.3902857879999,895.609236,338.70484285457337,1049.8779273973335,1064.0794505,259.5769745449193
10,1600,1.8793912675000002,1.7630045,0.7234128941365663,940.4414812887501,899.834207,339.0947156735676,1048.48378295,1062.613257,258.90819221986425
10,1700,1.8762686199999998,1.7617265,0.7245253618192281,940.3497111370589,899.146434,340.3732582670868,1048.9056092205883,1063.7463585,259.45059987940084
10,1800,1.8744897677777776,1.760798,0.7239085383618346,938.5740162083333,899.146434,339.5346706933578,1048.9254894472222,1063.7463585,257.67542319699874
10,1900,1.8750202663157896,1.7617265,0.7222097270435417,937.8279434421053,896.1001054999999,340.8144629559104,1049.0646624489475,1064.3230945,258.3683231056963
10,2000,1.8747977200000001,1.7594175,0.7224234541766372,936.5015994949999,895.609236,338.3814479146057,1049.8726889529999,1064.4631855,257.1583921411375
10,2100,1.8732175509523812,1.7594175,0.7204403327491694,936.5471668838095,895.9026954999999,339.1697904426716,1051.1189953833334,1067.8320079999999,257.2720581469774
10,2200,1.875343922272727,1.760798,0.7181756840915516,936.4469960295454,896.1001054999999,336.7373219561453,1051.2342079663636,1066.8042175,256.2544704995998
10,2300,1.8794716139130436,1.7653315,0.717034785817564,938.5557646691306,899.3874475,336.67879949499763,1049.9257646213046,1064.2225965,256.00424719091114
10,2400,1.8806780404166668,1.7653315,0.7169768091481108,937.3283180279167,898.6978115,335.309009463223,1051.0784329191665,1064.8172009999998,256.05505307661355
10,2500,1.8810547544,1.7634765,0.7171115790569098,938.115033546,899.0539005,334.4258327627973,1050.4709999704,1064.4631855,255.44315302887946
10,2600,1.8840354892307691,1.7689085,0.7155757880716813,940.7977231603846,902.3287855000001,335.5477664742633,1048.9452039173077,1064.2225965,255.12221621915307
10,2700,1.8866959092592592,1.7714720000000002,0.7145420067200695,941.7857200559259,903.3704829999999,334.21824208814996,1048.205551198889,1062.8078974999999,253.62340128331462
10,2800,1.8915801424999998,1.7762419999999999,0.7172794917824755,942.2405659117856,904.0559095,334.5902865615881,1046.754131397857,1061.9230985,254.13639532627278
10,2900,1.8888112913793107,1.775403,0.7202853459984584,940.7167113872414,903.3704829999999,334.56728988254844,1048.2373810758622,1063.184547,254.43111165305305
10,3000,1.8889798126666668,1.775833,0.7195941273444666,940.2045862926667,903.3704829999999,333.52425272043723,1048.6010402196669,1063.184547,254.75078493455834
10,3100,1.8890710006451612,1.7748485,0.7179495018407289,940.1185832087098,904.4777154999999,332.825171929079,1048.6026946890322,1062.6020095,254.2105432566363
10,3200,1.8911175256250001,1.776071,0.7183371817709125,941.5273019975,906.099314,333.8047705396377,1047.56958721875,1061.705226,255.25727442008284
10,3300,1.889488463939394,1.7742905,0.7197340711675284,940.5298163575758,903.3704829999999,334.26630990047664,1047.8909110984848,1062.337422,254.95109923162545
10,3400,1.8906519567647058,1.7763395,0.7172716186213963,941.392162385,904.9318579999999,333.81671574714477,1047.6942632741177,1062.337422,254.82865549650523
10,3500,1.8930760577142856,1.7769154999999999,0.7174708419952054,941.9830736354286,907.623914,333.5472991843204,1047.0234778157142,1061.6872425000001,254.5181619478861
10,3600,1.8966894713888887,1.7843185,0.7159577397608768,943.6708181152777,908.9222175,333.33031760627733,1045.6574924116667,1060.0962385,254.87809166022723
10,3700,1.8967895978378377,1.7833705,0.7177750537509476,944.1376046159459,909.832591,333.3244720495802,1045.6290829127029,1059.9908925,255.04735147399097
10,3800,1.8982609660526315,1.7851724999999998,0.7192325978799429,944.5857603626316,910.2710475,333.4850391797946,1045.4496730710528,1059.5767445000001,255.8572559505628
10,3900,1.9000504094871793,1.7851724999999998,0.7194595683475696,944.4739652320513,910.699638,332.7074207993425,1045.4434289702565,1060.0962385,255.38940588988635
10,4000,1.9000231465,1.78592,0.7205923251977522,944.5893109025,911.1710905,332.9082531858565,1045.67942939775,1060.0962385,255.58362135229217
10,4100,1.8988178504878048,1.7843185,0.7233142491447807,943.7851137041464,909.832591,333.70573815926764,1046.3993896141462,1060.807898,255.91262313414285
10,4200,1.900821770952381,1.791558,0.7237553913858489,944.5863824428571,910.4742535,334.3136783215688,1045.8982360269047,1060.3118185,256.7592792510246
10,4300,1.9015312351162792,1.7950325,0.7250319615042229,944.3008275244185,910.8851010000001,334.0504843227725,1045.9225930634882,1060.3118185,257.4559267084813
10,4400,1.9028781527272725,1.796656,0.7251123046158221,943.8089965788637,910.699638,333.66721646194424,1046.140175145,1059.686307,257.5041986711357
10,4500,1.9008791302222219,1.7943255,0.7249742123966685,942.9661882837777,909.561772,333.59726298074673,1046.6921521660001,1059.9908925,257.4193434747066
10,4600,1.9002303143478259,1.7873315,0.7247700336014818,941.8884421813043,908.3457805,333.0069149291076,1047.2610428686955,1060.571175,256.8653323220285
10,4700,1.9003770827659576,1.7899345,0.7244131302053801,942.6307996012766,908.4833140000001,332.75818385192787,1046.7170415059575,1060.0962385,257.0599069574568
10,4800,1.8993985514583331,1.7873315,0.7246622018186882,942.1486107285418,908.562043,332.8748451103778,1047.0821372079167,1060.3118185,257.14031376945724
10,4900,1.9015165093877555,1.7937385,0.7259008998789587,943.74065894,910.140472,333.1201480342753,1045.9842292944898,1059.3985465,257.16412328624693
10,5000,1.9041269231999998,1.7972545000000002,0.7250522317269115,944.3242940973998,910.565218,332.8624348338277,1045.2741893971997,1059.3693895000001,256.65017432345195
15,100,2.01210936,1.9154464999999998,0.6579965036071719,985.24351559,989.370903,243.1882835712696,1005.3655703100002,1008.443085,181.89233264846695
15,200,2.037371155,1.9314105000000001,0.6272480518940136,1002.786182115,992.5954035,265.2368872257116,999.266323165,999.4291825,198.28364955557993
15,300,2.022508246666667,1.9065265,0.6154656003287532,1001.9236691499998,993.736495,259.75290187193804,999.1607769166667,997.017146,197.63517218042276
15,400,1.9839933175,1.878027,0.6166843517828318,986.6367243175,981.8080195,266.82167275892454,1014.7704311374999,1019.5027405,199.7130574626964
15,500,1.9792818980000002,1.8734834999999999,0.6214099024002803,984.641049532,976.73668,264.6717670868535,1016.389513968,1023.8204479999999,201.1928379454214
15,600,1.97693261,1.8549894999999998,0.6268705197522974,982.8033806166668,969.2878555,263.6010410833696,1015.0875198216667,1023.1560675000001,200.41377825657145
15,700,1.9742647685714285,1.8504975,0.6230807571293759,979.1760441142856,964.825214,265.7759553194568,1017.4914524457143,1026.1319145,200.2756557124054
15,800,1.96900919,1.846912,0.6257601838543906,975.28789813625,961.539822,263.94475627458047,1018.93576283375,1027.0900145,201.0808837766951
15,900,1.9684504177777777,1.843531,0.6205868447680846,971.2949949688889,951.424942,265.70188020863236,1023.045532511111,1029.3012915,202.8159911996765
15,1000,1.972564259,1.8513815,0.6244085187863895,972.9996395620001,951.424942,267.18998394542166,1022.0074680710001,1029.170171,202.6116958638935
15,1100,1.9759198936363638,1.870763,0.6197569906288798,972.4094978536363,951.890259,266.1787814448448,1022.1633898163637,1028.196222,201.86976810009477
15,1200,1.9766953941666665,1.8670425000000002,0.6252738752025436,971.8195918816666,951.8142379999999,265.76167977685844,1024.6691448691665,1029.6182755,203.805298343888
15,1300,1.9729235653846158,1.862451,0.62844594373357,972.7958908446154,951.404577,268.702557179327,1025.002319143846,1031.88267,205.2732775959659
15,1400,1.9744211742857143,1.8600690000000002,0.631050314061595,971.4321333892856,950.0173755,269.6056318058044,1026.1985275835714,1033.8337609999999,205.88719773772138
15,1500,1.968991702,1.8513815,0.6276562217713143,969.9049942366667,950.3162629999999,268.2986384176645,1027.1016347813334,1031.0940504999999,205.6277049191169
15,1600,1.9699200737499998,1.8583615,0.6269972880391159,971.982464664375,952.0243175,268.1159932263292,1026.211496123125,1029.6989345000002,204.95068422274235
15,1700,1.9742167358823526,1.8638905000000001,0.6286179180950524,975.2420281094118,952.038908,270.49605870749957,1023.3051342835294,1028.1052049999998,206.55053592684908
15,1800,1.9775787005555556,1.8676325,0.6340481411170894,975.0864404433333,951.890259,272.7155549891317,1022.5212305133333,1027.22585,208.36209153590352
15,1900,1.977012387894737,1.8698815,0.6328791045066491,976.1998758784209,953.9263725,272.9483925680636,1022.144985783158,1027.22585,208.89488119286756
15,2000,1.9727744004999999,1.8698815,0.6300871736124284,973.887825408,952.5552515,272.4459809386034,1023.280179728,1029.170171,208.42788619349457
15,2100,1.975332950952381,1.8688265,0.6378910264700803,972.9626853104763,951.9605055,272.74620718565666,1024.0818253161904,1031.88267,209.61232201150662
15,2200,1.9736653740909094,1.8677350000000001,0.6367003902190532,973.7838358290909,953.016246,272.46071657876087,1023.598887695,1030.650181,208.6229580033754
15,2300,1.9810859278260866,1.874938,0.640161867254918,975.2822663091305,954.9574005,273.0061413107154,1022.3012675526088,1028.5633109999999,209.67847960497195
15,2400,1.9783882333333334,1.873811,0.6369049461075947,975.0948235425,954.7222455,272.98012170922607,1022.5030565279168,1028.1052049999998,209.03343264083387
15,2500,1.9792610508000001,1.874845,0.6349993144537917,974.8846987244001,954.4615610000001,272.82315076507575,1022.6319231271999,1027.678139,208.90721008083284
15,2600,1.9769782411538466,1.8729985,0.6368599126060807,974.2425027226924,954.1857239999999,271.8583989130084,1023.0893072573077,1029.170171,208.2285283849419
15,2700,1.9746394837037036,1.8688265,0.6358761047448449,973.1681909318519,952.3937275000001,271.3857608408504,1024.32986255,1031.5165315,208.31387808889846
15,2800,1.9768204339285713,1.867886,0.6376575271445911,973.3558128471428,952.3937275000001,271.72050428659713,1023.8259617396427,1030.650181,208.8378222572559
15,2900,1.9778841868965518,1.8688265,0.6387476046003713,974.3460613634483,952.892427,272.26202844987824,1023.703166334138,1030.185869,209.47925094795102
15,3000,1.981669883,1.8716685,0.6394638524720931,974.9204864713332,954.2692045,271.37356091732664,1022.8483734276667,1028.5633109999999,208.70887549221433
15,3100,1.9825892574193547,1.8721815,0.6401241851595004,975.3002692580645,954.348229,271.179512186878,1022.3962170603226,1028.108269,209.12906492006698
15,3200,1.98531976875,1.874655,0.6403024823275669,977.236157105625,954.9992645,271.26092286016234,1020.7714734315625,1026.6207385,209.13618878620795
15,3300,1.986806983939394,1.8764129999999999,0.6392010692708452,978.7197649484849,957.2992205,271.1721504707774,1020.0033398651515,1026.6207385,208.90404111431482
15,3400,1.9855934058823528,1.8761915,0.6394790515742266,979.3157052164705,957.8650614999999,271.53477450676064,1019.8891851832353,1026.6207385,209.61054128966776
15,3500,1.9886003594285713,1.881858,0.6400033319447187,978.859602059143,957.972903,270.7392687430835,1019.6818388139999,1025.887544,209.16812425682173
15,3600,1.9879985816666668,1.8813545,0.6389932570261526,978.9059414083332,957.972903,270.5174248939591,1019.3921414555555,1026.256183,208.56546524577362
15,3700,1.9903074805405407,1.8786505,0.6403855675819924,979.1730954205406,956.84217,271.6573172513776,1018.9365117672972,1026.4786245,209.23643950725932
15,3800,1.9891591592105262,1.8813545,0.6394470292696183,977.9613475626315,954.948844,271.3862621567203,1019.7987844584211,1027.005018,208.72477457441758
15,3900,1.9878215146153846,1.8813545,0.6384380390181107,976.5347985520513,954.348229,271.75322548683766,1020.7846653910257,1027.617623,208.9886559377906
15,4000,1.9906440319999998,1.8825545,0.6401474948324051,978.3758331145001,955.8631705,272.50545928417796,1019.7366420585,1026.7301575000001,209.72093506474312
15,4100,1.989953161707317,1.883154,0.639958340256131,978.2440283914634,954.948844,273.1019587384697,1019.7207537151219,1026.9145005,209.8730942724017
15,4200,1.9890473883333333,1.8828925,0.6394506740162814,977.8233493411905,954.4301755,273.0318109221784,1019.7329643490476,1027.005018,209.8103788416001
15,4300,1.98686326372093,1.8786505,0.6395541246623455,976.8330401086047,954.06381,272.79859650108835,1020.5360517776744,1027.6755835,209.93686182482895
15,4400,1.9857494765909092,1.8762759999999998,0.6374629723318195,977.0143752095455,954.2692045,272.13890371529754,1020.7162624038638,1027.977323,209.48562482406052
15,4500,1.9862615864444446,1.8769555,0.638677317639942,977.0198276248889,954.2692045,271.97939065656004,1020.7395277262223,1027.7355605,209.33618623338052
15,4600,1.9870416521739132,1.881858,0.6384123163953297,977.6595332669566,954.9992645,272.14560727731464,1020.5105047280434,1027.091923,209.57009610290683
15,4700,1.9853085525531915,1.8769555,0.6373372406606863,976.4305522095744,954.4301755,271.964177851603,1021.2275500895745,1027.5792065,209.28101182285968
15,4800,1.9852379685416668,1.8825545,0.6358111882789229,976.1722944108333,954.518422,271.7632686809775,1021.05140654375,1027.0313695,209.001988376789
15,4900,1.9864324402040814,1.8825545,0.6357304628643936,976.4312719461223,954.4301755,272.0454339600263,1020.5571494987755,1026.6207385,209.4342698966925
15,5000,1.985638116,1.879103,0.63570180739049,976.4801157439999,954.06381,272.1076393810251,1020.4621335656001,1026.5179245,209.60066275293846
20,100,1.8895807199999999,1.7957095,0.5778159187150059,925.1497444299998,917.1835245,208.45180366171726,1065.4600221,1088.1035335000001,157.11454753162212
20,200,1.95881181,1.8752195,0.583444475693265,967.03038666,951.996763,229.67239622692125,1036.371988205,1049.5746185,175.01629465342688
20,300,1.9440722633333336,1.8431205,0.5778268116720305,971.8391702766668,954.270344,234.42833179217837,1036.0531459966667,1048.4405179999999,180.86103668780405
20,400,1.9648985775,1.8858415000000002,0.5847113644206993,974.94826704,962.237343,236.05665114437238,1031.19662161,1031.233624,181.4990990989096
20,500,1.9649342439999997,1.886181,0.5730778998750894,972.4258274020001,958.83044,233.9885162010586,1027.66287186,1030.82399,177.45850019305576
20,600,1.9674878366666666,1.886181,0.5629289197434663,973.35913156,955.3169725,234.09537888377423,1025.8256983416668,1030.017613,176.61254674132175
20,700,1.981432162857143,1.889697,0.5618976439784995,974.4233959414285,955.3169725,232.80639225211053,1023.9141326185714,1026.1850555,175.8657075739653
20,800,1.99145465,1.9046715,0.5651973732787348,980.47207824,959.9680510000001,234.1568774620715,1018.09770692,1020.15377,177.038300370778
20,900,1.9903130900000001,1.9046715,0.5678501571920935,981.3691919055556,959.794352,233.47552149484505,1017.1998689566666,1020.8154985,176.85311586433497
20,1000,1.9850340729999998,1.8997625,0.5641445366984815,976.725859919,958.5227004999999,234.3397015275728,1020.247608161,1024.2580975,179.07796956648772
20,1100,1.995128910909091,1.9075039999999999,0.5682593806123135,977.4881602872726,958.250025,232.1990627469832,1019.4163401372726,1023.4501045,178.25570603449228
20,1200,1.9939058358333333,1.909771,0.5658026857538596,975.379766905,958.0010615,230.83758274549018,1019.6358732366666,1023.5671950000001,177.7203983133052
20,1300,1.9923699323076922,1.9056405,0.5683029099280748,975.4729709669231,956.0768485,233.35504741574803,1020.491130836923,1025.7960975,179.52905206550102
20,1400,1.9965747228571429,1.91474,0.5709120746290096,975.4939704214285,958.250025,233.0559839350813,1020.5441168428572,1024.7170755,180.13296397839724
20,1500,1.9999489193333333,1.918485,0.5731472727625285,976.8374545973335,958.870705,233.17523202592895,1019.6437831293332,1023.467476,180.8720878535106
20,1600,2.00184744875,1.918485,0.5737084007416143,980.138452575,960.267803,233.3611178085409,1017.4930588362499,1021.50692,181.10826222419396
20,1700,2.0041543388235294,1.916857,0.5762283647984412,980.5931296394117,960.517947,233.5961459932728,1016.8904558752942,1021.835426,181.02988619418218
20,1800,2.0060847183333332,1.923133,0.5756030819819831,982.271476271111,961.0392845,233.6603299874326,1015.592077735,1020.0164565,180.986845407027
20,1900,2.0027368710526314,1.9229205,0.5728264022974465,981.5279429736843,959.9680510000001,233.4164153623232,1016.7981287657896,1021.1523935,180.68982179982464
20,2000,1.9973319305,1.9190405,0.5702047403921959,980.1461731429999,959.3880300000001,232.95883040587472,1017.5966689085001,1021.6272675,180.4232138927587
20,2100,1.9994676966666667,1.923133,0.5722695681546914,981.1777225514286,960.470395,233.37426297134922,1017.1834252514284,1021.1523935,180.28225902243764
20,2200,1.9984536377272728,1.9232965000000002,0.5726909575973947,981.9924370563635,961.769228,232.95849784247642,1016.6347524909091,1021.3694725,179.84739847127895
20,2300,1.9968919730434782,1.91876,0.5721522860225806,981.7432943391306,960.517947,232.80102789596953,1017.0345466095655,1022.4359425,179.36306116937865
20,2400,1.99894463125,1.9215740000000001,0.5752935552590358,983.1473955516667,961.981264,232.79702244209545,1015.6755655058333,1021.50692,179.4880477599287
20,2500,2.0013100372,1.923133,0.5774108569099563,983.6862424460002,962.548814,233.12738741349028,1014.8288999432,1021.2236685,180.14800668051953
20,2600,1.9974426496153843,1.916055,0.5770984856080715,981.9327598903845,962.237343,232.9171830607726,1015.65782955,1021.6763165,179.75079686986484
20,2700,1.9983679029629628,1.916055,0.5786428063472229,982.1259072655556,962.14913,234.00641526899486,1015.3884355622221,1021.824779,179.97808403498274
20,2800,1.9975032710714287,1.91474,0.5778046896466694,981.873930120357,961.981264,234.31358674770325,1015.9253624289287,1022.0488789999999,180.1279090808098
20,2900,2.001129967931034,1.916857,0.5807472162950698,983.8726041251724,963.870467,235.55036318147407,1014.8171930172413,1021.50692,181.0985033172335
20,3000,2.0019265296666666,1.9177875,0.5794683119205805,983.743449581,965.548366,234.7363732749377,1014.5940548446666,1021.2236685,180.6410862746547
20,3100,2.003825516451613,1.9229205,0.5789768338756544,984.1509293890324,966.540299,234.48519537730664,1013.9007957448387,1020.2470095,180.53525349458687
20,3200,2.0014631075,1.9209390000000002,0.5785302343060201,983.9223542415624,965.727208,235.2547353806693,1014.1461889953125,1020.0164565,180.86038885384923
20,3300,2.0019268457575756,1.9199765,0.578091314673445,984.3386317736364,965.8036285000001,236.08668955110275,1013.7590887215152,1020.0164565,181.02985313570878
20,3400,2.0006597673529414,1.9195045,0.5769507044732355,983.8043143538235,963.870467,236.22575727061286,1013.5672665011765,1019.1633415,180.80577363204532
20,3500,2.0028985774285717,1.9199765,0.5763042640734382,985.0300529565712,965.8036285000001,235.69647796996153,1012.3882770357143,1018.841076,180.41535962795228
20,3600,2.0043947591666664,1.923133,0.5767414611484878,985.3758062841667,966.1125455,236.00711763342255,1012.3714030533333,1018.6746430000001,180.37312403769184
20,3700,2.0023058710810813,1.91876,0.5754284344963077,984.8796863562163,965.727208,235.80708383802613,1012.5608498983784,1018.841076,180.20695547006727
20,3800,2.0042228284210526,1.9209390000000002,0.5766669519026597,985.5726587865789,966.572885,236.07617750208328,1011.8038495878949,1018.0204025,180.202555122067
20,3900,2.0068678646153844,1.9235705,0.576844149125172,986.6284442428206,969.0458980000001,236.20155300737713,1010.9381966428206,1017.2344244999999,180.4585384742048
20,4000,2.00599923575,1.9234115,0.5765120828402895,986.262872848,967.0990395,236.5153121370152,1010.87272483075,1017.059201,180.46130073309942
20,4100,2.006052897073171,1.923807,0.5767440581320573,985.9675201360975,965.548366,236.86113723098876,1011.1498422002439,1017.258145,180.58624360148653
20,4200,2.0076982278571434,1.9261115,0.5755501694476124,986.9811764716668,968.1470885,236.63411355574263,1010.5346841480952,1016.850565,180.37899859685737
20,4300,2.0071747302325584,1.9262415000000002,0.5741823636863153,987.2530336393024,968.2943534999999,236.3355005912095,1010.2405132718606,1015.100396,180.14982233747236
20,4400,2.005250954318182,1.925124,0.5757750731893776,986.3822483497727,968.1184805,236.1206680508253,1011.1689038759091,1016.2967209999999,179.87772891176564
20,4500,2.0058609753333334,1.925468,0.5746016849506448,986.5229580077777,969.1679795,235.69026183892382,1011.0787643948888,1016.4610765,179.5323613057013
20,4600,2.005323845652174,1.9248135,0.5741915586967916,985.7933206013043,967.6148435,235.08293811291364,1011.604408826087,1016.6191954999999,179.24451542987535
20,4700,2.0049725438297874,1.9241705,0.5740213400475549,985.0960333034044,966.1125455,234.9747801593893,1011.7606672574469,1016.4610765,178.9290199641614
20,4800,2.005223018125,1.9245855,0.5723184370341717,985.3660968177082,966.1125455,234.5454480602208,1011.371009371875,1015.463499,178.40967880853728
20,4900,2.0058397010204083,1.9235705,0.5727426138158769,985.8098810957142,966.4431845,234.77093683020615,1010.9051641293877,1015.1513170000001,178.50678820214083
20,5000,2.0064843758000004,1.923807,0.5728927515511777,986.7944819405999,967.0990395,234.8874735286087,1010.1918563186001,1014.198838,178.687493686845
30,100,2.0285272400000003,1.962624,0.45513895913475155,967.6655128900003,949.779106,171.67146406825827,1011.82009154,1021.1667835000001,131.12394721454527
30,200,2.02392658,1.9476935,0.4516061818288627,974.1549621400002,963.0434255,172.4516373755904,1011.5427278450001,1008.6093995,132.9813507340501
30,300,2.0401998933333334,1.9747664999999999,0.4707974549911911,978.3331415466665,965.22648,178.4836116191562,1007.4476165466666,1007.796688,134.79019966150625
30,400,2.0229797124999997,1.9572145,0.4758101602067834,982.3457511850002,974.6351935,181.72526473655435,1007.0186428525001,1007.796688,136.4250925854882
30,500,2.0156866960000004,1.9491235,0.4654193881881614,982.15252509,973.1636745000001,180.06521198362947,1008.8415296080001,1008.9886805,133.3957617756983
30,600,2.016057765,1.9572145,0.4726515044256986,985.9923484383334,979.412809,184.26746000923987,1006.0905898583333,1008.460068,136.32651566963438
30,700,2.012701137142857,1.9526745,0.47186058523525687,984.8721857057143,974.8718530000001,185.31948886510176,1008.1069010628572,1009.5429655,137.78487582696593
30,800,2.0177602524999996,1.9674445,0.46478900086337377,987.12105857125,979.412809,186.67518030629319,1007.92805881,1010.250245,137.62244965951433
30,900,2.0279563244444443,1.976934,0.46749303808379156,991.1782559977778,983.2906855,187.18071047676162,1004.7178369544444,1007.796688,138.6520906852265
30,1000,2.020740686,1.9747664999999999,0.47037246328968774,989.674820758,977.9364525000001,189.94842410005302,1007.4544402900001,1012.3995605,140.40339704649872
30,1100,2.020269257272727,1.9663065,0.4749750574601648,990.1110925854546,976.2115040000001,192.58050249994722,1007.8458937918183,1013.35092,142.03433806720702
30,1200,2.0172535849999997,1.9616539999999998,0.4748543144962981,989.4067145416666,976.5971415,192.34933997038783,1008.9869836316665,1013.593593,142.51098554423797
30,1300,2.0231949292307694,1.970822,0.47476563008786543,990.0818002346155,981.22754,190.7536059710928,1008.4437238646153,1011.6405990000001,141.98901027321347
30,1400,2.020568284285714,1.967463,0.4721514243167918,989.5143384235713,981.4959484999999,190.13111660754333,1008.5002923571428,1010.0207565000001,141.93796582594211
30,1500,2.0285868786666668,1.9783110000000002,0.47056360383746665,993.0318818686667,986.606944,189.96221954930394,1006.824084598,1008.975155,142.28878266598542
30,1600,2.02562730375,1.9754464999999999,0.4714346507310095,991.177402361875,983.8288144999999,190.83135264830787,1008.1782116775,1010.0207565000001,142.90847564989932
30,1700,2.0237188170588234,1.9684805,0.47320793868085637,991.1463666876472,982.0431795,190.83804872715223,1008.4385473029412,1010.9193435,143.04027733328914
30,1800,2.027593502777778,1.9711325,0.4782530803157231,992.349065168889,983.3968675,191.3860669650532,1007.266771688889,1009.264962,143.66898901019727
30,1900,2.029556407368421,1.9752115,0.47724297416492295,993.327868571579,985.1216995,190.01016331397383,1005.9201331047368,1008.1771245,142.82875098731063
30,2000,2.0258337149999996,1.97004,0.4763987844576633,992.098412247,982.817444,189.45783444785118,1006.6759114600001,1008.676091,142.53179690373685
30,2100,2.022649282857143,1.967463,0.47449345936255305,990.6986429295239,981.0428075,189.5703657953678,1006.9705275195238,1008.46681,141.9706250779955
30,2200,2.0216840386363635,1.9681635,0.47454429655586206,990.5458070604545,980.7836179999999,189.666683500699,1007.362028479091,1008.676091,142.2854017374077
30,2300,2.022320856956522,1.970822,0.4736596953005075,991.1163982978261,982.3637165,189.91899085058432,1007.1597355613044,1008.049343,142.54188444444935
30,2400,2.0200411608333333,1.967363,0.47307524345475943,989.3660210537499,980.086308,189.86146239401674,1007.6433458533332,1008.5392615000001,141.97901380745492
30,2500,2.0199468763999997,1.9689455,0.4731969503364519,989.2460650648,979.5656409999999,190.11068981106988,1007.684001054,1008.9634905,142.03355677631635
30,2600,2.020015196538462,1.9689455,0.47303599836721966,989.9419841342308,980.1583345,189.8376926860304,1007.7296165834614,1008.831809,141.72715737608667
30,2700,2.0188166611111114,1.9660465,0.47252639320088874,989.2048768199999,979.439497,189.39526450888397,1007.8079168885185,1008.831809,141.80162514845998
30,2800,2.0202666778571423,1.9663780000000002,0.47296177104908027,989.3830377649999,980.1583345,189.69241917304907,1007.2911408157142,1008.831809,141.5847909656353
30,2900,2.0209780237931034,1.967976,0.4734458684725931,989.4028452689654,980.3911575,189.69286890863506,1006.7733466513794,1008.323308,141.3813806514691
30,3000,2.019078989,1.9681454999999999,0.474069022066278,988.5935351283333,979.7016005,189.87801568938116,1007.0125642406667,1008.1771245,141.7975151369272
30,3100,2.0180678687096774,1.9672465,0.47352657881027443,988.1066582958064,980.2476240000001,189.55974316630758,1007.3807175796775,1008.46681,141.76091538720684
30,3200,2.01799551125,1.967824,0.4732801299849792,988.3908052925,979.7016005,189.40383452221843,1007.0269617753125,1008.46681,141.33986550765312
30,3300,2.0216400836363637,1.970048,0.47451043417514077,989.1683369857575,979.895739,190.2588762811008,1006.1609702154545,1007.6233685,141.7416222170741
30,3400,2.0244209264705884,1.9710874999999999,0.4769541998940175,990.4325787370589,981.0791845,189.90168238207292,1005.3650332294117,1006.3158384999999,141.62744074611885
30,3500,2.022758724857143,1.967976,0.4773949411709733,990.1540764317143,980.7836179999999,189.23276827746574,1005.9685543651428,1007.1934739999999,141.24808453009857
30,3600,2.0237373727777777,1.9672465,0.47743995588401256,990.6621702444445,980.2476240000001,189.60678374935674,1005.5742698847223,1007.4643205,141.54395520957453
30,3700,2.0233275524324323,1.9681454999999999,0.47681395487445394,990.5348199421621,980.2476240000001,190.02665875027054,1005.5675001427028,1007.1934739999999,141.6135384717443
30,3800,2.023172257894737,1.967824,0.4780468906754187,990.2443704805263,979.895739,190.23974657959346,1005.9381471099999,1007.6233685,141.87195267385982
30,3900,2.022256041025641,1.966738,0.47826169152355485,990.0508877043591,979.654489,190.11553256322233,1006.2403615530769,1007.796688,141.79049707805947
30,4000,2.02125271375,1.9636345,0.4782792996985782,989.98305219275,980.1583345,189.82440545860575,1006.496271971,1008.088436,141.779110639218
30,4100,2.021813614390244,1.9624945,0.47913014438276796,990.0066574404879,980.6090735,189.7981686864013,1006.5233840009756,1007.700694,142.17049968218214
30,4200,2.0233792745238093,1.9660465,0.4814628445314389,990.3070056897619,981.174207,189.63278578948254,1006.2850807619049,1007.1934739999999,142.32937315575472
30,4300,2.0240426441860464,1.9665365000000001,0.4805999322405848,990.6079505776744,981.095532,189.3910200877697,1006.2474998151165,1006.9040365,142.33927080041065
30,4400,2.0249867720454544,1.967976,0.4795405573313382,990.9315622897727,981.907948,188.92499742098204,1005.9098256445455,1006.524796,141.97110789145918
30,4500,2.0248653664444443,1.9697035,0.4775923575299536,990.8224198253333,981.7451545,188.45939060286136,1006.054892240889,1006.2410815000001,141.74422350087517
30,4600,2.0247508197826085,1.9689455,0.47836425334948524,990.7963074286956,981.7896195000001,188.5257117442964,1006.0481299534782,1005.858552,141.63354402787525
30,4700,2.0258742276595743,1.9709685000000001,0.47868994636232914,991.1622894942552,982.0069755,188.4992464909284,1005.6792463161701,1005.3393035,141.43831055153223
30,4800,2.0264309762499995,1.9713205,0.4780201198470777,991.3135681212499,982.482827,188.24479103265185,1005.5748199991666,1004.731299,141.40732826793794
30,4900,2.027352530408163,1.974238,0.47895580235319785,991.4546056342858,983.4015945000001,188.6034922457765,1005.2350102136736,1004.05129,141.78338849043038
30,5000,2.0267360462,1.9730345,0.4789124519719107,990.726916858,981.9477710000001,188.39261583623585,1005.7279615420001,1004.6149565000001,141.70024127451347
