beta_true,eta_true,sample_size,offset_value,sim_id,est_beta,est_eta,est_gamma,bias_beta,bias_eta,bias_gamma,r_squared
5,1000,30,0.15,1,3.255024,813.847647,1201.939293,-1.744976,-186.152353,201.939293,0.977875
5,1000,30,0.15,2,3.736258,750.943877,1318.434134,-1.263742,-249.056123,318.434134,0.930893
5,1000,30,0.15,3,2.838386,723.895529,1189.928750,-2.161614,-276.104471,189.928750,0.978446
5,1000,30,0.15,4,2.474074,726.906825,1251.207833,-2.525926,-273.093175,251.207833,0.974224
5,1000,30,0.15,5,4.330579,1014.279563,1029.259551,-0.669421,14.279563,29.259551,0.781638
5,1000,30,0.15,6,2.115718,442.990396,1569.714448,-2.884282,-557.009604,569.714448,0.966713
5,1000,30,0.15,7,3.498362,807.857431,1140.138571,-1.501638,-192.142569,140.138571,0.940482
5,1000,30,0.15,8,2.060603,463.498736,1454.979650,-2.939397,-536.501264,454.979650,0.990839
5,1000,30,0.15,9,3.640306,586.827653,1410.325111,-1.359694,-413.172347,410.325111,0.865245
5,1000,30,0.15,10,2.664729,713.645576,1256.113506,-2.335271,-286.354424,256.113506,0.968465
5,1000,30,0.15,11,3.384426,772.576056,1236.410322,-1.615574,-227.423944,236.410322,0.909638
5,1000,30,0.15,12,2.811930,739.778035,1313.157818,-2.188070,-260.221965,313.157818,0.966498
5,1000,30,0.15,13,3.972354,799.906231,1240.712003,-1.027646,-200.093769,240.712003,0.894536
5,1000,30,0.15,14,3.823091,853.590113,1084.521079,-1.176909,-146.409887,84.521079,0.882559
5,1000,30,0.15,15,4.014318,683.313071,1323.176343,-0.985682,-316.686929,323.176343,0.801078
5,1000,30,0.15,16,3.699127,777.985315,1243.894613,-1.300873,-222.014685,243.894613,0.874020
5,1000,30,0.15,17,2.977226,663.736803,1367.551316,-2.022774,-336.263197,367.551316,0.976669
5,1000,30,0.15,18,3.454101,950.336047,975.481342,-1.545899,-49.663953,-24.518658,0.933531
5,1000,30,0.15,19,3.157619,633.620477,1357.919533,-1.842381,-366.379523,357.919533,0.882473
5,1000,30,0.15,20,4.307955,697.070361,1297.129804,-0.692045,-302.929639,297.129804,0.764467
5,1000,30,0.15,21,3.856713,885.275060,1031.707126,-1.143287,-114.724940,31.707126,0.908999
5,1000,30,0.15,22,2.711057,601.123658,1381.893348,-2.288943,-398.876342,381.893348,0.975012
5,1000,30,0.15,23,4.625860,766.100327,1229.572343,-0.374140,-233.899673,229.572343,0.523901
5,1000,30,0.15,24,3.117056,804.719649,1120.689521,-1.882944,-195.280351,120.689521,0.941647
5,1000,30,0.15,25,3.298743,674.579939,1358.115898,-1.701257,-325.420061,358.115898,0.963243
5,1000,30,0.15,26,2.200389,528.643849,1356.798599,-2.799611,-471.356151,356.798599,0.969620
5,1000,30,0.15,27,2.355171,432.343219,1627.956531,-2.644829,-567.656781,627.956531,0.990660
5,1000,30,0.15,28,3.680579,778.851387,1223.174504,-1.319421,-221.148613,223.174504,0.916249
5,1000,30,0.15,29,2.930993,784.317115,1188.976228,-2.069007,-215.682885,188.976228,0.965221
5,1000,30,0.15,30,4.966142,659.920905,1311.860740,-0.033858,-340.079095,311.860740,-0.391745
5,1000,30,0.15,31,2.722960,648.765617,1312.210603,-2.277040,-351.234383,312.210603,0.966689
5,1000,30,0.15,32,2.213464,560.956406,1425.145899,-2.786536,-439.043594,425.145899,0.973270
5,1000,30,0.15,33,3.256270,712.170581,1188.020075,-1.743730,-287.829419,188.020075,0.969135
5,1000,30,0.15,34,5.148407,852.796606,1121.848969,0.148407,-147.203394,121.848969,0.068680
5,1000,30,0.15,35,2.688697,724.016022,1229.192656,-2.311303,-275.983978,229.192656,0.960664
5,1000,30,0.15,36,2.666605,802.289298,1195.927712,-2.333395,-197.710702,195.927712,0.962170
5,1000,30,0.15,37,3.383322,949.156482,1069.067645,-1.616678,-50.843518,69.067645,0.956651
5,1000,30,0.15,38,3.967608,939.562652,1060.942637,-1.032392,-60.437348,60.942637,0.894993
5,1000,30,0.15,39,2.946886,714.342144,1225.170387,-2.053114,-285.657856,225.170387,0.939242
5,1000,30,0.15,40,3.836595,932.954265,1060.625772,-1.163405,-67.045735,60.625772,0.861716
5,1000,30,0.15,41,1.951691,381.059994,1644.792303,-3.048309,-618.940006,644.792303,0.990622
5,1000,30,0.15,42,3.103900,697.321477,1330.344927,-1.896100,-302.678523,330.344927,0.977773
5,1000,30,0.15,43,1.820011,522.154469,1428.941541,-3.179989,-477.845531,428.941541,0.955195
5,1000,30,0.15,44,2.082846,412.545152,1494.475642,-2.917154,-587.454848,494.475642,0.985992
5,1000,30,0.15,45,2.872479,524.689054,1444.544439,-2.127521,-475.310946,444.544439,0.933778
5,1000,30,0.15,46,2.565682,649.174344,1393.092920,-2.434318,-350.825656,393.092920,0.988005
5,1000,30,0.15,47,2.544713,652.182910,1455.372293,-2.455287,-347.817090,455.372293,0.972996
5,1000,30,0.15,48,3.551521,844.144323,1219.617767,-1.448479,-155.855677,219.617767,0.950835
5,1000,30,0.15,49,4.249039,725.299638,1271.528778,-0.750961,-274.700362,271.528778,0.788193
5,1000,30,0.15,50,2.616210,680.368613,1279.184609,-2.383790,-319.631387,279.184609,0.972569
5,1000,30,0.15,51,2.739614,700.181796,1297.007625,-2.260386,-299.818204,297.007625,0.962545
5,1000,30,0.15,52,3.311218,637.859872,1368.150072,-1.688782,-362.140128,368.150072,0.930205
5,1000,30,0.15,53,2.836610,661.826576,1332.203895,-2.163390,-338.173424,332.203895,0.975474
5,1000,30,0.15,54,3.129563,734.059489,1215.170393,-1.870437,-265.940511,215.170393,0.962949
5,1000,30,0.15,55,2.732108,692.906549,1292.571584,-2.267892,-307.093451,292.571584,0.957543
5,1000,30,0.15,56,2.773086,683.956616,1281.586359,-2.226914,-316.043384,281.586359,0.934788
5,1000,30,0.15,57,3.487381,763.874427,1196.841999,-1.512619,-236.125573,196.841999,0.900140
5,1000,30,0.15,58,3.302335,711.641727,1236.704496,-1.697665,-288.358273,236.704496,0.954482
5,1000,30,0.15,59,2.737808,539.834566,1450.472951,-2.262192,-460.165434,450.472951,0.978360
5,1000,30,0.15,60,2.967527,719.046819,1247.819763,-2.032473,-280.953181,247.819763,0.980219
5,1000,30,0.15,61,3.048832,715.986179,1281.440263,-1.951168,-284.013821,281.440263,0.961187
5,1000,30,0.15,62,2.742587,595.915333,1383.526372,-2.257413,-404.084667,383.526372,0.946080
5,1000,30,0.15,63,2.293696,358.642830,1581.359662,-2.706304,-641.357170,581.359662,0.963993
5,1000,30,0.15,64,4.095788,1004.617821,992.405095,-0.904212,4.617821,-7.594905,0.806636
5,1000,30,0.15,65,2.667660,723.964604,1255.519301,-2.332340,-276.035396,255.519301,0.980368
5,1000,30,0.15,66,1.685024,398.658327,1565.704881,-3.314976,-601.341673,565.704881,0.978430
5,1000,30,0.15,67,3.249202,674.436057,1283.733244,-1.750798,-325.563943,283.733244,0.951753
5,1000,30,0.15,68,3.767577,904.601251,1100.555107,-1.232423,-95.398749,100.555107,0.920448
5,1000,30,0.15,69,3.491773,900.676479,1104.517188,-1.508227,-99.323521,104.517188,0.961374
5,1000,30,0.15,70,3.844131,736.529199,1250.711757,-1.155869,-263.470801,250.711757,0.897614
5,1000,30,0.15,71,4.030019,578.683396,1447.648230,-0.969981,-421.316604,447.648230,0.893343
5,1000,30,0.15,72,4.011572,802.410887,1178.268748,-0.988428,-197.589113,178.268748,0.803489
5,1000,30,0.15,73,2.940590,640.819790,1317.937694,-2.059410,-359.180210,317.937694,0.971784
5,1000,30,0.15,74,3.214272,850.851193,1126.994396,-1.785728,-149.148807,126.994396,0.958230
5,1000,30,0.15,75,3.305992,881.751778,1124.801949,-1.694008,-118.248222,124.801949,0.977330
5,1000,30,0.15,76,2.065394,433.055855,1580.154506,-2.934606,-566.944145,580.154506,0.938038
5,1000,30,0.15,77,3.652410,741.809541,1213.988866,-1.347590,-258.190459,213.988866,0.885659
5,1000,30,0.15,78,2.773892,627.093402,1276.094721,-2.226108,-372.906598,276.094721,0.974144
5,1000,30,0.15,79,4.775234,879.150341,1094.045785,-0.224766,-120.849659,94.045785,0.390493
5,1000,30,0.15,80,3.402730,847.834856,1143.950572,-1.597270,-152.165144,143.950572,0.931575
5,1000,30,0.15,81,3.535678,816.217599,1164.864742,-1.464322,-183.782401,164.864742,0.944691
5,1000,30,0.15,82,2.482187,550.516442,1466.411200,-2.517813,-449.483558,466.411200,0.972862
5,1000,30,0.15,83,1.996696,531.466481,1420.490048,-3.003304,-468.533519,420.490048,0.973668
5,1000,30,0.15,84,3.047875,659.322055,1306.997740,-1.952125,-340.677945,306.997740,0.948495
5,1000,30,0.15,85,2.780577,805.749846,1206.962767,-2.219423,-194.250154,206.962767,0.969624
5,1000,30,0.15,86,3.260444,729.791620,1245.526991,-1.739556,-270.208380,245.526991,0.946823
5,1000,30,0.15,87,2.394025,453.104139,1569.448990,-2.605975,-546.895861,569.448990,0.960032
5,1000,30,0.15,88,3.194137,703.885358,1315.137388,-1.805863,-296.114642,315.137388,0.956847
5,1000,30,0.15,89,2.214613,528.373206,1454.875542,-2.785387,-471.626794,454.875542,0.974608
5,1000,30,0.15,90,2.048841,541.709324,1431.098544,-2.951159,-458.290676,431.098544,0.974346
5,1000,30,0.15,91,3.715760,945.893879,1078.050246,-1.284240,-54.106121,78.050246,0.816026
5,1000,30,0.15,92,2.354325,379.699475,1554.591126,-2.645675,-620.300525,554.591126,0.983435
5,1000,30,0.15,93,2.831915,638.389920,1348.058445,-2.168085,-361.610080,348.058445,0.973823
5,1000,30,0.15,94,2.696953,527.739005,1422.355074,-2.303047,-472.260995,422.355074,0.980822
5,1000,30,0.15,95,4.176386,764.142029,1225.921418,-0.823614,-235.857971,225.921418,0.741989
5,1000,30,0.15,96,3.210249,651.293458,1354.131605,-1.789751,-348.706542,354.131605,0.903102
5,1000,30,0.15,97,3.538559,924.252045,1133.355306,-1.461441,-75.747955,133.355306,0.947966
5,1000,30,0.15,98,2.692651,699.443401,1333.439012,-2.307349,-300.556599,333.439012,0.942179
5,1000,30,0.15,99,2.660221,591.370282,1366.450188,-2.339779,-408.629718,366.450188,0.981538
5,1000,30,0.15,100,3.517368,769.227827,1220.699735,-1.482632,-230.772173,220.699735,0.948686
5,1000,30,0.15,101,2.761053,537.380225,1428.067118,-2.238947,-462.619775,428.067118,0.953962
5,1000,30,0.15,102,2.381715,461.858889,1545.697144,-2.618285,-538.141111,545.697144,0.955334
5,1000,30,0.15,103,3.028340,661.350591,1349.260002,-1.971660,-338.649409,349.260002,0.967478
5,1000,30,0.15,104,3.065324,481.517730,1535.776705,-1.934676,-518.482270,535.776705,0.974518
5,1000,30,0.15,105,3.718264,711.266728,1288.726864,-1.281736,-288.733272,288.726864,0.917840
5,1000,30,0.15,106,3.771218,764.152020,1216.153713,-1.228782,-235.847980,216.153713,0.905736
5,1000,30,0.15,107,3.940444,881.604512,1093.268553,-1.059556,-118.395488,93.268553,0.783433
5,1000,30,0.15,108,1.944188,396.795712,1599.504509,-3.055812,-603.204288,599.504509,0.986412
5,1000,30,0.15,109,3.846709,672.918592,1334.706963,-1.153291,-327.081408,334.706963,0.869878
5,1000,30,0.15,110,3.443256,649.571893,1263.436206,-1.556744,-350.428107,263.436206,0.953906
5,1000,30,0.15,111,3.324103,865.129032,1094.642180,-1.675897,-134.870968,94.642180,0.968266
5,1000,30,0.15,112,2.613454,705.831353,1274.931335,-2.386546,-294.168647,274.931335,0.908552
5,1000,30,0.15,113,4.615150,1016.123512,1032.993491,-0.384850,16.123512,32.993491,0.559532
5,1000,30,0.15,114,3.063982,624.382257,1324.895897,-1.936018,-375.617743,324.895897,0.945020
5,1000,30,0.15,115,3.094605,651.718329,1286.066763,-1.905395,-348.281671,286.066763,0.965673
5,1000,30,0.15,116,2.796567,514.572486,1427.810471,-2.203433,-485.427514,427.810471,0.976147
5,1000,30,0.15,117,2.368258,434.351069,1536.177912,-2.631742,-565.648931,536.177912,0.982778
5,1000,30,0.15,118,2.520118,718.451329,1257.424894,-2.479882,-281.548671,257.424894,0.930576
5,1000,30,0.15,119,2.366484,672.241471,1365.695586,-2.633516,-327.758529,365.695586,0.971687
5,1000,30,0.15,120,4.102344,836.782861,1149.813387,-0.897656,-163.217139,149.813387,0.859696
5,1000,30,0.15,121,2.633754,574.346634,1398.620845,-2.366246,-425.653366,398.620845,0.991808
5,1000,30,0.15,122,3.352713,963.457569,1026.781628,-1.647287,-36.542431,26.781628,0.967390
5,1000,30,0.15,123,2.778084,731.568297,1268.569850,-2.221916,-268.431703,268.569850,0.931603
5,1000,30,0.15,124,3.810218,766.775769,1301.873440,-1.189782,-233.224231,301.873440,0.893802
5,1000,30,0.15,125,3.917661,927.462689,1061.471549,-1.082339,-72.537311,61.471549,0.906487
5,1000,30,0.15,126,3.229503,708.051472,1292.532212,-1.770497,-291.948528,292.532212,0.921355
5,1000,30,0.15,127,4.539510,787.293703,1173.998782,-0.460490,-212.706297,173.998782,0.569773
5,1000,30,0.15,128,4.284386,1050.717389,948.017944,-0.715614,50.717389,-51.982056,0.793006
5,1000,30,0.15,129,2.981586,590.401675,1346.192176,-2.018414,-409.598325,346.192176,0.974638
5,1000,30,0.15,130,1.848824,445.759902,1503.750952,-3.151176,-554.240098,503.750952,0.979007
5,1000,30,0.15,131,3.506729,838.960572,1199.062098,-1.493271,-161.039428,199.062098,0.891901
5,1000,30,0.15,132,3.808899,1054.639748,878.335509,-1.191101,54.639748,-121.664491,0.908288
5,1000,30,0.15,133,2.813004,693.803501,1322.612706,-2.186996,-306.196499,322.612706,0.974831
5,1000,30,0.15,134,4.247571,660.580745,1323.550725,-0.752429,-339.419255,323.550725,0.790765
5,1000,30,0.15,135,3.071321,729.648288,1255.059231,-1.928679,-270.351712,255.059231,0.964662
5,1000,30,0.15,136,3.605668,895.052599,1110.089975,-1.394332,-104.947401,110.089975,0.874533
5,1000,30,0.15,137,3.112161,919.635718,1036.721140,-1.887839,-80.364282,36.721140,0.984230
5,1000,30,0.15,138,2.987072,765.453092,1241.803254,-2.012928,-234.546908,241.803254,0.959826
5,1000,30,0.15,139,4.310584,944.838368,1067.421207,-0.689416,-55.161632,67.421207,0.792199
5,1000,30,0.15,140,3.140759,674.076489,1287.807500,-1.859241,-325.923511,287.807500,0.969940
5,1000,30,0.15,141,2.793394,919.300012,1024.462592,-2.206606,-80.699988,24.462592,0.934901
5,1000,30,0.15,142,3.503898,652.861430,1321.334256,-1.496102,-347.138570,321.334256,0.909267
5,1000,30,0.15,143,2.961025,780.071019,1253.488317,-2.038975,-219.928981,253.488317,0.929234
5,1000,30,0.15,144,3.585775,808.975160,1161.762572,-1.414225,-191.024840,161.762572,0.961193
5,1000,30,0.15,145,2.438580,690.283016,1366.861555,-2.561420,-309.716984,366.861555,0.983943
5,1000,30,0.15,146,2.638548,644.009458,1341.648210,-2.361452,-355.990542,341.648210,0.987185
5,1000,30,0.15,147,3.325186,725.738848,1300.868730,-1.674814,-274.261152,300.868730,0.922614
5,1000,30,0.15,148,3.183685,659.577561,1322.769291,-1.816315,-340.422439,322.769291,0.970676
5,1000,30,0.15,149,2.638847,589.373755,1426.028798,-2.361153,-410.626245,426.028798,0.966252
5,1000,30,0.15,150,3.599771,916.078249,1050.174123,-1.400229,-83.921751,50.174123,0.943593
5,1000,30,0.15,151,1.466521,257.224496,1752.398548,-3.533479,-742.775504,752.398548,0.975208
5,1000,30,0.15,152,4.494741,920.458522,1068.625891,-0.505259,-79.541478,68.625891,0.712866
5,1000,30,0.15,153,2.764525,640.211416,1291.379861,-2.235475,-359.788584,291.379861,0.976408
5,1000,30,0.15,154,1.913316,396.954452,1596.145336,-3.086684,-603.045548,596.145336,0.962518
5,1000,30,0.15,155,3.661695,732.971388,1289.080363,-1.338305,-267.028612,289.080363,0.951215
5,1000,30,0.15,156,3.125406,689.377631,1338.158102,-1.874594,-310.622369,338.158102,0.962075
5,1000,30,0.15,157,2.595796,566.009376,1397.783488,-2.404204,-433.990624,397.783488,0.975511
5,1000,30,0.15,158,2.779625,549.095407,1477.577030,-2.220375,-450.904593,477.577030,0.986755
5,1000,30,0.15,159,3.049940,744.618016,1214.937412,-1.950060,-255.381984,214.937412,0.959202
5,1000,30,0.15,160,4.253071,933.133281,1085.979725,-0.746929,-66.866719,85.979725,0.798897
5,1000,30,0.15,161,3.281230,807.889758,1207.801289,-1.718770,-192.110242,207.801289,0.938742
5,1000,30,0.15,162,2.902798,701.313655,1325.274189,-2.097202,-298.686345,325.274189,0.944226
5,1000,30,0.15,163,3.263728,691.978126,1297.189371,-1.736272,-308.021874,297.189371,0.952754
5,1000,30,0.15,164,2.956029,672.519214,1322.659640,-2.043971,-327.480786,322.659640,0.952888
5,1000,30,0.15,165,3.505230,733.130116,1220.536616,-1.494770,-266.869884,220.536616,0.922268
5,1000,30,0.15,166,3.352183,847.589195,1136.211236,-1.647817,-152.410805,136.211236,0.968087
5,1000,30,0.15,167,2.533486,582.890747,1301.848158,-2.466514,-417.109253,301.848158,0.975945
5,1000,30,0.15,168,4.470396,922.309839,1095.477292,-0.529604,-77.690161,95.477292,0.565036
5,1000,30,0.15,169,2.732710,541.164093,1401.485226,-2.267290,-458.835907,401.485226,0.985534
5,1000,30,0.15,170,2.405652,577.333082,1445.213255,-2.594348,-422.666918,445.213255,0.984327
5,1000,30,0.15,171,2.505013,577.055791,1407.130095,-2.494987,-422.944209,407.130095,0.975729
5,1000,30,0.15,172,4.396727,803.654240,1146.722073,-0.603273,-196.345760,146.722073,0.625740
5,1000,30,0.15,173,2.540466,785.806143,1168.717019,-2.459534,-214.193857,168.717019,0.988747
5,1000,30,0.15,174,3.325971,707.812166,1262.947080,-1.674029,-292.187834,262.947080,0.952693
5,1000,30,0.15,175,2.625528,710.668378,1246.516789,-2.374472,-289.331622,246.516789,0.976085
5,1000,30,0.15,176,2.470379,720.733454,1332.308651,-2.529621,-279.266546,332.308651,0.976990
5,1000,30,0.15,177,3.457285,744.254108,1244.950212,-1.542715,-255.745892,244.950212,0.945304
5,1000,30,0.15,178,1.740220,441.880560,1453.631351,-3.259780,-558.119440,453.631351,0.977023
5,1000,30,0.15,179,2.829079,822.412930,1208.924310,-2.170921,-177.587070,208.924310,0.977233
5,1000,30,0.15,180,3.732699,696.818018,1230.265824,-1.267301,-303.181982,230.265824,0.930567
5,1000,30,0.15,181,2.410823,669.747978,1308.601618,-2.589177,-330.252022,308.601618,0.973782
5,1000,30,0.15,182,4.427824,979.204255,990.589381,-0.572176,-20.795745,-9.410619,0.684029
5,1000,30,0.15,183,3.218766,700.065716,1276.297926,-1.781234,-299.934284,276.297926,0.950652
5,1000,30,0.15,184,3.429661,1069.537859,955.998774,-1.570339,69.537859,-44.001226,0.906798
5,1000,30,0.15,185,2.527031,569.764316,1429.159206,-2.472969,-430.235684,429.159206,0.970125
5,1000,30,0.15,186,3.460402,903.641594,1046.000749,-1.539598,-96.358406,46.000749,0.936501
5,1000,30,0.15,187,2.654061,591.625542,1431.646682,-2.345939,-408.374458,431.646682,0.977391
5,1000,30,0.15,188,3.401795,778.855950,1200.725870,-1.598205,-221.144050,200.725870,0.937725
5,1000,30,0.15,189,3.326678,774.172386,1233.338968,-1.673322,-225.827614,233.338968,0.957310
5,1000,30,0.15,190,3.322059,527.668510,1456.403289,-1.677941,-472.331490,456.403289,0.896449
5,1000,30,0.15,191,2.675852,681.248107,1282.772936,-2.324148,-318.751893,282.772936,0.982144
5,1000,30,0.15,192,2.597788,573.762152,1384.214434,-2.402212,-426.237848,384.214434,0.978136
5,1000,30,0.15,193,3.442205,557.064465,1438.511409,-1.557795,-442.935535,438.511409,0.948766
5,1000,30,0.15,194,3.180304,774.501951,1268.298135,-1.819696,-225.498049,268.298135,0.939059
5,1000,30,0.15,195,2.475112,564.583175,1426.990139,-2.524888,-435.416825,426.990139,0.973024
5,1000,30,0.15,196,4.073412,913.732260,1092.008107,-0.926588,-86.267740,92.008107,0.853588
5,1000,30,0.15,197,3.404883,959.599572,1009.797009,-1.595117,-40.400428,9.797009,0.962185
5,1000,30,0.15,198,2.809670,719.192409,1335.176587,-2.190330,-280.807591,335.176587,0.972956
5,1000,30,0.15,199,3.057083,769.762910,1229.750948,-1.942917,-230.237090,229.750948,0.960503
5,1000,30,0.15,200,1.998055,419.016251,1562.822368,-3.001945,-580.983749,562.822368,0.976811
5,1000,30,0.15,201,2.039873,445.810975,1569.402697,-2.960127,-554.189025,569.402697,0.940538
5,1000,30,0.15,202,2.259416,361.122297,1667.956921,-2.740584,-638.877703,667.956921,0.950289
5,1000,30,0.15,203,3.084697,464.905096,1522.046872,-1.915303,-535.094904,522.046872,0.945918
5,1000,30,0.15,204,2.024041,410.938393,1586.065051,-2.975959,-589.061607,586.065051,0.978562
5,1000,30,0.15,205,4.458840,1088.896769,921.245515,-0.541160,88.896769,-78.754485,0.707988
5,1000,30,0.15,206,3.254526,749.463468,1284.972638,-1.745474,-250.536532,284.972638,0.973757
5,1000,30,0.15,207,4.328492,855.411728,1130.073560,-0.671508,-144.588272,130.073560,0.637016
5,1000,30,0.15,208,2.621864,548.109933,1492.030054,-2.378136,-451.890067,492.030054,0.983441
5,1000,30,0.15,209,3.108391,604.225130,1340.122418,-1.891609,-395.774870,340.122418,0.955499
5,1000,30,0.15,210,3.606279,843.775540,1234.193768,-1.393721,-156.224460,234.193768,0.912583
5,1000,30,0.15,211,3.800069,878.866651,1127.037012,-1.199931,-121.133349,127.037012,0.889614
5,1000,30,0.15,212,4.267379,1002.785739,995.731851,-0.732621,2.785739,-4.268149,0.789539
5,1000,30,0.15,213,2.359177,451.414388,1513.150129,-2.640823,-548.585612,513.150129,0.985720
5,1000,30,0.15,214,2.428401,688.656860,1310.862307,-2.571599,-311.343140,310.862307,0.984237
5,1000,30,0.15,215,4.197940,740.735922,1230.943838,-0.802060,-259.264078,230.943838,0.779348
5,1000,30,0.15,216,3.079503,821.771870,1164.743182,-1.920497,-178.228130,164.743182,0.930166
5,1000,30,0.15,217,1.935645,493.944910,1489.111743,-3.064355,-506.055090,489.111743,0.987197
5,1000,30,0.15,218,3.645407,881.211210,1148.362218,-1.354593,-118.788790,148.362218,0.906507
5,1000,30,0.15,219,4.264028,780.856554,1216.114987,-0.735972,-219.143446,216.114987,0.810301
5,1000,30,0.15,220,2.362969,596.516933,1333.239604,-2.637031,-403.483067,333.239604,0.953731
5,1000,30,0.15,221,2.853342,572.683236,1442.942110,-2.146658,-427.316764,442.942110,0.980734
5,1000,30,0.15,222,2.828634,601.066108,1314.775223,-2.171366,-398.933892,314.775223,0.977273
5,1000,30,0.15,223,2.374140,504.202829,1450.366871,-2.625860,-495.797171,450.366871,0.985536
5,1000,30,0.15,224,2.064287,498.496707,1429.927839,-2.935713,-501.503293,429.927839,0.981099
5,1000,30,0.15,225,2.885740,659.783491,1345.493704,-2.114260,-340.216509,345.493704,0.961024
5,1000,30,0.15,226,2.785101,531.147384,1408.574375,-2.214899,-468.852616,408.574375,0.973834
5,1000,30,0.15,227,2.773431,754.929793,1167.503655,-2.226569,-245.070207,167.503655,0.976791
5,1000,30,0.15,228,2.202640,496.086261,1447.096315,-2.797360,-503.913739,447.096315,0.983532
5,1000,30,0.15,229,2.341766,600.961443,1324.809872,-2.658234,-399.038557,324.809872,0.974666
5,1000,30,0.15,230,4.102048,903.772429,1055.952904,-0.897952,-96.227571,55.952904,0.775537
5,1000,30,0.15,231,1.664213,479.870698,1450.432391,-3.335787,-520.129302,450.432391,0.976504
5,1000,30,0.15,232,2.387321,519.716387,1487.089943,-2.612679,-480.283613,487.089943,0.971454
5,1000,30,0.15,233,2.901825,647.101461,1352.932287,-2.098175,-352.898539,352.932287,0.945347
5,1000,30,0.15,234,3.893115,888.103289,1116.777196,-1.106885,-111.896711,116.777196,0.886068
5,1000,30,0.15,235,3.323612,745.082532,1256.043669,-1.676388,-254.917468,256.043669,0.929471
5,1000,30,0.15,236,3.397825,670.177480,1294.315343,-1.602175,-329.822520,294.315343,0.961993
5,1000,30,0.15,237,1.785177,432.544090,1534.924686,-3.214823,-567.455910,534.924686,0.984298
5,1000,30,0.15,238,3.698269,521.380349,1472.270757,-1.301731,-478.619651,472.270757,0.933347
5,1000,30,0.15,239,3.039370,741.720718,1186.309062,-1.960630,-258.279282,186.309062,0.970095
5,1000,30,0.15,240,3.039155,738.588984,1231.512884,-1.960845,-261.411016,231.512884,0.986511
5,1000,30,0.15,241,3.892074,870.819694,1182.221253,-1.107926,-129.180306,182.221253,0.872934
5,1000,30,0.15,242,2.902274,597.706286,1337.820835,-2.097726,-402.293714,337.820835,0.953689
5,1000,30,0.15,243,3.333821,719.178901,1265.388181,-1.666179,-280.821099,265.388181,0.967076
5,1000,30,0.15,244,2.626702,611.042319,1343.521894,-2.373298,-388.957681,343.521894,0.985087
5,1000,30,0.15,245,2.700978,500.835786,1500.893387,-2.299022,-499.164214,500.893387,0.971519
5,1000,30,0.15,246,2.478576,521.048483,1485.879291,-2.521424,-478.951517,485.879291,0.958727
5,1000,30,0.15,247,1.761694,460.006147,1540.604389,-3.238306,-539.993853,540.604389,0.983555
5,1000,30,0.15,248,4.009939,960.436578,1056.531759,-0.990061,-39.563422,56.531759,0.784251
5,1000,30,0.15,249,1.641558,471.589311,1409.483397,-3.358442,-528.410689,409.483397,0.981573
5,1000,30,0.15,250,3.316158,866.370416,1095.618561,-1.683842,-133.629584,95.618561,0.952350
5,1000,30,0.15,251,2.615463,650.568930,1327.180626,-2.384537,-349.431070,327.180626,0.962468
5,1000,30,0.15,252,2.648344,601.141229,1393.512201,-2.351656,-398.858771,393.512201,0.968177
5,1000,30,0.15,253,4.947467,998.348816,1002.135593,-0.052533,-1.651184,2.135593,0.344984
5,1000,30,0.15,254,3.268847,743.845287,1288.623925,-1.731153,-256.154713,288.623925,0.965052
5,1000,30,0.15,255,2.525444,631.681865,1350.147915,-2.474556,-368.318135,350.147915,0.960194
5,1000,30,0.15,256,3.350779,726.120676,1314.412685,-1.649221,-273.879324,314.412685,0.962594
5,1000,30,0.15,257,3.298451,626.268912,1305.718291,-1.701549,-373.731088,305.718291,0.939541
5,1000,30,0.15,258,3.284983,751.393908,1281.836747,-1.715017,-248.606092,281.836747,0.959736
5,1000,30,0.15,259,2.722498,571.852914,1408.205436,-2.277502,-428.147086,408.205436,0.966707
5,1000,30,0.15,260,2.882548,702.864849,1294.584994,-2.117452,-297.135151,294.584994,0.977607
5,1000,30,0.15,261,4.909630,1026.960960,1050.879426,-0.090370,26.960960,50.879426,0.250836
5,1000,30,0.15,262,2.033044,469.038567,1507.758076,-2.966956,-530.961433,507.758076,0.978171
5,1000,30,0.15,263,1.912992,442.789624,1566.133765,-3.087008,-557.210376,566.133765,0.992099
5,1000,30,0.15,264,3.720543,679.348015,1313.308177,-1.279457,-320.651985,313.308177,0.922604
5,1000,30,0.15,265,2.396148,667.680732,1299.235551,-2.603852,-332.319268,299.235551,0.949477
5,1000,30,0.15,266,2.577296,675.435148,1342.061285,-2.422704,-324.564852,342.061285,0.949932
5,1000,30,0.15,267,3.620103,916.312405,1111.171349,-1.379897,-83.687595,111.171349,0.940508
5,1000,30,0.15,268,4.074492,981.505846,979.052111,-0.925508,-18.494154,-20.947889,0.834150
5,1000,30,0.15,269,3.463217,822.876105,1144.895908,-1.536783,-177.123895,144.895908,0.932564
5,1000,30,0.15,270,2.932438,905.080659,1092.457919,-2.067562,-94.919341,92.457919,0.971825
5,1000,30,0.15,271,4.922507,919.469276,1077.184866,-0.077493,-80.530724,77.184866,0.378885
5,1000,30,0.15,272,2.755626,611.680462,1411.038287,-2.244374,-388.319538,411.038287,0.958273
5,1000,30,0.15,273,3.148562,598.316594,1341.503516,-1.851438,-401.683406,341.503516,0.949964
5,1000,30,0.15,274,3.771570,746.874859,1289.257294,-1.228430,-253.125141,289.257294,0.933295
5,1000,30,0.15,275,2.305149,665.808331,1315.331132,-2.694851,-334.191669,315.331132,0.980863
5,1000,30,0.15,276,3.680188,730.317843,1283.240493,-1.319812,-269.682157,283.240493,0.924312
5,1000,30,0.15,277,2.406470,693.177620,1270.651535,-2.593530,-306.822380,270.651535,0.970207
5,1000,30,0.15,278,2.149873,546.052086,1431.463629,-2.850127,-453.947914,431.463629,0.982238
5,1000,30,0.15,279,3.114099,897.347087,1081.854445,-1.885901,-102.652913,81.854445,0.962389
5,1000,30,0.15,280,2.442157,585.834323,1415.701082,-2.557843,-414.165677,415.701082,0.977416
5,1000,30,0.15,281,3.263405,610.525201,1392.420062,-1.736595,-389.474799,392.420062,0.951256
5,1000,30,0.15,282,2.872672,583.860352,1414.815791,-2.127328,-416.139648,414.815791,0.971460
5,1000,30,0.15,283,3.412369,616.606352,1358.420739,-1.587631,-383.393648,358.420739,0.937150
5,1000,30,0.15,284,2.281904,580.057736,1357.133762,-2.718096,-419.942264,357.133762,0.961010
5,1000,30,0.15,285,4.053117,853.855483,1127.039473,-0.946883,-146.144517,127.039473,0.854038
5,1000,30,0.15,286,1.945935,394.347598,1559.344970,-3.054065,-605.652402,559.344970,0.978843
5,1000,30,0.15,287,3.631501,874.146480,1164.083659,-1.368499,-125.853520,164.083659,0.932599
5,1000,30,0.15,288,2.507514,419.866662,1550.482565,-2.492486,-580.133338,550.482565,0.984822
5,1000,30,0.15,289,2.420730,553.221218,1407.939413,-2.579270,-446.778782,407.939413,0.973731
5,1000,30,0.15,290,3.777377,812.286913,1167.152270,-1.222623,-187.713087,167.152270,0.906044
5,1000,30,0.15,291,2.703754,560.468496,1434.014636,-2.296246,-439.531504,434.014636,0.968282
5,1000,30,0.15,292,3.104263,625.812068,1458.730136,-1.895737,-374.187932,458.730136,0.956906
5,1000,30,0.15,293,2.591778,638.507510,1315.632146,-2.408222,-361.492490,315.632146,0.973981
5,1000,30,0.15,294,2.930919,488.435423,1428.491006,-2.069081,-511.564577,428.491006,0.958049
5,1000,30,0.15,295,3.717808,601.350468,1420.763753,-1.282192,-398.649532,420.763753,0.933586
5,1000,30,0.15,296,2.778369,503.938763,1564.552234,-2.221631,-496.061237,564.552234,0.957115
5,1000,30,0.15,297,2.469295,562.439054,1397.179397,-2.530705,-437.560946,397.179397,0.977063
5,1000,30,0.15,298,3.430752,925.677142,1060.866638,-1.569248,-74.322858,60.866638,0.947422
5,1000,30,0.15,299,1.670344,432.118900,1504.630923,-3.329656,-567.881100,504.630923,0.964637
5,1000,30,0.15,300,2.892429,570.998697,1399.363542,-2.107571,-429.001303,399.363542,0.923286
5,1000,30,0.15,301,2.646439,568.692323,1397.165412,-2.353561,-431.307677,397.165412,0.966807
5,1000,30,0.15,302,3.143491,780.964025,1205.614970,-1.856509,-219.035975,205.614970,0.958862
5,1000,30,0.15,303,2.254271,486.667775,1495.558685,-2.745729,-513.332225,495.558685,0.969555
5,1000,30,0.15,304,3.785727,825.560952,1125.187753,-1.214273,-174.439048,125.187753,0.895646
5,1000,30,0.15,305,3.497517,736.931354,1312.343583,-1.502483,-263.068646,312.343583,0.940816
5,1000,30,0.15,306,2.914922,801.128399,1190.607119,-2.085078,-198.871601,190.607119,0.952576
5,1000,30,0.15,307,2.418607,563.016286,1429.428432,-2.581393,-436.983714,429.428432,0.962736
5,1000,30,0.15,308,3.523007,751.581102,1250.947745,-1.476993,-248.418898,250.947745,0.905790
5,1000,30,0.15,309,2.813704,670.437296,1324.083468,-2.186296,-329.562704,324.083468,0.984302
5,1000,30,0.15,310,3.032378,702.650587,1310.116931,-1.967622,-297.349413,310.116931,0.942187
5,1000,30,0.15,311,3.119959,770.744360,1158.461107,-1.880041,-229.255640,158.461107,0.958321
5,1000,30,0.15,312,4.459788,927.886370,1054.963341,-0.540212,-72.113630,54.963341,0.702162
5,1000,30,0.15,313,2.028751,470.081465,1492.908227,-2.971249,-529.918535,492.908227,0.926705
5,1000,30,0.15,314,2.515541,698.101375,1321.934883,-2.484459,-301.898625,321.934883,0.978665
5,1000,30,0.15,315,2.659843,691.826455,1309.861700,-2.340157,-308.173545,309.861700,0.948835
5,1000,30,0.15,316,2.048581,601.493517,1356.583263,-2.951419,-398.506483,356.583263,0.970911
5,1000,30,0.15,317,2.801627,654.142698,1355.358939,-2.198373,-345.857302,355.358939,0.980988
5,1000,30,0.15,318,3.695807,881.640043,1120.283038,-1.304193,-118.359957,120.283038,0.937071
5,1000,30,0.15,319,1.738683,416.093381,1571.528492,-3.261317,-583.906619,571.528492,0.982610
5,1000,30,0.15,320,3.579492,778.294438,1249.582093,-1.420508,-221.705562,249.582093,0.951110
5,1000,30,0.15,321,2.161204,481.466720,1461.814773,-2.838796,-518.533280,461.814773,0.984397
5,1000,30,0.15,322,2.949462,792.695482,1183.018188,-2.050538,-207.304518,183.018188,0.971309
5,1000,30,0.15,323,2.245484,469.934272,1530.338091,-2.754516,-530.065728,530.338091,0.974760
5,1000,30,0.15,324,3.942095,785.458340,1187.552010,-1.057905,-214.541660,187.552010,0.879450
5,1000,30,0.15,325,2.577295,707.442822,1264.051369,-2.422705,-292.557178,264.051369,0.962197
5,1000,30,0.15,326,4.099530,692.100870,1316.775272,-0.900470,-307.899130,316.775272,0.757003
5,1000,30,0.15,327,3.801370,865.362957,1097.868830,-1.198630,-134.637043,97.868830,0.918614
5,1000,30,0.15,328,2.294450,622.918895,1328.674830,-2.705550,-377.081105,328.674830,0.979694
5,1000,30,0.15,329,3.160945,728.763395,1219.257656,-1.839055,-271.236605,219.257656,0.970060
5,1000,30,0.15,330,3.279371,694.046958,1366.404518,-1.720629,-305.953042,366.404518,0.948200
5,1000,30,0.15,331,3.571851,579.634387,1401.165768,-1.428149,-420.365613,401.165768,0.888224
5,1000,30,0.15,332,4.383777,976.907727,1049.194469,-0.616223,-23.092273,49.194469,0.727574
5,1000,30,0.15,333,2.460077,472.632004,1469.272340,-2.539923,-527.367996,469.272340,0.957138
5,1000,30,0.15,334,2.028719,628.252428,1420.600341,-2.971281,-371.747572,420.600341,0.969925
5,1000,30,0.15,335,4.214835,739.750869,1233.421250,-0.785165,-260.249131,233.421250,0.827823
5,1000,30,0.15,336,2.282439,515.358167,1479.646405,-2.717561,-484.641833,479.646405,0.977910
5,1000,30,0.15,337,3.175514,589.663630,1363.529961,-1.824486,-410.336370,363.529961,0.920216
5,1000,30,0.15,338,3.783368,726.113850,1227.814900,-1.216632,-273.886150,227.814900,0.912821
5,1000,30,0.15,339,2.736493,580.162970,1442.957076,-2.263507,-419.837030,442.957076,0.972221
5,1000,30,0.15,340,2.965830,562.553987,1487.120311,-2.034170,-437.446013,487.120311,0.942220
5,1000,30,0.15,341,3.859480,883.328681,1168.187715,-1.140520,-116.671319,168.187715,0.898532
5,1000,30,0.15,342,3.899278,976.216345,1053.873753,-1.100722,-23.783655,53.873753,0.885939
5,1000,30,0.15,343,2.849905,776.389100,1220.427844,-2.150095,-223.610900,220.427844,0.960152
5,1000,30,0.15,344,3.777203,769.735844,1148.597219,-1.222797,-230.264156,148.597219,0.896630
5,1000,30,0.15,345,2.373369,377.585959,1636.806731,-2.626631,-622.414041,636.806731,0.969022
5,1000,30,0.15,346,3.131432,710.791221,1358.545327,-1.868568,-289.208779,358.545327,0.945297
5,1000,30,0.15,347,3.348257,737.043825,1277.782929,-1.651743,-262.956175,277.782929,0.964373
5,1000,30,0.15,348,3.343666,943.202202,1056.746100,-1.656334,-56.797798,56.746100,0.967850
5,1000,30,0.15,349,3.862997,835.966776,1119.754047,-1.137003,-164.033224,119.754047,0.858914
5,1000,30,0.15,350,2.208102,457.424257,1502.503247,-2.791898,-542.575743,502.503247,0.946071
5,1000,30,0.15,351,2.413097,534.549585,1488.693162,-2.586903,-465.450415,488.693162,0.982765
5,1000,30,0.15,352,2.768305,779.350028,1155.445794,-2.231695,-220.649972,155.445794,0.987213
5,1000,30,0.15,353,3.917985,978.210428,1042.957652,-1.082015,-21.789572,42.957652,0.859917
5,1000,30,0.15,354,2.824538,689.123998,1331.906506,-2.175462,-310.876002,331.906506,0.960979
5,1000,30,0.15,355,2.309073,517.842341,1496.104205,-2.690927,-482.157659,496.104205,0.982316
5,1000,30,0.15,356,2.934403,746.333942,1185.254376,-2.065597,-253.666058,185.254376,0.959406
5,1000,30,0.15,357,4.419318,960.747013,1090.660510,-0.580682,-39.252987,90.660510,0.703746
5,1000,30,0.15,358,1.936050,483.705529,1477.174179,-3.063950,-516.294471,477.174179,0.978379
5,1000,30,0.15,359,2.851464,673.474965,1273.841119,-2.148536,-326.525035,273.841119,0.955566
5,1000,30,0.15,360,2.834032,458.968724,1582.090067,-2.165968,-541.031276,582.090067,0.955899
5,1000,30,0.15,361,3.071555,703.444679,1303.729638,-1.928445,-296.555321,303.729638,0.967287
5,1000,30,0.15,362,3.004394,705.267777,1281.580942,-1.995606,-294.732223,281.580942,0.987925
5,1000,30,0.15,363,3.268279,728.556948,1261.738031,-1.731721,-271.443052,261.738031,0.969482
5,1000,30,0.15,364,2.994592,571.673058,1351.883025,-2.005408,-428.326942,351.883025,0.975696
5,1000,30,0.15,365,3.938167,792.084602,1256.759888,-1.061833,-207.915398,256.759888,0.893794
5,1000,30,0.15,366,2.952960,589.307503,1404.874941,-2.047040,-410.692497,404.874941,0.973039
5,1000,30,0.15,367,3.291369,640.713645,1335.031341,-1.708631,-359.286355,335.031341,0.965100
5,1000,30,0.15,368,2.847405,585.997518,1412.580140,-2.152595,-414.002482,412.580140,0.983320
5,1000,30,0.15,369,3.593874,888.515696,1082.231504,-1.406126,-111.484304,82.231504,0.891578
5,1000,30,0.15,370,2.815266,592.029939,1344.930370,-2.184734,-407.970061,344.930370,0.969604
5,1000,30,0.15,371,3.977847,888.014666,1097.320032,-1.022153,-111.985334,97.320032,0.887636
5,1000,30,0.15,372,3.281816,624.775560,1352.253329,-1.718184,-375.224440,352.253329,0.961680
5,1000,30,0.15,373,3.596591,824.532512,1120.400597,-1.403409,-175.467488,120.400597,0.885680
5,1000,30,0.15,374,3.068212,661.998070,1325.174602,-1.931788,-338.001930,325.174602,0.976565
5,1000,30,0.15,375,3.073588,624.194738,1321.883867,-1.926412,-375.805262,321.883867,0.931165
5,1000,30,0.15,376,2.919845,672.919288,1292.401948,-2.080155,-327.080712,292.401948,0.936308
5,1000,30,0.15,377,3.011420,654.701410,1356.311447,-1.988580,-345.298590,356.311447,0.972445
5,1000,30,0.15,378,3.393599,751.961808,1200.112017,-1.606401,-248.038192,200.112017,0.938454
5,1000,30,0.15,379,1.962822,514.987660,1500.394351,-3.037178,-485.012340,500.394351,0.963394
5,1000,30,0.15,380,2.403482,480.482866,1481.730017,-2.596518,-519.517134,481.730017,0.984089
5,1000,30,0.15,381,1.935284,619.924452,1293.338172,-3.064716,-380.075548,293.338172,0.974003
5,1000,30,0.15,382,2.752715,755.791926,1265.089453,-2.247285,-244.208074,265.089453,0.948381
5,1000,30,0.15,383,2.730748,515.788659,1473.917402,-2.269252,-484.211341,473.917402,0.958988
5,1000,30,0.15,384,3.074246,882.807176,1066.715428,-1.925754,-117.192824,66.715428,0.928233
5,1000,30,0.15,385,4.022496,653.208501,1322.587290,-0.977504,-346.791499,322.587290,0.823680
5,1000,30,0.15,386,3.165162,715.544026,1322.398798,-1.834838,-284.455974,322.398798,0.939800
5,1000,30,0.15,387,4.755097,897.828152,1097.918495,-0.244903,-102.171848,97.918495,0.515998
5,1000,30,0.15,388,5.213875,879.794681,1134.232565,0.213875,-120.205319,134.232565,-0.489924
5,1000,30,0.15,389,3.358633,903.494503,1108.580941,-1.641367,-96.505497,108.580941,0.969041
5,1000,30,0.15,390,3.184131,697.153736,1302.579350,-1.815869,-302.846264,302.579350,0.980564
5,1000,30,0.15,391,2.473872,612.167026,1366.161308,-2.526128,-387.832974,366.161308,0.956778
5,1000,30,0.15,392,2.493198,635.063955,1348.898592,-2.506802,-364.936045,348.898592,0.978170
5,1000,30,0.15,393,2.797024,693.834174,1319.387874,-2.202976,-306.165826,319.387874,0.975573
5,1000,30,0.15,394,3.215303,871.299513,1102.890008,-1.784697,-128.700487,102.890008,0.963613
5,1000,30,0.15,395,2.581598,622.867889,1369.600329,-2.418402,-377.132111,369.600329,0.975359
5,1000,30,0.15,396,3.618759,776.860164,1228.548873,-1.381241,-223.139836,228.548873,0.939113
5,1000,30,0.15,397,2.238875,459.658924,1515.072165,-2.761125,-540.341076,515.072165,0.951018
5,1000,30,0.15,398,2.626879,616.394810,1349.611268,-2.373121,-383.605190,349.611268,0.945864
5,1000,30,0.15,399,2.606907,703.518770,1236.393360,-2.393093,-296.481230,236.393360,0.960693
5,1000,30,0.15,400,2.627896,561.442208,1406.837075,-2.372104,-438.557792,406.837075,0.973261
5,1000,30,0.15,401,2.920210,624.819498,1327.258238,-2.079790,-375.180502,327.258238,0.958946
5,1000,30,0.15,402,2.469139,567.015381,1420.428183,-2.530861,-432.984619,420.428183,0.963034
5,1000,30,0.15,403,2.779315,528.926716,1395.567036,-2.220685,-471.073284,395.567036,0.970404
5,1000,30,0.15,404,2.753223,698.372637,1273.916904,-2.246777,-301.627363,273.916904,0.974300
5,1000,30,0.15,405,3.017692,717.541119,1301.941899,-1.982308,-282.458881,301.941899,0.941474
5,1000,30,0.15,406,2.433777,458.334631,1514.702482,-2.566223,-541.665369,514.702482,0.985787
5,1000,30,0.15,407,2.550066,580.785377,1404.560627,-2.449934,-419.214623,404.560627,0.976439
5,1000,30,0.15,408,2.738683,556.818412,1447.053885,-2.261317,-443.181588,447.053885,0.971981
5,1000,30,0.15,409,1.903151,463.107175,1395.397247,-3.096849,-536.892825,395.397247,0.972648
5,1000,30,0.15,410,2.369079,374.691834,1606.879962,-2.630921,-625.308166,606.879962,0.985591
5,1000,30,0.15,411,2.105621,511.714086,1457.234413,-2.894379,-488.285914,457.234413,0.977045
5,1000,30,0.15,412,3.173336,629.952339,1376.892937,-1.826664,-370.047661,376.892937,0.975805
5,1000,30,0.15,413,3.197347,587.159243,1296.185696,-1.802653,-412.840757,296.185696,0.953714
5,1000,30,0.15,414,3.068884,732.514947,1267.268939,-1.931116,-267.485053,267.268939,0.949738
5,1000,30,0.15,415,3.166926,883.005128,1097.794738,-1.833074,-116.994872,97.794738,0.963479
5,1000,30,0.15,416,2.097139,470.435275,1515.620542,-2.902861,-529.564725,515.620542,0.973082
5,1000,30,0.15,417,2.390732,574.594322,1363.522005,-2.609268,-425.405678,363.522005,0.953866
5,1000,30,0.15,418,2.071433,568.230902,1367.416192,-2.928567,-431.769098,367.416192,0.988191
5,1000,30,0.15,419,2.355092,459.586066,1506.712678,-2.644908,-540.413934,506.712678,0.973331
5,1000,30,0.15,420,3.091402,699.659125,1247.625440,-1.908598,-300.340875,247.625440,0.973438
5,1000,30,0.15,421,2.135093,453.103250,1468.930329,-2.864907,-546.896750,468.930329,0.975687
5,1000,30,0.15,422,3.393405,804.654199,1232.018299,-1.606595,-195.345801,232.018299,0.960050
5,1000,30,0.15,423,3.265769,867.280997,1149.360397,-1.734231,-132.719003,149.360397,0.976483
5,1000,30,0.15,424,2.698104,670.907154,1264.846889,-2.301896,-329.092846,264.846889,0.951051
5,1000,30,0.15,425,2.842799,656.967723,1345.810533,-2.157201,-343.032277,345.810533,0.966156
5,1000,30,0.15,426,2.154871,421.132358,1594.692681,-2.845129,-578.867642,594.692681,0.968168
5,1000,30,0.15,427,3.499619,646.649887,1281.083860,-1.500381,-353.350113,281.083860,0.950067
5,1000,30,0.15,428,2.490369,699.733023,1319.215753,-2.509631,-300.266977,319.215753,0.974142
5,1000,30,0.15,429,2.422159,530.357529,1480.227182,-2.577841,-469.642471,480.227182,0.982363
5,1000,30,0.15,430,2.797541,584.213939,1407.552196,-2.202459,-415.786061,407.552196,0.974447
5,1000,30,0.15,431,4.271011,929.401693,1077.241008,-0.728989,-70.598307,77.241008,0.764593
5,1000,30,0.15,432,2.604823,684.556360,1324.330657,-2.395177,-315.443640,324.330657,0.963011
5,1000,30,0.15,433,4.148288,767.896521,1189.008622,-0.851712,-232.103479,189.008622,0.780263
5,1000,30,0.15,434,3.057506,632.088927,1370.350429,-1.942494,-367.911073,370.350429,0.972211
5,1000,30,0.15,435,1.791974,428.951650,1521.402793,-3.208026,-571.048350,521.402793,0.990698
5,1000,30,0.15,436,3.063312,653.726691,1391.596080,-1.936688,-346.273309,391.596080,0.968806
5,1000,30,0.15,437,3.072943,726.799862,1253.482830,-1.927057,-273.200138,253.482830,0.914475
5,1000,30,0.15,438,3.102373,706.563374,1290.263126,-1.897627,-293.436626,290.263126,0.982709
5,1000,30,0.15,439,2.926466,553.538305,1401.895810,-2.073534,-446.461695,401.895810,0.979212
5,1000,30,0.15,440,3.219075,671.740611,1314.831097,-1.780925,-328.259389,314.831097,0.965535
5,1000,30,0.15,441,2.294488,483.675986,1443.889186,-2.705512,-516.324014,443.889186,0.980913
5,1000,30,0.15,442,3.397449,829.100939,1148.659879,-1.602551,-170.899061,148.659879,0.962486
5,1000,30,0.15,443,2.290452,549.558580,1388.635577,-2.709548,-450.441420,388.635577,0.947562
5,1000,30,0.15,444,3.496146,499.732741,1587.033515,-1.503854,-500.267259,587.033515,0.912709
5,1000,30,0.15,445,4.575635,979.992598,1011.025860,-0.424365,-20.007402,11.025860,0.614805
5,1000,30,0.15,446,2.758702,693.019464,1308.288610,-2.241298,-306.980536,308.288610,0.960613
5,1000,30,0.15,447,4.230997,1145.094909,906.140161,-0.769003,145.094909,-93.859839,0.798719
5,1000,30,0.15,448,3.440692,794.256991,1224.002611,-1.559308,-205.743009,224.002611,0.927808
5,1000,30,0.15,449,3.582162,883.194055,1137.720621,-1.417838,-116.805945,137.720621,0.932096
5,1000,30,0.15,450,4.484782,767.690606,1253.353715,-0.515218,-232.309394,253.353715,0.680312
5,1000,30,0.15,451,2.481386,576.114401,1387.252402,-2.518614,-423.885599,387.252402,0.970466
5,1000,30,0.15,452,2.827741,610.182166,1407.498414,-2.172259,-389.817834,407.498414,0.984452
5,1000,30,0.15,453,2.214478,472.782997,1452.690460,-2.785522,-527.217003,452.690460,0.968427
5,1000,30,0.15,454,2.506797,571.810779,1408.071447,-2.493203,-428.189221,408.071447,0.986463
5,1000,30,0.15,455,2.330697,624.064570,1382.316316,-2.669303,-375.935430,382.316316,0.993728
5,1000,30,0.15,456,3.964349,862.613736,1118.752091,-1.035651,-137.386264,118.752091,0.896093
5,1000,30,0.15,457,2.742580,650.615065,1374.627295,-2.257420,-349.384935,374.627295,0.963855
5,1000,30,0.15,458,2.179027,556.199702,1432.360764,-2.820973,-443.800298,432.360764,0.978500
5,1000,30,0.15,459,3.574683,830.993995,1114.957481,-1.425317,-169.006005,114.957481,0.890873
5,1000,30,0.15,460,3.032470,612.618341,1373.071942,-1.967530,-387.381659,373.071942,0.966990
5,1000,30,0.15,461,2.048136,414.940451,1500.609596,-2.951864,-585.059549,500.609596,0.988939
5,1000,30,0.15,462,2.316043,688.055773,1281.491112,-2.683957,-311.944227,281.491112,0.950894
5,1000,30,0.15,463,3.781324,811.281281,1188.994028,-1.218676,-188.718719,188.994028,0.890754
5,1000,30,0.15,464,2.838577,624.222485,1410.020528,-2.161423,-375.777515,410.020528,0.974721
5,1000,30,0.15,465,3.167473,541.891899,1445.672510,-1.832527,-458.108101,445.672510,0.973491
5,1000,30,0.15,466,1.998558,397.744322,1619.092180,-3.001442,-602.255678,619.092180,0.990577
5,1000,30,0.15,467,2.044184,405.357196,1574.902582,-2.955816,-594.642804,574.902582,0.928943
5,1000,30,0.15,468,2.549433,769.954321,1199.572022,-2.450567,-230.045679,199.572022,0.966643
5,1000,30,0.15,469,4.052163,845.700312,1162.511595,-0.947837,-154.299688,162.511595,0.834407
5,1000,30,0.15,470,3.015524,720.923525,1234.191037,-1.984476,-279.076475,234.191037,0.965132
5,1000,30,0.15,471,3.300804,676.757596,1361.168926,-1.699196,-323.242404,361.168926,0.968478
5,1000,30,0.15,472,3.220962,809.019809,1166.531011,-1.779038,-190.980191,166.531011,0.962512
5,1000,30,0.15,473,3.150053,762.358981,1156.374637,-1.849947,-237.641019,156.374637,0.942164
5,1000,30,0.15,474,2.672942,567.217446,1423.223114,-2.327058,-432.782554,423.223114,0.945251
5,1000,30,0.15,475,2.013595,533.916811,1423.119902,-2.986405,-466.083189,423.119902,0.971410
5,1000,30,0.15,476,2.554000,618.873698,1342.186661,-2.446000,-381.126302,342.186661,0.961796
5,1000,30,0.15,477,2.522409,587.063111,1399.396697,-2.477591,-412.936889,399.396697,0.981504
5,1000,30,0.15,478,3.347070,922.826659,1038.811562,-1.652930,-77.173341,38.811562,0.963650
5,1000,30,0.15,479,3.372846,666.049526,1336.289954,-1.627154,-333.950474,336.289954,0.943371
5,1000,30,0.15,480,1.859590,499.584577,1463.537875,-3.140410,-500.415423,463.537875,0.976380
5,1000,30,0.15,481,2.317547,493.704558,1475.810640,-2.682453,-506.295442,475.810640,0.970584
5,1000,30,0.15,482,3.036018,650.189003,1311.444206,-1.963982,-349.810997,311.444206,0.943023
5,1000,30,0.15,483,3.793233,1034.015895,968.400331,-1.206767,34.015895,-31.599669,0.912752
5,1000,30,0.15,484,2.914466,521.077055,1453.172789,-2.085534,-478.922945,453.172789,0.962079
5,1000,30,0.15,485,2.449101,517.414732,1404.790680,-2.550899,-482.585268,404.790680,0.981358
5,1000,30,0.15,486,2.253244,538.102337,1411.732805,-2.746756,-461.897663,411.732805,0.989266
5,1000,30,0.15,487,3.698318,768.625127,1237.962107,-1.301682,-231.374873,237.962107,0.909690
5,1000,30,0.15,488,2.783934,698.034869,1234.304272,-2.216066,-301.965131,234.304272,0.973689
5,1000,30,0.15,489,3.100488,717.359755,1280.347374,-1.899512,-282.640245,280.347374,0.968124
5,1000,30,0.15,490,2.674326,517.218563,1463.247868,-2.325674,-482.781437,463.247868,0.973300
5,1000,30,0.15,491,2.645899,581.507126,1408.175261,-2.354101,-418.492874,408.175261,0.987708
5,1000,30,0.15,492,2.845727,516.484825,1480.092635,-2.154273,-483.515175,480.092635,0.967754
5,1000,30,0.15,493,3.216669,794.906680,1200.177690,-1.783331,-205.093320,200.177690,0.956412
5,1000,30,0.15,494,3.988973,821.902412,1196.076228,-1.011027,-178.097588,196.076228,0.803828
5,1000,30,0.15,495,2.857132,600.595999,1388.788382,-2.142868,-399.404001,388.788382,0.968715
5,1000,30,0.15,496,3.368027,896.255901,1130.455404,-1.631973,-103.744099,130.455404,0.950784
5,1000,30,0.15,497,3.202181,671.869994,1423.364491,-1.797819,-328.130006,423.364491,0.962547
5,1000,30,0.15,498,3.350153,676.653726,1314.276278,-1.649847,-323.346274,314.276278,0.945953
5,1000,30,0.15,499,2.425903,670.152563,1330.231409,-2.574097,-329.847437,330.231409,0.975978
5,1000,30,0.15,500,3.271276,773.120398,1208.857561,-1.728724,-226.879602,208.857561,0.961541
5,1000,30,0.15,501,4.345453,800.582437,1192.454281,-0.654547,-199.417563,192.454281,0.776780
5,1000,30,0.15,502,3.066637,833.457211,1215.053971,-1.933363,-166.542789,215.053971,0.972985
5,1000,30,0.15,503,2.807676,701.166394,1268.860051,-2.192324,-298.833606,268.860051,0.986601
5,1000,30,0.15,504,3.972514,718.069188,1259.544576,-1.027486,-281.930812,259.544576,0.847646
5,1000,30,0.15,505,1.957232,500.628163,1460.358228,-3.042768,-499.371837,460.358228,0.981113
5,1000,30,0.15,506,2.695763,670.380679,1361.660594,-2.304237,-329.619321,361.660594,0.982058
5,1000,30,0.15,507,3.565242,910.233039,1095.853362,-1.434758,-89.766961,95.853362,0.926221
5,1000,30,0.15,508,3.927202,938.818435,961.327307,-1.072798,-61.181565,-38.672693,0.895328
5,1000,30,0.15,509,1.353532,379.176268,1697.534533,-3.646468,-620.823732,697.534533,0.956100
5,1000,30,0.15,510,3.015265,600.851901,1384.458312,-1.984735,-399.148099,384.458312,0.977162
5,1000,30,0.15,511,2.208147,540.341174,1482.326908,-2.791853,-459.658826,482.326908,0.980063
5,1000,30,0.15,512,2.541679,692.600792,1264.410340,-2.458321,-307.399208,264.410340,0.982985
5,1000,30,0.15,513,2.084335,425.102575,1536.359278,-2.915665,-574.897425,536.359278,0.992798
5,1000,30,0.15,514,3.496708,709.365993,1363.720164,-1.503292,-290.634007,363.720164,0.886735
5,1000,30,0.15,515,3.942714,752.149751,1265.252480,-1.057286,-247.850249,265.252480,0.854875
5,1000,30,0.15,516,4.307340,727.978874,1264.436162,-0.692660,-272.021126,264.436162,0.742372
5,1000,30,0.15,517,4.053533,875.915310,1147.540426,-0.946467,-124.084690,147.540426,0.831469
5,1000,30,0.15,518,3.062070,735.950924,1248.242085,-1.937930,-264.049076,248.242085,0.981972
5,1000,30,0.15,519,2.260146,516.716635,1383.898329,-2.739854,-483.283365,383.898329,0.990853
5,1000,30,0.15,520,4.687423,911.027502,1078.331880,-0.312577,-88.972498,78.331880,0.583695
5,1000,30,0.15,521,3.285590,790.349152,1245.226378,-1.714410,-209.650848,245.226378,0.968706
5,1000,30,0.15,522,3.138341,554.907120,1448.355750,-1.861659,-445.092880,448.355750,0.959674
5,1000,30,0.15,523,4.088055,755.436065,1249.713153,-0.911945,-244.563935,249.713153,0.773914
5,1000,30,0.15,524,2.364460,460.406927,1515.187807,-2.635540,-539.593073,515.187807,0.977392
5,1000,30,0.15,525,2.618303,736.405989,1240.343283,-2.381697,-263.594011,240.343283,0.968931
5,1000,30,0.15,526,3.096235,825.520765,1126.017951,-1.903765,-174.479235,126.017951,0.891343
5,1000,30,0.15,527,1.757975,448.456867,1466.759355,-3.242025,-551.543133,466.759355,0.979738
5,1000,30,0.15,528,2.892590,645.034647,1372.650415,-2.107410,-354.965353,372.650415,0.978834
5,1000,30,0.15,529,4.309445,857.877555,1080.880197,-0.690555,-142.122445,80.880197,0.728644
5,1000,30,0.15,530,2.479938,556.163829,1371.797899,-2.520062,-443.836171,371.797899,0.952673
5,1000,30,0.15,531,3.488867,760.144899,1216.923953,-1.511133,-239.855101,216.923953,0.910918
5,1000,30,0.15,532,3.009283,846.580905,1100.436803,-1.990717,-153.419095,100.436803,0.967680
5,1000,30,0.15,533,3.797102,852.561647,1177.573632,-1.202898,-147.438353,177.573632,0.913881
5,1000,30,0.15,534,5.473946,825.484688,1165.891282,0.473946,-174.515312,165.891282,-0.590472
5,1000,30,0.15,535,3.804017,613.141893,1417.583335,-1.195983,-386.858107,417.583335,0.835129
5,1000,30,0.15,536,3.342411,644.655001,1338.175375,-1.657589,-355.344999,338.175375,0.960976
5,1000,30,0.15,537,2.210691,428.583661,1500.659096,-2.789309,-571.416339,500.659096,0.943411
5,1000,30,0.15,538,3.958736,747.301536,1286.817235,-1.041264,-252.698464,286.817235,0.879642
5,1000,30,0.15,539,3.004899,570.796554,1388.462390,-1.995101,-429.203446,388.462390,0.968047
5,1000,30,0.15,540,2.200470,436.436915,1558.903196,-2.799530,-563.563085,558.903196,0.966890
5,1000,30,0.15,541,4.238225,650.985877,1419.752428,-0.761775,-349.014123,419.752428,0.816708
5,1000,30,0.15,542,4.379541,1080.877683,997.222097,-0.620459,80.877683,-2.777903,0.773004
5,1000,30,0.15,543,2.910261,698.808566,1293.083144,-2.089739,-301.191434,293.083144,0.970832
5,1000,30,0.15,544,2.993889,689.226744,1260.627975,-2.006111,-310.773256,260.627975,0.966528
5,1000,30,0.15,545,2.199943,491.428041,1468.088316,-2.800057,-508.571959,468.088316,0.977339
5,1000,30,0.15,546,3.654489,791.803474,1181.737301,-1.345511,-208.196526,181.737301,0.927857
5,1000,30,0.15,547,2.804721,892.746950,1001.161804,-2.195279,-107.253050,1.161804,0.971500
5,1000,30,0.15,548,2.783103,637.544287,1407.189294,-2.216897,-362.455713,407.189294,0.982437
5,1000,30,0.15,549,1.730474,472.471599,1564.463738,-3.269526,-527.528401,564.463738,0.962416
5,1000,30,0.15,550,3.780050,769.604958,1208.829481,-1.219950,-230.395042,208.829481,0.904360
5,1000,30,0.15,551,3.167281,800.460735,1184.897713,-1.832719,-199.539265,184.897713,0.939778
5,1000,30,0.15,552,3.061914,733.562971,1279.818115,-1.938086,-266.437029,279.818115,0.979253
5,1000,30,0.15,553,3.134659,654.880310,1383.836873,-1.865341,-345.119690,383.836873,0.932282
5,1000,30,0.15,554,2.914869,532.308574,1498.447386,-2.085131,-467.691426,498.447386,0.962547
5,1000,30,0.15,555,3.791060,1030.158209,948.004587,-1.208940,30.158209,-51.995413,0.899528
5,1000,30,0.15,556,3.043899,910.296166,1132.040468,-1.956101,-89.703834,132.040468,0.927671
5,1000,30,0.15,557,2.962656,662.873698,1332.352732,-2.037344,-337.126302,332.352732,0.943520
5,1000,30,0.15,558,2.087735,572.983386,1384.384176,-2.912265,-427.016614,384.384176,0.978036
5,1000,30,0.15,559,2.545911,474.429039,1526.920735,-2.454089,-525.570961,526.920735,0.961255
5,1000,30,0.15,560,2.606635,499.548344,1488.444750,-2.393365,-500.451656,488.444750,0.957372
5,1000,30,0.15,561,3.060860,606.533107,1399.412598,-1.939140,-393.466893,399.412598,0.968567
5,1000,30,0.15,562,2.858039,672.337673,1400.300735,-2.141961,-327.662327,400.300735,0.981430
5,1000,30,0.15,563,2.801612,778.927287,1240.226669,-2.198388,-221.072713,240.226669,0.984683
5,1000,30,0.15,564,2.579811,708.574457,1204.186181,-2.420189,-291.425543,204.186181,0.960862
5,1000,30,0.15,565,3.281354,863.351615,1078.270753,-1.718646,-136.648385,78.270753,0.932231
5,1000,30,0.15,566,2.338243,538.919038,1475.394432,-2.661757,-461.080962,475.394432,0.977108
5,1000,30,0.15,567,2.300259,447.316129,1509.756840,-2.699741,-552.683871,509.756840,0.984079
5,1000,30,0.15,568,2.808437,698.188997,1296.957642,-2.191563,-301.811003,296.957642,0.983525
5,1000,30,0.15,569,3.603956,968.795882,1049.627820,-1.396044,-31.204118,49.627820,0.934402
5,1000,30,0.15,570,4.168860,836.968250,1194.141659,-0.831140,-163.031750,194.141659,0.814571
5,1000,30,0.15,571,3.471903,692.102832,1281.226468,-1.528097,-307.897168,281.226468,0.949612
5,1000,30,0.15,572,2.775564,557.403183,1405.816707,-2.224436,-442.596817,405.816707,0.939973
5,1000,30,0.15,573,2.034897,447.625421,1533.995487,-2.965103,-552.374579,533.995487,0.954436
5,1000,30,0.15,574,3.440733,969.462468,1057.707574,-1.559267,-30.537532,57.707574,0.956625
5,1000,30,0.15,575,2.637083,517.795042,1538.194310,-2.362917,-482.204958,538.194310,0.934596
5,1000,30,0.15,576,3.766038,726.139019,1309.254224,-1.233962,-273.860981,309.254224,0.896464
5,1000,30,0.15,577,1.753945,353.946522,1533.803314,-3.246055,-646.053478,533.803314,0.971759
5,1000,30,0.15,578,2.940312,753.116089,1266.381056,-2.059688,-246.883911,266.381056,0.940719
5,1000,30,0.15,579,2.150005,464.311812,1442.466669,-2.849995,-535.688188,442.466669,0.988262
5,1000,30,0.15,580,1.406183,414.497807,1548.064364,-3.593817,-585.502193,548.064364,0.984424
5,1000,30,0.15,581,4.834001,962.909567,1038.016153,-0.165999,-37.090433,38.016153,0.169770
5,1000,30,0.15,582,3.264253,531.556030,1456.533569,-1.735747,-468.443970,456.533569,0.970479
5,1000,30,0.15,583,3.788362,887.063924,1130.967291,-1.211638,-112.936076,130.967291,0.912419
5,1000,30,0.15,584,3.104827,612.521275,1416.420951,-1.895173,-387.478725,416.420951,0.959943
5,1000,30,0.15,585,2.709836,528.839633,1477.914580,-2.290164,-471.160367,477.914580,0.986989
5,1000,30,0.15,586,4.058919,889.947738,986.822251,-0.941081,-110.052262,-13.177749,0.854917
5,1000,30,0.15,587,2.828381,694.115930,1287.313712,-2.171619,-305.884070,287.313712,0.968444
5,1000,30,0.15,588,2.603383,502.260680,1483.018482,-2.396617,-497.739320,483.018482,0.978897
5,1000,30,0.15,589,2.811756,629.024659,1393.271551,-2.188244,-370.975341,393.271551,0.965039
5,1000,30,0.15,590,2.727597,668.318591,1379.659426,-2.272403,-331.681409,379.659426,0.928034
5,1000,30,0.15,591,2.466279,687.431213,1317.667784,-2.533721,-312.568787,317.667784,0.987901
5,1000,30,0.15,592,3.414304,833.880163,1172.240180,-1.585696,-166.119837,172.240180,0.966709
5,1000,30,0.15,593,2.828236,437.161029,1498.328916,-2.171764,-562.838971,498.328916,0.966933
5,1000,30,0.15,594,3.316653,676.158843,1270.396798,-1.683347,-323.841157,270.396798,0.949490
5,1000,30,0.15,595,1.935152,432.919034,1536.958054,-3.064848,-567.080966,536.958054,0.974915
5,1000,30,0.15,596,2.757295,622.987668,1309.899641,-2.242705,-377.012332,309.899641,0.980849
5,1000,30,0.15,597,3.521093,821.564594,1180.154096,-1.478907,-178.435406,180.154096,0.954780
5,1000,30,0.15,598,2.932217,786.614011,1174.888316,-2.067783,-213.385989,174.888316,0.966813
5,1000,30,0.15,599,5.252283,866.232074,1069.827296,0.252283,-133.767926,69.827296,-0.789091
5,1000,30,0.15,600,3.470431,778.576074,1196.203648,-1.529569,-221.423926,196.203648,0.915232
5,1000,30,0.15,601,2.027988,545.657685,1410.656124,-2.972012,-454.342315,410.656124,0.955945
5,1000,30,0.15,602,2.611442,559.905796,1341.993278,-2.388558,-440.094204,341.993278,0.962827
5,1000,30,0.15,603,3.334308,856.941607,1120.087302,-1.665692,-143.058393,120.087302,0.951992
5,1000,30,0.15,604,2.577343,690.467082,1315.595926,-2.422657,-309.532918,315.595926,0.969683
5,1000,30,0.15,605,3.294662,647.307053,1350.114051,-1.705338,-352.692947,350.114051,0.928500
5,1000,30,0.15,606,3.691654,896.846115,1150.020489,-1.308346,-103.153885,150.020489,0.919411
5,1000,30,0.15,607,2.615067,623.863758,1349.352073,-2.384933,-376.136242,349.352073,0.965269
5,1000,30,0.15,608,2.334448,442.437674,1565.247462,-2.665552,-557.562326,565.247462,0.981675
5,1000,30,0.15,609,2.410076,561.153755,1489.815829,-2.589924,-438.846245,489.815829,0.977924
5,1000,30,0.15,610,2.113242,479.600317,1482.583487,-2.886758,-520.399683,482.583487,0.983141
5,1000,30,0.15,611,3.388394,599.115304,1408.394847,-1.611606,-400.884696,408.394847,0.910405
5,1000,30,0.15,612,2.964003,758.961795,1202.350300,-2.035997,-241.038205,202.350300,0.960634
5,1000,30,0.15,613,2.062401,550.345270,1273.928425,-2.937599,-449.654730,273.928425,0.965219
5,1000,30,0.15,614,3.582221,666.993979,1313.364671,-1.417779,-333.006021,313.364671,0.910075
5,1000,30,0.15,615,2.063877,523.423409,1475.426480,-2.936123,-476.576591,475.426480,0.955799
5,1000,30,0.15,616,2.964399,674.935549,1340.416879,-2.035601,-325.064451,340.416879,0.941914
5,1000,30,0.15,617,1.174732,248.068387,1746.167416,-3.825268,-751.931613,746.167416,0.976492
5,1000,30,0.15,618,3.945464,742.027503,1318.659758,-1.054536,-257.972497,318.659758,0.851228
5,1000,30,0.15,619,2.734890,541.925422,1489.696336,-2.265110,-458.074578,489.696336,0.944587
5,1000,30,0.15,620,2.971636,618.287726,1365.409080,-2.028364,-381.712274,365.409080,0.978322
5,1000,30,0.15,621,3.725465,791.834842,1207.763172,-1.274535,-208.165158,207.763172,0.930324
5,1000,30,0.15,622,4.146410,661.914432,1332.439866,-0.853590,-338.085568,332.439866,0.665618
5,1000,30,0.15,623,3.166600,768.191633,1258.230037,-1.833400,-231.808367,258.230037,0.948469
5,1000,30,0.15,624,1.958126,570.723408,1405.519632,-3.041874,-429.276592,405.519632,0.972709
5,1000,30,0.15,625,2.171604,483.421004,1397.425231,-2.828396,-516.578996,397.425231,0.980593
5,1000,30,0.15,626,2.802387,727.449212,1237.318899,-2.197613,-272.550788,237.318899,0.980142
5,1000,30,0.15,627,2.843590,486.949039,1542.264769,-2.156410,-513.050961,542.264769,0.964978
5,1000,30,0.15,628,3.088625,702.673412,1285.006858,-1.911375,-297.326588,285.006858,0.970281
5,1000,30,0.15,629,2.882334,811.647594,1150.090822,-2.117666,-188.352406,150.090822,0.962858
5,1000,30,0.15,630,1.979054,489.345468,1379.084089,-3.020946,-510.654532,379.084089,0.972883
5,1000,30,0.15,631,1.758149,411.979870,1550.165103,-3.241851,-588.020130,550.165103,0.928461
5,1000,30,0.15,632,2.461178,667.545277,1293.035576,-2.538822,-332.454723,293.035576,0.955699
5,1000,30,0.15,633,3.464501,810.759342,1232.379606,-1.535499,-189.240658,232.379606,0.945002
5,1000,30,0.15,634,3.898201,932.183473,1044.168099,-1.101799,-67.816527,44.168099,0.893368
5,1000,30,0.15,635,2.903770,845.790116,1126.863741,-2.096230,-154.209884,126.863741,0.968385
5,1000,30,0.15,636,2.343863,486.005221,1414.933857,-2.656137,-513.994779,414.933857,0.924593
5,1000,30,0.15,637,2.919249,836.868798,1165.069949,-2.080751,-163.131202,165.069949,0.972273
5,1000,30,0.15,638,2.737052,586.369789,1399.632886,-2.262948,-413.630211,399.632886,0.922531
5,1000,30,0.15,639,3.604333,709.200336,1196.638678,-1.395667,-290.799664,196.638678,0.922049
5,1000,30,0.15,640,3.211962,693.006575,1278.903276,-1.788038,-306.993425,278.903276,0.977561
5,1000,30,0.15,641,3.768748,724.595371,1222.643817,-1.231252,-275.404629,222.643817,0.915614
5,1000,30,0.15,642,3.404839,796.459911,1215.041330,-1.595161,-203.540089,215.041330,0.962964
5,1000,30,0.15,643,2.047305,573.038682,1361.786205,-2.952695,-426.961318,361.786205,0.977581
5,1000,30,0.15,644,2.684487,628.503119,1387.590872,-2.315513,-371.496881,387.590872,0.991503
5,1000,30,0.15,645,3.398268,841.670566,1166.882259,-1.601732,-158.329434,166.882259,0.963813
5,1000,30,0.15,646,4.502297,817.347995,1177.994571,-0.497703,-182.652005,177.994571,0.718563
5,1000,30,0.15,647,3.924118,840.945361,1174.524118,-1.075882,-159.054639,174.524118,0.860827
5,1000,30,0.15,648,4.157179,783.162476,1264.210851,-0.842821,-216.837524,264.210851,0.839835
5,1000,30,0.15,649,2.916300,738.250517,1314.034785,-2.083700,-261.749483,314.034785,0.968123
5,1000,30,0.15,650,2.623866,616.282358,1330.873835,-2.376134,-383.717642,330.873835,0.937986
5,1000,30,0.15,651,3.956298,882.542797,1078.400146,-1.043702,-117.457203,78.400146,0.879296
5,1000,30,0.15,652,2.397295,601.225416,1399.283428,-2.602705,-398.774584,399.283428,0.960708
5,1000,30,0.15,653,3.927058,604.434769,1344.997325,-1.072942,-395.565231,344.997325,0.846247
5,1000,30,0.15,654,3.561963,749.028471,1241.125892,-1.438037,-250.971529,241.125892,0.946639
5,1000,30,0.15,655,3.536283,848.888357,1162.589585,-1.463717,-151.111643,162.589585,0.953348
5,1000,30,0.15,656,1.652038,352.698581,1563.903134,-3.347962,-647.301419,563.903134,0.957155
5,1000,30,0.15,657,2.683048,689.814336,1276.700775,-2.316952,-310.185664,276.700775,0.961105
5,1000,30,0.15,658,2.075804,525.699460,1446.413404,-2.924196,-474.300540,446.413404,0.978256
5,1000,30,0.15,659,3.476528,732.346059,1303.545976,-1.523472,-267.653941,303.545976,0.924104
5,1000,30,0.15,660,4.108463,881.093996,1071.864199,-0.891537,-118.906004,71.864199,0.798568
5,1000,30,0.15,661,3.337720,807.996041,1158.478921,-1.662280,-192.003959,158.478921,0.936254
5,1000,30,0.15,662,4.101233,693.057603,1343.980366,-0.898767,-306.942397,343.980366,0.845377
5,1000,30,0.15,663,2.720195,584.448812,1370.216780,-2.279805,-415.551188,370.216780,0.960003
5,1000,30,0.15,664,2.837467,594.228281,1348.105020,-2.162533,-405.771719,348.105020,0.983163
5,1000,30,0.15,665,2.529037,465.945274,1491.886509,-2.470963,-534.054726,491.886509,0.974718
5,1000,30,0.15,666,3.033114,566.534733,1457.646395,-1.966886,-433.465267,457.646395,0.951860
5,1000,30,0.15,667,3.155289,712.004175,1189.359247,-1.844711,-287.995825,189.359247,0.972969
5,1000,30,0.15,668,3.580929,785.602511,1219.416310,-1.419071,-214.397489,219.416310,0.930883
5,1000,30,0.15,669,4.019453,767.573140,1216.839734,-0.980547,-232.426860,216.839734,0.876737
5,1000,30,0.15,670,4.626097,792.337000,1190.744885,-0.373903,-207.663000,190.744885,0.603488
5,1000,30,0.15,671,1.736658,540.236602,1377.584980,-3.263342,-459.763398,377.584980,0.954268
5,1000,30,0.15,672,1.641652,354.787911,1594.121939,-3.358348,-645.212089,594.121939,0.988176
5,1000,30,0.15,673,2.135029,480.026450,1500.118936,-2.864971,-519.973550,500.118936,0.979960
5,1000,30,0.15,674,1.840258,483.006303,1452.754449,-3.159742,-516.993697,452.754449,0.978422
5,1000,30,0.15,675,4.343820,1004.670949,966.103831,-0.656180,4.670949,-33.896169,0.775080
5,1000,30,0.15,676,2.677333,682.550397,1279.544948,-2.322667,-317.449603,279.544948,0.949895
5,1000,30,0.15,677,3.922254,821.043459,1135.501027,-1.077746,-178.956541,135.501027,0.862209
5,1000,30,0.15,678,2.216801,587.332818,1381.036379,-2.783199,-412.667182,381.036379,0.984099
5,1000,30,0.15,679,3.280947,700.650764,1340.300258,-1.719053,-299.349236,340.300258,0.944825
5,1000,30,0.15,680,3.183296,662.972944,1309.946455,-1.816704,-337.027056,309.946455,0.957747
5,1000,30,0.15,681,4.091886,970.705262,1077.639215,-0.908114,-29.294738,77.639215,0.869374
5,1000,30,0.15,682,2.368154,546.174053,1413.182023,-2.631846,-453.825947,413.182023,0.962437
5,1000,30,0.15,683,2.676802,597.506725,1384.918174,-2.323198,-402.493275,384.918174,0.978754
5,1000,30,0.15,684,2.232099,500.530682,1490.608150,-2.767901,-499.469318,490.608150,0.976800
5,1000,30,0.15,685,2.239604,626.677594,1400.120248,-2.760396,-373.322406,400.120248,0.962564
5,1000,30,0.15,686,2.930615,822.054068,1150.565461,-2.069385,-177.945932,150.565461,0.951887
5,1000,30,0.15,687,3.416481,807.480126,1155.209401,-1.583519,-192.519874,155.209401,0.940370
5,1000,30,0.15,688,3.928523,780.584005,1142.054834,-1.071477,-219.415995,142.054834,0.842040
5,1000,30,0.15,689,2.995739,573.637330,1415.612355,-2.004261,-426.362670,415.612355,0.955417
5,1000,30,0.15,690,1.883264,417.065940,1574.160419,-3.116736,-582.934060,574.160419,0.956150
5,1000,30,0.15,691,2.346175,605.380032,1332.908183,-2.653825,-394.619968,332.908183,0.948128
5,1000,30,0.15,692,3.615455,671.026405,1286.100658,-1.384545,-328.973595,286.100658,0.916005
5,1000,30,0.15,693,3.609803,988.822108,953.183108,-1.390197,-11.177892,-46.816892,0.947765
5,1000,30,0.15,694,4.000909,848.723351,1173.033575,-0.999091,-151.276649,173.033575,0.817987
5,1000,30,0.15,695,3.030071,810.075067,1222.939759,-1.969929,-189.924933,222.939759,0.968289
5,1000,30,0.15,696,3.312720,815.846390,1193.092475,-1.687280,-184.153610,193.092475,0.958539
5,1000,30,0.15,697,2.985842,885.804683,1082.355027,-2.014158,-114.195317,82.355027,0.977504
5,1000,30,0.15,698,3.833021,640.396795,1351.291766,-1.166979,-359.603205,351.291766,0.849308
5,1000,30,0.15,699,2.569369,777.352086,1232.711891,-2.430631,-222.647914,232.711891,0.956125
5,1000,30,0.15,700,4.084657,658.946461,1350.356411,-0.915343,-341.053539,350.356411,0.880123
5,1000,30,0.15,701,3.844446,554.393003,1462.054898,-1.155554,-445.606997,462.054898,0.908598
5,1000,30,0.15,702,2.552304,706.470797,1341.148823,-2.447696,-293.529203,341.148823,0.976305
5,1000,30,0.15,703,3.567425,717.368893,1261.457743,-1.432575,-282.631107,261.457743,0.917535
5,1000,30,0.15,704,2.469747,422.385891,1568.795011,-2.530253,-577.614109,568.795011,0.972265
5,1000,30,0.15,705,3.460502,840.571459,1198.634956,-1.539498,-159.428541,198.634956,0.933992
5,1000,30,0.15,706,2.256774,481.813115,1486.658465,-2.743226,-518.186885,486.658465,0.984669
5,1000,30,0.15,707,2.263881,429.667798,1600.671703,-2.736119,-570.332202,600.671703,0.967211
5,1000,30,0.15,708,3.074200,743.919415,1288.875666,-1.925800,-256.080585,288.875666,0.969663
5,1000,30,0.15,709,3.789501,888.919395,1108.302833,-1.210499,-111.080605,108.302833,0.918778
5,1000,30,0.15,710,3.423784,683.923781,1298.484151,-1.576216,-316.076219,298.484151,0.952700
5,1000,30,0.15,711,3.451233,866.829082,1190.642090,-1.548767,-133.170918,190.642090,0.933780
5,1000,30,0.15,712,5.562867,729.692729,1260.020931,0.562867,-270.307271,260.020931,-4.383172
5,1000,30,0.15,713,3.170609,826.238646,1138.428007,-1.829391,-173.761354,138.428007,0.939550
5,1000,30,0.15,714,2.466409,715.082968,1280.721804,-2.533591,-284.917032,280.721804,0.954830
5,1000,30,0.15,715,3.308364,804.039889,1220.026166,-1.691636,-195.960111,220.026166,0.964824
5,1000,30,0.15,716,3.275037,820.261640,1198.759870,-1.724963,-179.738360,198.759870,0.965601
5,1000,30,0.15,717,2.181504,542.041256,1415.293698,-2.818496,-457.958744,415.293698,0.987692
5,1000,30,0.15,718,1.995445,558.168311,1426.645289,-3.004555,-441.831689,426.645289,0.982985
5,1000,30,0.15,719,3.798923,925.926989,1006.285322,-1.201077,-74.073011,6.285322,0.906155
5,1000,30,0.15,720,3.062347,560.884302,1437.823620,-1.937653,-439.115698,437.823620,0.960412
5,1000,30,0.15,721,3.908862,883.117011,1201.492581,-1.091138,-116.882989,201.492581,0.900395
5,1000,30,0.15,722,2.011341,550.607548,1428.605559,-2.988659,-449.392452,428.605559,0.992071
5,1000,30,0.15,723,3.095501,786.879477,1205.911369,-1.904499,-213.120523,205.911369,0.965662
5,1000,30,0.15,724,2.580410,661.652565,1390.815805,-2.419590,-338.347435,390.815805,0.930693
5,1000,30,0.15,725,2.704349,861.901615,1039.017808,-2.295651,-138.098385,39.017808,0.978362
5,1000,30,0.15,726,3.049994,695.243684,1249.348399,-1.950006,-304.756316,249.348399,0.887344
5,1000,30,0.15,727,2.448138,561.833990,1446.939189,-2.551862,-438.166010,446.939189,0.977628
5,1000,30,0.15,728,3.256905,814.353903,1192.070856,-1.743095,-185.646097,192.070856,0.947235
5,1000,30,0.15,729,2.192637,564.543981,1404.974150,-2.807363,-435.456019,404.974150,0.975945
5,1000,30,0.15,730,2.543822,688.325515,1283.366311,-2.456178,-311.674485,283.366311,0.975371
5,1000,30,0.15,731,4.230550,828.252262,1140.487639,-0.769450,-171.747738,140.487639,0.711596
5,1000,30,0.15,732,2.768410,691.135904,1308.983578,-2.231590,-308.864096,308.983578,0.963837
5,1000,30,0.15,733,3.827868,746.644672,1200.021432,-1.172132,-253.355328,200.021432,0.877946
5,1000,30,0.15,734,3.324101,685.761676,1300.334106,-1.675899,-314.238324,300.334106,0.956583
5,1000,30,0.15,735,3.168216,678.440009,1342.791320,-1.831784,-321.559991,342.791320,0.949569
5,1000,30,0.15,736,3.583963,634.290267,1341.537623,-1.416037,-365.709733,341.537623,0.948835
5,1000,30,0.15,737,3.641888,867.052623,1129.588713,-1.358112,-132.947377,129.588713,0.942416
5,1000,30,0.15,738,3.527368,662.715273,1312.033810,-1.472632,-337.284727,312.033810,0.950884
5,1000,30,0.15,739,3.732906,808.646219,1172.050175,-1.267094,-191.353781,172.050175,0.936736
5,1000,30,0.15,740,1.967835,514.832117,1491.710583,-3.032165,-485.167883,491.710583,0.955322
5,1000,30,0.15,741,3.147973,528.018182,1449.170256,-1.852027,-471.981818,449.170256,0.961092
5,1000,30,0.15,742,4.299257,840.557186,1146.034668,-0.700743,-159.442814,146.034668,0.736876
5,1000,30,0.15,743,2.907230,747.131082,1215.635898,-2.092770,-252.868918,215.635898,0.984618
5,1000,30,0.15,744,4.021800,1092.021940,947.218179,-0.978200,92.021940,-52.781821,0.879341
5,1000,30,0.15,745,3.531808,891.990108,1062.754852,-1.468192,-108.009892,62.754852,0.934541
5,1000,30,0.15,746,3.789791,945.987603,1057.777943,-1.210209,-54.012397,57.777943,0.869478
5,1000,30,0.15,747,4.349875,1111.405793,902.681008,-0.650125,111.405793,-97.318992,0.732103
5,1000,30,0.15,748,3.664304,634.031273,1315.400225,-1.335696,-365.968727,315.400225,0.886766
5,1000,30,0.15,749,2.457593,584.417228,1366.473337,-2.542407,-415.582772,366.473337,0.983100
5,1000,30,0.15,750,2.201569,562.398380,1392.036607,-2.798431,-437.601620,392.036607,0.953355
5,1000,30,0.15,751,3.579723,839.635698,1158.436383,-1.420277,-160.364302,158.436383,0.941729
5,1000,30,0.15,752,4.138564,926.562375,1020.417996,-0.861436,-73.437625,20.417996,0.817005
5,1000,30,0.15,753,2.837716,624.820235,1357.817227,-2.162284,-375.179765,357.817227,0.972551
5,1000,30,0.15,754,4.181340,918.556566,1069.964352,-0.818660,-81.443434,69.964352,0.820532
5,1000,30,0.15,755,2.783318,786.312058,1174.838074,-2.216682,-213.687942,174.838074,0.952988
5,1000,30,0.15,756,3.428888,771.841994,1287.739105,-1.571112,-228.158006,287.739105,0.951386
5,1000,30,0.15,757,2.369768,569.338635,1389.292391,-2.630232,-430.661365,389.292391,0.962975
5,1000,30,0.15,758,1.935367,405.899257,1546.717225,-3.064633,-594.100743,546.717225,0.946537
5,1000,30,0.15,759,2.993177,790.779069,1201.173071,-2.006823,-209.220931,201.173071,0.953196
5,1000,30,0.15,760,1.925427,450.200388,1467.025530,-3.074573,-549.799612,467.025530,0.982104
5,1000,30,0.15,761,3.004403,711.564719,1360.168110,-1.995597,-288.435281,360.168110,0.967291
5,1000,30,0.15,762,3.717663,681.740614,1285.156917,-1.282337,-318.259386,285.156917,0.907479
5,1000,30,0.15,763,3.143744,474.719710,1501.840329,-1.856256,-525.280290,501.840329,0.962317
5,1000,30,0.15,764,4.138915,786.965260,1178.795376,-0.861085,-213.034740,178.795376,0.824074
5,1000,30,0.15,765,2.697346,609.152749,1390.840952,-2.302654,-390.847251,390.840952,0.903539
5,1000,30,0.15,766,2.619612,580.364477,1438.507146,-2.380388,-419.635523,438.507146,0.988494
5,1000,30,0.15,767,2.164888,691.873953,1264.090949,-2.835112,-308.126047,264.090949,0.981144
5,1000,30,0.15,768,3.767475,935.302916,1012.356456,-1.232525,-64.697084,12.356456,0.845244
5,1000,30,0.15,769,2.567689,390.808063,1515.725719,-2.432311,-609.191937,515.725719,0.954175
5,1000,30,0.15,770,3.590657,851.531939,1232.279621,-1.409343,-148.468061,232.279621,0.949383
5,1000,30,0.15,771,3.830035,884.370286,1135.078866,-1.169965,-115.629714,135.078866,0.892522
5,1000,30,0.15,772,3.117632,650.851646,1307.954363,-1.882368,-349.148354,307.954363,0.932709
5,1000,30,0.15,773,2.754081,500.771308,1514.729583,-2.245919,-499.228692,514.729583,0.951642
5,1000,30,0.15,774,2.882499,636.222564,1344.526175,-2.117501,-363.777436,344.526175,0.965047
5,1000,30,0.15,775,3.646709,750.886806,1152.828252,-1.353291,-249.113194,152.828252,0.886294
5,1000,30,0.15,776,2.055590,594.613892,1347.970631,-2.944410,-405.386108,347.970631,0.984699
5,1000,30,0.15,777,3.426402,619.657723,1353.727599,-1.573598,-380.342277,353.727599,0.954773
5,1000,30,0.15,778,3.265610,835.668280,1167.795097,-1.734390,-164.331720,167.795097,0.964627
5,1000,30,0.15,779,3.254115,720.057090,1291.791154,-1.745885,-279.942910,291.791154,0.894296
5,1000,30,0.15,780,3.472274,727.435736,1241.069080,-1.527726,-272.564264,241.069080,0.945869
5,1000,30,0.15,781,2.252693,614.007602,1343.833007,-2.747307,-385.992398,343.833007,0.975465
5,1000,30,0.15,782,2.658228,480.633287,1490.917698,-2.341772,-519.366713,490.917698,0.962228
5,1000,30,0.15,783,3.161661,537.532207,1405.796339,-1.838339,-462.467793,405.796339,0.884551
5,1000,30,0.15,784,3.220066,785.969062,1271.701766,-1.779934,-214.030938,271.701766,0.962380
5,1000,30,0.15,785,3.428725,840.429441,1190.440626,-1.571275,-159.570559,190.440626,0.953266
5,1000,30,0.15,786,3.098696,606.247784,1362.225463,-1.901304,-393.752216,362.225463,0.962761
5,1000,30,0.15,787,1.619843,411.098280,1568.822914,-3.380157,-588.901720,568.822914,0.975349
5,1000,30,0.15,788,2.263580,533.077232,1458.674498,-2.736420,-466.922768,458.674498,0.988578
5,1000,30,0.15,789,3.069159,731.358253,1258.605819,-1.930841,-268.641747,258.605819,0.974907
5,1000,30,0.15,790,2.010827,454.770511,1505.533261,-2.989173,-545.229489,505.533261,0.962551
5,1000,30,0.15,791,2.940936,685.942871,1279.284028,-2.059064,-314.057129,279.284028,0.962529
5,1000,30,0.15,792,3.244700,754.085757,1230.580668,-1.755300,-245.914243,230.580668,0.965891
5,1000,30,0.15,793,2.478409,489.150820,1556.947976,-2.521591,-510.849180,556.947976,0.966682
5,1000,30,0.15,794,2.783282,580.979449,1350.711124,-2.216718,-419.020551,350.711124,0.964604
5,1000,30,0.15,795,2.786255,619.076848,1348.191464,-2.213745,-380.923152,348.191464,0.983067
5,1000,30,0.15,796,2.695116,544.399486,1440.143868,-2.304884,-455.600514,440.143868,0.938137
5,1000,30,0.15,797,3.600513,707.183049,1293.878793,-1.399487,-292.816951,293.878793,0.887186
5,1000,30,0.15,798,3.084627,820.368527,1231.333584,-1.915373,-179.631473,231.333584,0.973923
5,1000,30,0.15,799,2.917154,553.403889,1449.634354,-2.082846,-446.596111,449.634354,0.979092
5,1000,30,0.15,800,4.235286,782.941488,1151.839492,-0.764714,-217.058512,151.839492,0.778004
5,1000,30,0.15,801,2.817514,740.924740,1318.603599,-2.182486,-259.075260,318.603599,0.968827
5,1000,30,0.15,802,1.832365,439.481668,1568.365901,-3.167635,-560.518332,568.365901,0.979181
5,1000,30,0.15,803,1.769425,448.504506,1567.873614,-3.230575,-551.495494,567.873614,0.981538
5,1000,30,0.15,804,2.256591,553.109270,1400.412462,-2.743409,-446.890730,400.412462,0.969665
5,1000,30,0.15,805,2.158258,489.675143,1484.995688,-2.841742,-510.324857,484.995688,0.968135
5,1000,30,0.15,806,3.088923,686.155845,1312.753901,-1.911077,-313.844155,312.753901,0.960986
5,1000,30,0.15,807,3.772197,818.877769,1201.589842,-1.227803,-181.122231,201.589842,0.878023
5,1000,30,0.15,808,3.125683,460.760814,1563.446715,-1.874317,-539.239186,563.446715,0.943888
5,1000,30,0.15,809,3.694947,772.883962,1250.485225,-1.305053,-227.116038,250.485225,0.898036
5,1000,30,0.15,810,2.637139,614.051365,1393.261766,-2.362861,-385.948635,393.261766,0.957139
5,1000,30,0.15,811,2.820735,874.765511,1175.564985,-2.179265,-125.234489,175.564985,0.954726
5,1000,30,0.15,812,4.236770,822.073488,1196.651918,-0.763230,-177.926512,196.651918,0.797861
5,1000,30,0.15,813,1.699941,340.855867,1542.861333,-3.300059,-659.144133,542.861333,0.972542
5,1000,30,0.15,814,2.996053,550.605682,1480.595778,-2.003947,-449.394318,480.595778,0.980371
5,1000,30,0.15,815,2.756169,711.886368,1242.543728,-2.243831,-288.113632,242.543728,0.973074
5,1000,30,0.15,816,2.417988,664.351346,1237.730304,-2.582012,-335.648654,237.730304,0.960249
5,1000,30,0.15,817,3.294451,769.744355,1205.494433,-1.705549,-230.255645,205.494433,0.902378
5,1000,30,0.15,818,2.515771,420.980373,1635.216820,-2.484229,-579.019627,635.216820,0.976094
5,1000,30,0.15,819,2.958077,720.183498,1247.736839,-2.041923,-279.816502,247.736839,0.960537
5,1000,30,0.15,820,3.924170,739.523107,1241.469192,-1.075830,-260.476893,241.469192,0.876168
5,1000,30,0.15,821,2.917499,608.306931,1378.021225,-2.082501,-391.693069,378.021225,0.960172
5,1000,30,0.15,822,2.189232,619.549940,1367.886902,-2.810768,-380.450060,367.886902,0.975711
5,1000,30,0.15,823,2.834756,633.945707,1316.594961,-2.165244,-366.054293,316.594961,0.973894
5,1000,30,0.15,824,2.750870,619.349717,1410.214727,-2.249130,-380.650283,410.214727,0.960693
5,1000,30,0.15,825,1.986707,461.098088,1470.380162,-3.013293,-538.901912,470.380162,0.974854
5,1000,30,0.15,826,2.671673,728.386342,1329.882376,-2.328327,-271.613658,329.882376,0.974449
5,1000,30,0.15,827,3.163223,676.675776,1318.931161,-1.836777,-323.324224,318.931161,0.953582
5,1000,30,0.15,828,3.276703,611.286929,1433.477817,-1.723297,-388.713071,433.477817,0.967135
5,1000,30,0.15,829,2.620935,699.240828,1242.920974,-2.379065,-300.759172,242.920974,0.942555
5,1000,30,0.15,830,3.001841,716.974028,1244.836911,-1.998159,-283.025972,244.836911,0.979903
5,1000,30,0.15,831,3.990631,917.253965,1077.406440,-1.009369,-82.746035,77.406440,0.877279
5,1000,30,0.15,832,2.881056,688.869939,1308.240838,-2.118944,-311.130061,308.240838,0.985959
5,1000,30,0.15,833,1.952017,433.103135,1545.527997,-3.047983,-566.896865,545.527997,0.981207
5,1000,30,0.15,834,3.035908,658.816125,1294.937076,-1.964092,-341.183875,294.937076,0.970902
5,1000,30,0.15,835,2.391413,612.693485,1286.450463,-2.608587,-387.306515,286.450463,0.976184
5,1000,30,0.15,836,2.318270,668.753344,1340.854457,-2.681730,-331.246656,340.854457,0.963146
5,1000,30,0.15,837,3.605123,848.522520,1099.201504,-1.394877,-151.477480,99.201504,0.945260
5,1000,30,0.15,838,2.596733,574.754734,1438.001774,-2.403267,-425.245266,438.001774,0.914429
5,1000,30,0.15,839,3.412917,761.970152,1298.987949,-1.587083,-238.029848,298.987949,0.941519
5,1000,30,0.15,840,1.917430,404.680289,1571.851051,-3.082570,-595.319711,571.851051,0.966381
5,1000,30,0.15,841,2.452006,607.077246,1393.734843,-2.547994,-392.922754,393.734843,0.969214
5,1000,30,0.15,842,3.320350,773.553913,1252.068748,-1.679650,-226.446087,252.068748,0.952007
5,1000,30,0.15,843,3.386708,784.095629,1280.217387,-1.613292,-215.904371,280.217387,0.941672
5,1000,30,0.15,844,3.025065,568.450695,1452.856941,-1.974935,-431.549305,452.856941,0.946529
5,1000,30,0.15,845,2.914739,832.590905,1108.100481,-2.085261,-167.409095,108.100481,0.982052
5,1000,30,0.15,846,2.929151,778.605842,1238.937394,-2.070849,-221.394158,238.937394,0.972180
5,1000,30,0.15,847,2.424929,487.202026,1453.209975,-2.575071,-512.797974,453.209975,0.952867
5,1000,30,0.15,848,2.008968,362.664895,1620.196048,-2.991032,-637.335105,620.196048,0.964289
5,1000,30,0.15,849,3.254111,822.193046,1175.673544,-1.745889,-177.806954,175.673544,0.978765
5,1000,30,0.15,850,3.588250,803.595694,1160.154608,-1.411750,-196.404306,160.154608,0.937954
5,1000,30,0.15,851,2.793455,478.118082,1439.864080,-2.206545,-521.881918,439.864080,0.973207
5,1000,30,0.15,852,2.754057,581.206590,1399.496129,-2.245943,-418.793410,399.496129,0.973525
5,1000,30,0.15,853,3.186904,771.326524,1217.942616,-1.813096,-228.673476,217.942616,0.941444
5,1000,30,0.15,854,3.111052,524.935843,1477.440285,-1.888948,-475.064157,477.440285,0.979423
5,1000,30,0.15,855,2.910282,553.110335,1526.592955,-2.089718,-446.889665,526.592955,0.960252
5,1000,30,0.15,856,2.878805,633.221299,1395.141647,-2.121195,-366.778701,395.141647,0.938424
5,1000,30,0.15,857,3.072203,653.819919,1332.380844,-1.927797,-346.180081,332.380844,0.914927
5,1000,30,0.15,858,3.274637,772.216862,1214.720446,-1.725363,-227.783138,214.720446,0.962241
5,1000,30,0.15,859,3.340382,829.276892,1152.314369,-1.659618,-170.723108,152.314369,0.949401
5,1000,30,0.15,860,3.338051,584.336118,1376.138749,-1.661949,-415.663882,376.138749,0.914112
5,1000,30,0.15,861,2.485496,711.388814,1218.259214,-2.514504,-288.611186,218.259214,0.990775
5,1000,30,0.15,862,2.945212,653.999363,1347.543033,-2.054788,-346.000637,347.543033,0.985323
5,1000,30,0.15,863,3.173567,748.502082,1229.902089,-1.826433,-251.497918,229.902089,0.972415
5,1000,30,0.15,864,2.770779,667.349740,1317.268023,-2.229221,-332.650260,317.268023,0.985745
5,1000,30,0.15,865,3.735767,898.957674,1119.684122,-1.264233,-101.042326,119.684122,0.908488
5,1000,30,0.15,866,3.919202,787.167834,1159.403302,-1.080798,-212.832166,159.403302,0.903180
5,1000,30,0.15,867,3.081574,694.707037,1353.594649,-1.918426,-305.292963,353.594649,0.960382
5,1000,30,0.15,868,2.101081,530.899494,1436.599681,-2.898919,-469.100506,436.599681,0.969308
5,1000,30,0.15,869,3.319033,641.031312,1370.124504,-1.680967,-358.968688,370.124504,0.897273
5,1000,30,0.15,870,3.207672,522.764682,1427.393820,-1.792328,-477.235318,427.393820,0.966507
5,1000,30,0.15,871,3.091331,586.175898,1467.867423,-1.908669,-413.824102,467.867423,0.973145
5,1000,30,0.15,872,2.926340,563.456747,1366.037904,-2.073660,-436.543253,366.037904,0.969982
5,1000,30,0.15,873,3.249422,744.044270,1260.267096,-1.750578,-255.955730,260.267096,0.934969
5,1000,30,0.15,874,1.301459,264.976550,1607.916214,-3.698541,-735.023450,607.916214,0.981789
5,1000,30,0.15,875,3.059256,744.015214,1333.958715,-1.940744,-255.984786,333.958715,0.968841
5,1000,30,0.15,876,2.523407,507.611661,1467.508852,-2.476593,-492.388339,467.508852,0.970945
5,1000,30,0.15,877,3.214890,628.567928,1324.420796,-1.785110,-371.432072,324.420796,0.954095
5,1000,30,0.15,878,2.490741,583.616063,1398.562709,-2.509259,-416.383937,398.562709,0.966061
5,1000,30,0.15,879,2.552137,504.687835,1459.269927,-2.447863,-495.312165,459.269927,0.984562
5,1000,30,0.15,880,3.369589,839.574389,1123.511252,-1.630411,-160.425611,123.511252,0.961679
5,1000,30,0.15,881,2.557792,576.784660,1414.245794,-2.442208,-423.215340,414.245794,0.969852
5,1000,30,0.15,882,2.649741,617.024454,1352.106614,-2.350259,-382.975546,352.106614,0.974209
5,1000,30,0.15,883,3.021944,745.099951,1331.008531,-1.978056,-254.900049,331.008531,0.972308
5,1000,30,0.15,884,4.312283,923.544446,1052.285929,-0.687717,-76.455554,52.285929,0.780730
5,1000,30,0.15,885,2.885909,649.951857,1307.202066,-2.114091,-350.048143,307.202066,0.973804
5,1000,30,0.15,886,2.460147,549.994981,1383.679469,-2.539853,-450.005019,383.679469,0.992127
5,1000,30,0.15,887,2.479149,482.812270,1534.928799,-2.520851,-517.187730,534.928799,0.986414
5,1000,30,0.15,888,2.125523,613.322728,1353.275250,-2.874477,-386.677272,353.275250,0.983085
5,1000,30,0.15,889,3.451371,653.649482,1336.394563,-1.548629,-346.350518,336.394563,0.953780
5,1000,30,0.15,890,2.891121,629.003911,1301.737520,-2.108879,-370.996089,301.737520,0.976573
5,1000,30,0.15,891,4.117281,1050.927309,975.658132,-0.882719,50.927309,-24.341868,0.853153
5,1000,30,0.15,892,3.559944,780.604512,1240.868702,-1.440056,-219.395488,240.868702,0.908931
5,1000,30,0.15,893,2.963493,624.608276,1356.092946,-2.036507,-375.391724,356.092946,0.987170
5,1000,30,0.15,894,3.890169,931.889829,1044.391533,-1.109831,-68.110171,44.391533,0.865330
5,1000,30,0.15,895,3.575840,829.485960,1136.758941,-1.424160,-170.514040,136.758941,0.943435
5,1000,30,0.15,896,3.185423,898.981581,1129.222031,-1.814577,-101.018419,129.222031,0.942958
5,1000,30,0.15,897,4.254350,761.930171,1287.655531,-0.745650,-238.069829,287.655531,0.767735
5,1000,30,0.15,898,2.426866,554.112563,1405.458185,-2.573134,-445.887437,405.458185,0.885318
5,1000,30,0.15,899,4.415309,786.201119,1156.354490,-0.584691,-213.798881,156.354490,0.731174
5,1000,30,0.15,900,2.931201,667.936809,1358.134739,-2.068799,-332.063191,358.134739,0.978191
5,1000,30,0.15,901,2.835487,660.830739,1352.179265,-2.164513,-339.169261,352.179265,0.973030
5,1000,30,0.15,902,2.809396,749.692803,1221.872473,-2.190604,-250.307197,221.872473,0.977529
5,1000,30,0.15,903,2.980861,753.346801,1250.251411,-2.019139,-246.653199,250.251411,0.987113
5,1000,30,0.15,904,3.882009,904.242614,1085.541242,-1.117991,-95.757386,85.541242,0.860885
5,1000,30,0.15,905,2.441248,599.671142,1359.930435,-2.558752,-400.328858,359.930435,0.975391
5,1000,30,0.15,906,3.536535,932.385412,1089.927707,-1.463465,-67.614588,89.927707,0.943798
5,1000,30,0.15,907,2.731467,540.285230,1441.390344,-2.268533,-459.714770,441.390344,0.978886
5,1000,30,0.15,908,4.329226,838.500918,1099.931210,-0.670774,-161.499082,99.931210,0.613852
5,1000,30,0.15,909,4.368127,786.400063,1138.703821,-0.631873,-213.599937,138.703821,0.682420
5,1000,30,0.15,910,2.967140,642.718234,1368.055128,-2.032860,-357.281766,368.055128,0.965759
5,1000,30,0.15,911,4.361947,929.916705,1026.370251,-0.638053,-70.083295,26.370251,0.645495
5,1000,30,0.15,912,3.062096,699.034428,1362.146251,-1.937904,-300.965572,362.146251,0.959780
5,1000,30,0.15,913,3.095802,739.140712,1274.519224,-1.904198,-260.859288,274.519224,0.934620
5,1000,30,0.15,914,3.687404,880.648297,1123.923691,-1.312596,-119.351703,123.923691,0.919032
5,1000,30,0.15,915,2.189278,582.937909,1352.101784,-2.810722,-417.062091,352.101784,0.957516
5,1000,30,0.15,916,2.732774,505.801500,1511.009936,-2.267226,-494.198500,511.009936,0.985433
5,1000,30,0.15,917,1.689148,465.938630,1467.560290,-3.310852,-534.061370,467.560290,0.939918
5,1000,30,0.15,918,2.136616,444.943019,1477.099857,-2.863384,-555.056981,477.099857,0.932589
5,1000,30,0.15,919,2.081287,468.082139,1549.368263,-2.918713,-531.917861,549.368263,0.993820
5,1000,30,0.15,920,2.343351,617.707969,1416.632964,-2.656649,-382.292031,416.632964,0.971555
5,1000,30,0.15,921,3.828814,840.525591,1133.510253,-1.171186,-159.474409,133.510253,0.891964
5,1000,30,0.15,922,2.544196,484.800879,1534.961127,-2.455804,-515.199121,534.961127,0.981628
5,1000,30,0.15,923,1.867370,463.638373,1546.813975,-3.132630,-536.361627,546.813975,0.985714
5,1000,30,0.15,924,2.332220,465.535713,1515.680167,-2.667780,-534.464287,515.680167,0.961987
5,1000,30,0.15,925,2.500970,554.481075,1386.982912,-2.499030,-445.518925,386.982912,0.948711
5,1000,30,0.15,926,3.580597,596.313056,1393.842102,-1.419403,-403.686944,393.842102,0.860973
5,1000,30,0.15,927,2.521172,624.566362,1407.931485,-2.478828,-375.433638,407.931485,0.971641
5,1000,30,0.15,928,3.481596,812.112667,1219.324059,-1.518404,-187.887333,219.324059,0.953250
5,1000,30,0.15,929,3.560178,748.538315,1126.081417,-1.439822,-251.461685,126.081417,0.940778
5,1000,30,0.15,930,2.355188,551.371501,1398.114735,-2.644812,-448.628499,398.114735,0.977603
5,1000,30,0.15,931,2.231811,461.655204,1523.871480,-2.768189,-538.344796,523.871480,0.963405
5,1000,30,0.15,932,2.680880,600.812750,1403.599957,-2.319120,-399.187250,403.599957,0.983864
5,1000,30,0.15,933,2.924730,600.164585,1416.107270,-2.075270,-399.835415,416.107270,0.982930
5,1000,30,0.15,934,2.561631,594.440589,1398.332600,-2.438369,-405.559411,398.332600,0.975150
5,1000,30,0.15,935,3.565180,741.664903,1287.048302,-1.434820,-258.335097,287.048302,0.936386
5,1000,30,0.15,936,3.664189,867.527750,1153.295022,-1.335811,-132.472250,153.295022,0.895557
5,1000,30,0.15,937,3.239775,860.691389,1166.356420,-1.760225,-139.308611,166.356420,0.969718
5,1000,30,0.15,938,3.995215,972.963355,1098.345858,-1.004785,-27.036645,98.345858,0.885276
5,1000,30,0.15,939,3.221535,730.368977,1260.171497,-1.778465,-269.631023,260.171497,0.969991
5,1000,30,0.15,940,3.258481,586.506646,1379.627365,-1.741519,-413.493354,379.627365,0.960009
5,1000,30,0.15,941,2.825736,521.192122,1511.314624,-2.174264,-478.807878,511.314624,0.936057
5,1000,30,0.15,942,3.325710,761.343896,1251.607508,-1.674290,-238.656104,251.607508,0.935213
5,1000,30,0.15,943,3.217940,678.904713,1341.048168,-1.782060,-321.095287,341.048168,0.984298
5,1000,30,0.15,944,3.443653,904.149879,1071.490997,-1.556347,-95.850121,71.490997,0.947779
5,1000,30,0.15,945,4.437382,638.045326,1327.576758,-0.562618,-361.954674,327.576758,0.660583
5,1000,30,0.15,946,3.824527,800.936751,1188.327581,-1.175473,-199.063249,188.327581,0.914520
5,1000,30,0.15,947,3.548911,711.449821,1279.304783,-1.451089,-288.550179,279.304783,0.919216
5,1000,30,0.15,948,4.291612,895.610994,1064.126262,-0.708388,-104.389006,64.126262,0.776915
5,1000,30,0.15,949,3.199844,637.600608,1294.961717,-1.800156,-362.399392,294.961717,0.944972
5,1000,30,0.15,950,2.109624,410.689616,1584.381346,-2.890376,-589.310384,584.381346,0.985443
5,1000,30,0.15,951,4.429999,1055.613287,962.754238,-0.570001,55.613287,-37.245762,0.678382
5,1000,30,0.15,952,2.952198,643.832212,1307.011348,-2.047802,-356.167788,307.011348,0.932478
5,1000,30,0.15,953,2.023778,474.703562,1425.727716,-2.976222,-525.296438,425.727716,0.973331
5,1000,30,0.15,954,3.199879,850.000328,1213.817722,-1.800121,-149.999672,213.817722,0.925353
5,1000,30,0.15,955,3.682964,941.750731,1049.499241,-1.317036,-58.249269,49.499241,0.917667
5,1000,30,0.15,956,3.469450,870.609203,1108.065374,-1.530550,-129.390797,108.065374,0.890713
5,1000,30,0.15,957,2.722539,458.386881,1514.245330,-2.277461,-541.613119,514.245330,0.978593
5,1000,30,0.15,958,2.996676,699.135545,1317.648081,-2.003324,-300.864455,317.648081,0.972131
5,1000,30,0.15,959,3.559202,978.617612,1087.794368,-1.440798,-21.382388,87.794368,0.915745
5,1000,30,0.15,960,3.807706,846.396578,1040.645309,-1.192294,-153.603422,40.645309,0.889219
5,1000,30,0.15,961,3.914891,835.345052,1211.618665,-1.085109,-164.654948,211.618665,0.830718
5,1000,30,0.15,962,3.386767,750.290403,1268.611283,-1.613233,-249.709597,268.611283,0.913624
5,1000,30,0.15,963,4.487821,908.294134,1122.492054,-0.512179,-91.705866,122.492054,0.672152
5,1000,30,0.15,964,3.759854,920.884451,1051.950807,-1.240146,-79.115549,51.950807,0.932812
5,1000,30,0.15,965,3.225876,861.965197,1114.795185,-1.774124,-138.034803,114.795185,0.944527
5,1000,30,0.15,966,2.086971,457.353622,1497.106350,-2.913029,-542.646378,497.106350,0.949650
5,1000,30,0.15,967,3.236066,830.171556,1237.931789,-1.763934,-169.828444,237.931789,0.944520
5,1000,30,0.15,968,2.171272,439.232070,1539.132550,-2.828728,-560.767930,539.132550,0.947733
5,1000,30,0.15,969,2.396435,632.824556,1369.997533,-2.603565,-367.175444,369.997533,0.966080
5,1000,30,0.15,970,4.096744,782.672400,1133.202122,-0.903256,-217.327600,133.202122,0.849011
5,1000,30,0.15,971,2.723370,793.543467,1149.359411,-2.276630,-206.456533,149.359411,0.962652
5,1000,30,0.15,972,2.341814,392.576478,1595.321286,-2.658186,-607.423522,595.321286,0.976090
5,1000,30,0.15,973,3.227039,674.401541,1305.881432,-1.772961,-325.598459,305.881432,0.931567
5,1000,30,0.15,974,3.417604,716.820883,1316.556119,-1.582396,-283.179117,316.556119,0.961813
5,1000,30,0.15,975,2.762771,801.975255,1163.821044,-2.237229,-198.024745,163.821044,0.975115
5,1000,30,0.15,976,2.981142,650.664603,1332.775140,-2.018858,-349.335397,332.775140,0.966766
5,1000,30,0.15,977,2.630620,693.524707,1285.250306,-2.369380,-306.475293,285.250306,0.964277
5,1000,30,0.15,978,2.398995,600.304458,1415.843363,-2.601005,-399.695542,415.843363,0.964634
5,1000,30,0.15,979,3.135340,817.151871,1181.925157,-1.864660,-182.848129,181.925157,0.950876
5,1000,30,0.15,980,2.874621,640.969778,1328.925087,-2.125379,-359.030222,328.925087,0.980156
5,1000,30,0.15,981,2.144490,616.565301,1345.380189,-2.855510,-383.434699,345.380189,0.952461
5,1000,30,0.15,982,3.125118,681.681404,1286.877103,-1.874882,-318.318596,286.877103,0.966539
5,1000,30,0.15,983,3.005246,537.905780,1432.860084,-1.994754,-462.094220,432.860084,0.975232
5,1000,30,0.15,984,2.889659,697.476719,1297.693234,-2.110341,-302.523281,297.693234,0.972270
5,1000,30,0.15,985,3.212751,742.844122,1174.089498,-1.787249,-257.155878,174.089498,0.959934
5,1000,30,0.15,986,2.677169,655.518370,1380.960410,-2.322831,-344.481630,380.960410,0.977820
5,1000,30,0.15,987,3.183616,750.064916,1192.372413,-1.816384,-249.935084,192.372413,0.971187
5,1000,30,0.15,988,2.959866,623.896170,1343.178461,-2.040134,-376.103830,343.178461,0.959005
5,1000,30,0.15,989,2.179800,565.967523,1391.755570,-2.820200,-434.032477,391.755570,0.992689
5,1000,30,0.15,990,2.792043,640.466452,1363.699394,-2.207957,-359.533548,363.699394,0.941822
5,1000,30,0.15,991,3.560208,774.009889,1240.827810,-1.439792,-225.990111,240.827810,0.936263
5,1000,30,0.15,992,3.324522,796.677224,1222.250076,-1.675478,-203.322776,222.250076,0.964273
5,1000,30,0.15,993,2.403749,559.122508,1465.488769,-2.596251,-440.877492,465.488769,0.980202
5,1000,30,0.15,994,3.340976,812.714011,1136.997171,-1.659024,-187.285989,136.997171,0.913389
5,1000,30,0.15,995,2.271223,470.663014,1511.779457,-2.728777,-529.336986,511.779457,0.985350
5,1000,30,0.15,996,2.553254,743.029914,1193.573677,-2.446746,-256.970086,193.573677,0.927245
5,1000,30,0.15,997,3.213197,669.537121,1348.664584,-1.786803,-330.462879,348.664584,0.965312
5,1000,30,0.15,998,2.512009,625.400074,1340.853851,-2.487991,-374.599926,340.853851,0.987463
5,1000,30,0.15,999,3.535405,893.199718,1153.683388,-1.464595,-106.800282,153.683388,0.924177
5,1000,30,0.15,1000,3.971117,865.174637,1120.559791,-1.028883,-134.825363,120.559791,0.900125
