seed,family,representation,test_n,train_n,model_J1,specialist_J1,transfer_cost_J1,rel_transfer_cost,model_mean_regret,specialist_mean_regret,delta_mean_regret
42,J,F13,7,"7,10,20",0.6359658543997637,0.6467839796677569,-0.010818125267993195,-0.016726025393440175,0.0605171359625041,0.074394084354944,-0.013876948392439907
42,J,F12,7,"7,10,20",0.6441651354153798,0.6468290858225909,-0.002663950407211124,-0.00411847652741729,0.071013289684797,0.0744524342661712,-0.00343914458137419
42,J,RAW,7,"7,10,20",0.6416313408090584,0.6452711847234859,-0.0036398439144275097,-0.005640797234711899,0.0677553455085125,0.0724394698345336,-0.004684124326021097
42,L,F13,7,"10,20",0.6429581051618702,0.6467839796677569,-0.0038258745058866728,-0.005915227689857077,0.0694596929934252,0.074394084354944,-0.004934391361518797
42,L,F12,7,"10,20",0.6388366745334513,0.6468290858225909,-0.007992411289139634,-0.012356295448550304,0.0641768647290413,0.0744524342661712,-0.010275569537129894
42,L,RAW,7,"10,20",0.7585597346658063,0.6452711847234859,0.1132885499423204,0.1755673469145647,0.2314774390563409,0.0724394698345336,0.1590379692218073
42,T,F13,7,10,0.6781235373686109,0.6467839796677569,0.03133955770085395,0.04845444334745675,0.1159160999334003,0.074394084354944,0.04152201557845629
42,T,F13,7,20,0.7663141225011012,0.6467839796677569,0.11953014283334429,0.18480690089872837,0.2433019023447151,0.074394084354944,0.16890781798977111
42,T,F12,7,10,0.6432157526573351,0.6468290858225909,-0.0036133331652558054,-0.00558622554930508,0.0697910724666246,0.0744524342661712,-0.004661361799546598
42,T,F12,7,20,0.6995659952413847,0.6468290858225909,0.05273690941879383,0.08153144404711919,0.1454571496981517,0.0744524342661712,0.07100471543198052
42,T,RAW,7,10,0.7464401413673378,0.6452711847234859,0.10116895664385195,0.15678517658774002,0.2132374526445739,0.0724394698345336,0.1407979828100403
42,T,RAW,7,20,0.7693878561117176,0.6452711847234859,0.12411667138823168,0.1923480767879301,0.2480222411322674,0.0724394698345336,0.1755827712977338
42,J,F13,10,"7,10,20",0.532122463464405,0.5327884031904699,-0.0006659397260649902,-0.0012499140786045209,0.0401598205759463,0.0408689870267701,-0.0007091664508237991
42,J,F12,10,"7,10,20",0.540298025304228,0.5295622045905548,0.010735820713673183,0.020273011594499783,0.0489274606001675,0.037441632983328,0.0114858276168395
42,J,RAW,10,"7,10,20",0.539010233647639,0.5295160852265619,0.009494148421077098,0.017929858385727554,0.0475375364294017,0.0373927889661831,0.010144747463218598
42,L,F13,10,"7,20",0.5405302502991013,0.5327884031904699,0.00774184710863135,0.014530810096975154,0.0491784559409285,0.0408689870267701,0.008309468914158395
42,L,F12,10,"7,20",0.5431456761573509,0.5295622045905548,0.013583471566796068,0.0256503795947796,0.0520127299809452,0.037441632983328,0.014571096997617203
42,L,RAW,10,"7,20",0.6076491051257942,0.5295160852265619,0.07813301989923227,0.1475555173471299,0.1262429394126979,0.0373927889661831,0.0888501504465148
42,T,F13,10,7,0.5772081783292826,0.5327884031904699,0.04441977513881268,0.08337226349675778,0.0901747855827283,0.0408689870267701,0.0493057985559582
42,T,F13,10,20,0.6301531780013983,0.5327884031904699,0.09736477481092831,0.1827456720677172,0.1540985321977812,0.0408689870267701,0.11322954517101108
42,T,F12,10,7,0.5599818284546687,0.5295622045905548,0.0304196238641139,0.057442966285015835,0.0705851526519535,0.037441632983328,0.033143519668625505
42,T,F12,10,20,0.5577808395412445,0.5295622045905548,0.02821863495068966,0.05328672383730189,0.068124969411855,0.037441632983328,0.030683336428527004
42,T,RAW,10,7,0.5790290879754038,0.5295160852265619,0.04951300274884185,0.09350613537576846,0.0922801891741472,0.0373927889661831,0.05488740020796409
42,T,RAW,10,20,0.6501897886411074,0.5295160852265619,0.12067370341454553,0.22789431101590307,0.1797522657056874,0.0373927889661831,0.14235947673950428
42,J,F13,20,"7,10,20",0.4001298877083519,0.3831892065936531,0.01694068111469882,0.0442097032567603,0.0305172218141204,0.0172472628264955,0.0132699589876249
42,J,F12,20,"7,10,20",0.4007554534006532,0.3866863499410857,0.014069103459567522,0.03638376027938676,0.0310182282069852,0.0199396280073819,0.0110786001996033
42,J,RAW,20,"7,10,20",0.4019167136001743,0.3868710338576235,0.015045679742550777,0.03889068559236693,0.0319503394477866,0.0200824916146886,0.011867847833098001
42,L,F13,20,"7,10",0.5031211336843341,0.3831892065936531,0.11993192709068101,0.3129835731982423,0.1235441699364317,0.0172472628264955,0.10629690710993621
42,L,F12,20,"7,10",0.4213786399220383,0.3866863499410857,0.034692289980952584,0.0897168725667151,0.0479732529591689,0.0199396280073819,0.028033624951786996
42,L,RAW,20,"7,10",0.5313766561153271,0.3868710338576235,0.14450562225770364,0.3735240160442838,0.1527744454409287,0.0200824916146886,0.1326919538262401
42,T,F13,20,7,0.48096660128262,0.3831892065936531,0.0977773946889669,0.25516740296042156,0.1017421663259768,0.0172472628264955,0.0844949034994813
42,T,F13,20,10,0.4657847935223745,0.3831892065936531,0.08259558692872143,0.21554779077143635,0.0873687686533032,0.0172472628264955,0.0701215058268077
42,T,F12,20,7,0.4614260319906413,0.3866863499410857,0.07473968204955561,0.19328244211605275,0.0833272777752505,0.0199396280073819,0.06338764976786859
42,T,F12,20,10,0.4149214115212361,0.3866863499410857,0.028235061580150433,0.07301799400069911,0.0425730725153971,0.0199396280073819,0.022633444508015202
42,T,RAW,20,7,0.5009162136309353,0.3868710338576235,0.1140451797733118,0.29478862409555007,0.1213303478549749,0.0200824916146886,0.1012478562402863
42,T,RAW,20,10,0.49107114422956,0.3868710338576235,0.1042001103719365,0.2693406878590044,0.1115641634715514,0.0200824916146886,0.0914816718568628
2026,J,F13,7,"7,10,20",0.6368389309860208,0.6549593810253181,-0.018120450039297298,-0.027666524923927814,0.0616283920195003,0.0850363587931504,-0.023407966773650098
2026,J,F12,7,"7,10,20",0.646364653622431,0.6457287614418014,0.0006358921806296491,0.0009847666986519405,0.0738518334525277,0.0730302013532454,0.0008216320992823073
2026,J,RAW,7,"7,10,20",0.6429121759214561,0.6522447936926602,-0.009332617771204088,-0.01430845882014299,0.0694006339481438,0.0814878388992634,-0.012087204951119604
2026,L,F13,7,"10,20",0.6419231768422496,0.6549593810253181,-0.0130362041830685,-0.019903836116769158,0.0681299329673286,0.0850363587931504,-0.016906425825821803
2026,L,F12,7,"10,20",0.6390230775134893,0.6457287614418014,-0.006705683928312056,-0.010384675933188134,0.0644150615948934,0.0730302013532454,-0.008615139758352
2026,L,RAW,7,"10,20",0.767617827640035,0.6522447936926602,0.11537303394737486,0.17688609409083147,0.2453016973108892,0.0814878388992634,0.16381385841162577
2026,T,F13,7,10,0.6821141175584158,0.6549593810253181,0.027154736533097634,0.04146018412712519,0.1213442373725789,0.0850363587931504,0.03630787857942851
2026,T,F13,7,20,0.8102508446502844,0.6549593810253181,0.15529146362496626,0.2371009075125581,0.3125709992565819,0.0850363587931504,0.22753464046343147
2026,T,F12,7,10,0.647369384222668,0.6457287614418014,0.0016406227808666296,0.0025407305339836513,0.0751516876289188,0.0730302013532454,0.0021214862756734065
2026,T,F12,7,20,0.6859040713585548,0.6457287614418014,0.04017530991675344,0.06221700552264217,0.1265289631063239,0.0730302013532454,0.053498761753078494
2026,T,RAW,7,10,0.7487549907299765,0.6522447936926602,0.09651019703731634,0.14796622061316483,0.2166986041431298,0.0814878388992634,0.13521076524386638
2026,T,RAW,7,20,0.7673629599252043,0.6522447936926602,0.11511816623254412,0.17649533939674214,0.2449104802652534,0.0814878388992634,0.16342264136599
2026,J,F13,10,"7,10,20",0.5335921612994073,0.5269273625003338,0.006664798799073557,0.012648420396026283,0.0417260990526921,0.0346579498040776,0.007068149248614507
2026,J,F12,10,"7,10,20",0.5433709022809152,0.5314246746997845,0.01194622758113073,0.022479625335198188,0.0522574418980952,0.0394176893322912,0.012839752565803997
2026,J,RAW,10,"7,10,20",0.5399827567094536,0.536666329940759,0.0033164267686945914,0.006179681086124188,0.0485868819960604,0.045016254144603,0.0035706278514573975
2026,L,F13,10,"7,20",0.5434453633760439,0.5269273625003338,0.016518000875710093,0.031347775900894936,0.0523383674274397,0.0346579498040776,0.017680417623362102
2026,L,F12,10,"7,20",0.5407206959218961,0.5314246746997845,0.009296021222111595,0.01749264131810055,0.0493843754507789,0.0394176893322912,0.009966686118487701
2026,L,RAW,10,"7,20",0.5879082933721942,0.536666329940759,0.05124196343143517,0.0954819793466298,0.1026416658683252,0.045016254144603,0.057625411723722195
2026,T,F13,10,7,0.5771272052009667,0.5269273625003338,0.050199842700632935,0.09526899962535375,0.0900813154355981,0.0346579498040776,0.0554233656315205
2026,T,F13,10,20,0.6661027746599301,0.5269273625003338,0.13917541215959628,0.26412637123111654,0.2006984108621769,0.0346579498040776,0.1660404610580993
2026,T,F12,10,7,0.5478908823111681,0.5314246746997845,0.01646620761138362,0.030985026468117623,0.0571899233722296,0.0394176893322912,0.017772234039938398
2026,T,F12,10,20,0.5551186450901351,0.5314246746997845,0.023693970390350594,0.04458575508134983,0.0651622145792267,0.0394176893322912,0.025744525246935504
2026,T,RAW,10,7,0.5844331191072386,0.536666329940759,0.047766789166479584,0.08900649528684317,0.098567575161935,0.045016254144603,0.053551321017331996
2026,T,RAW,10,20,0.664008811045986,0.536666329940759,0.12734248110522695,0.2372842751645774,0.1979132055992232,0.045016254144603,0.1528969514546202
2026,J,F13,20,"7,10,20",0.3940111330265899,0.3871683014261864,0.006842831600403498,0.017674049180155013,0.0256580677255192,0.0203125884058605,0.005345479319658699
2026,J,F12,20,"7,10,20",0.410304885765452,0.3874426757543218,0.022862210011130202,0.059007980900966046,0.0387633940596227,0.0205251217722906,0.018238272287332102
2026,J,RAW,20,"7,10,20",0.3997928894848924,0.3875115015366899,0.012281387948202493,0.03169296369140073,0.0302476492593015,0.0205784585998422,0.009669190659459297
2026,L,F13,20,"7,10",0.4521668229484958,0.3871683014261864,0.0649985215223094,0.16788182628298498,0.0748681305519585,0.0203125884058605,0.05455554214609799
2026,L,F12,20,"7,10",0.4094022186344522,0.3874426757543218,0.02195954288013041,0.05667817268032447,0.0380234713994339,0.0205251217722906,0.0174983496271433
2026,L,RAW,20,"7,10",0.4855589859930571,0.3875115015366899,0.09804748445636718,0.2530182564067301,0.1061808236552279,0.0205784585998422,0.0856023650553857
2026,T,F13,20,7,0.4557950938614772,0.3871683014261864,0.0686267924352908,0.17725312785807823,0.0781624623648149,0.0203125884058605,0.0578498739589544
2026,T,F13,20,10,0.4562266035144466,0.3871683014261864,0.06905830208826019,0.17836765518735564,0.0785560085309502,0.0203125884058605,0.05824342012508969
2026,T,F12,20,7,0.44793114129849,0.3874426757543218,0.0604884655441682,0.15612236165363483,0.0710556021215899,0.0205251217722906,0.0505304803492993
2026,T,F12,20,10,0.4130060006213265,0.3874426757543218,0.02556332486700469,0.06597963122476071,0.0409872513258453,0.0205251217722906,0.020462129553554698
2026,T,RAW,20,7,0.5139360502272646,0.3875115015366899,0.12642454869057473,0.326247216377408,0.1345435584998235,0.0205784585998422,0.1139650998999813
2026,T,RAW,20,10,0.4631557958310833,0.3875115015366899,0.0756442942943934,0.19520528808673654,0.0849265859885462,0.0205784585998422,0.064348127388704
3407,J,F13,7,"7,10,20",0.6486818076453545,0.6403301942510442,0.008351613394310342,0.013042666844843578,0.0768526555701272,0.0660873256696626,0.010765329900464596
3407,J,F12,7,"7,10,20",0.6395147379247859,0.6523855769111793,-0.012870838986393407,-0.019728883411758415,0.0650436680230901,0.0816715089618148,-0.0166278409387247
3407,J,RAW,7,"7,10,20",0.6473427753329519,0.6414276001255738,0.005915175207378165,0.009221890679821288,0.0751172367758511,0.0674939342029354,0.0076233025729156995
3407,L,F13,7,"10,20",0.6494847715281892,0.6403301942510442,0.00915457727714497,0.01429665094561491,0.0778950364471065,0.0660873256696626,0.0118077107774439
3407,L,F12,7,"10,20",0.6384374804006477,0.6523855769111793,-0.013948096510531527,-0.02138014236392373,0.06366698438041,0.0816715089618148,-0.018004524581404793
3407,L,RAW,7,"10,20",0.7560587757317655,0.6414276001255738,0.11463117560619174,0.17871257112065356,0.2276894403610986,0.0674939342029354,0.1601955061581632
3407,T,F13,7,10,0.6817011785944549,0.6403301942510442,0.04137098434341069,0.06460882949897412,0.1207810648971514,0.0660873256696626,0.0546937392274888
3407,T,F13,7,20,0.8027681443965736,0.6403301942510442,0.16243795014552942,0.2536784171727578,0.3005012616580005,0.0660873256696626,0.2344139359883379
3407,T,F12,7,10,0.645890372652917,0.6523855769111793,-0.006495204258262222,-0.009956081937026833,0.0732389414858066,0.0816715089618148,-0.008432567476008193
3407,T,F12,7,20,0.6945442382525614,0.6523855769111793,0.04215866134138213,0.06462230747189239,0.1384562668899133,0.0816715089618148,0.056784757928098506
3407,T,RAW,7,10,0.7623241519697158,0.6414276001255738,0.12089655184414205,0.18848043305351042,0.2372026806764289,0.0674939342029354,0.16970874647349352
3407,T,RAW,7,20,0.7253873257564933,0.6414276001255738,0.08395972563091958,0.13089509340490274,0.1822513403682394,0.0674939342029354,0.114757406165304
3407,J,F13,10,"7,10,20",0.5391694269220254,0.5315015814611542,0.007667845460871181,0.014426759445929513,0.0477091753799447,0.0394994355482273,0.008209739831717397
3407,J,F12,10,"7,10,20",0.5354896054688578,0.5297217071997694,0.005767898269088412,0.010888544287865502,0.0437546220177123,0.0376105915311575,0.006144030486554798
3407,J,RAW,10,"7,10,20",0.5387562128664184,0.5298947075383821,0.008861505328036312,0.01672314367735866,0.0472637613546849,0.0377939055297069,0.009469855824978002
3407,L,F13,10,"7,20",0.5408550408095997,0.5315015814611542,0.009353459348445448,0.01759817783181716,0.0495296796216731,0.0394994355482273,0.010030244073445799
3407,L,F12,10,"7,20",0.5419419887973536,0.5297217071997694,0.012220281597584148,0.02306924830810382,0.0507066236741502,0.0376105915311575,0.013096032142992702
3407,L,RAW,10,"7,20",0.5976451827289772,0.5298947075383821,0.06775047519059507,0.12785648587684315,0.1141852688916719,0.0377939055297069,0.076391363361965
3407,T,F13,10,7,0.5663337421558701,0.5315015814611542,0.03483216069471584,0.0655353848599256,0.077739411956791,0.0394994355482273,0.0382399764085637
3407,T,F13,10,20,0.6561437919596848,0.5315015814611542,0.12464221049853053,0.2345095759750627,0.1875301801797534,0.0394994355482273,0.1480307446315261
3407,T,F12,10,7,0.5637937871791373,0.5297217071997694,0.0340720799793679,0.06432071692791436,0.0748689389143137,0.0376105915311575,0.037258347383156205
3407,T,F12,10,20,0.5536727981765392,0.5297217071997694,0.02395109097676984,0.04521447894476669,0.0635590718931581,0.0376105915311575,0.0259484803620006
3407,T,RAW,10,7,0.590735656441233,0.5298947075383821,0.060840948902850966,0.11481705334534606,0.1059741202435739,0.0377939055297069,0.06818021471386701
3407,T,RAW,10,20,0.6277929527847306,0.5298947075383821,0.09789824524634849,0.1847503737131728,0.1511294960186903,0.0377939055297069,0.1133355904889834
3407,J,F13,20,"7,10,20",0.3990222739505089,0.3864457200598382,0.012576553890670694,0.03254416658754381,0.0296320698852571,0.0197535893291889,0.0098784805560682
3407,J,F12,20,"7,10,20",0.3955276034529685,0.3865264714316008,0.009001132021367708,0.023287233052964488,0.0268553798698708,0.0198160078939862,0.007039371975884598
3407,J,RAW,20,"7,10,20",0.396516134954965,0.3874964111811197,0.0090197237738453,0.02327692209162007,0.0276383400562461,0.0205667634548695,0.007071576601376597
3407,L,F13,20,"7,10",0.4484375313461802,0.3864457200598382,0.06199181128634201,0.16041531337633408,0.0715095142964785,0.0197535893291889,0.051755924967289604
3407,L,F12,20,"7,10",0.4175063558416952,0.3865264714316008,0.030979884410094416,0.08014945081342656,0.0447248519448344,0.0198160078939862,0.0249088440508482
3407,L,RAW,20,"7,10",0.484707576985595,0.3874964111811197,0.09721116580447531,0.25086984807980023,0.1053547299638686,0.0205667634548695,0.0847879665089991
3407,T,F13,20,7,0.5157043343764274,0.3864457200598382,0.1292586143165892,0.3344806465875065,0.1363642552712561,0.0197535893291889,0.11661066594206719
3407,T,F13,20,10,0.4395030046501312,0.3864457200598382,0.05305728459029302,0.1372955678796947,0.0635761858731154,0.0197535893291889,0.043822596543926506
3407,T,F12,20,7,0.4533620880078646,0.3865264714316008,0.0668356165762638,0.17291342641739596,0.0759504776194729,0.0198160078939862,0.056134469725486705
3407,T,F12,20,10,0.410751016892704,0.3865264714316008,0.024224545461103197,0.0626724099164058,0.0391296926550125,0.0198160078939862,0.019313684761026302
3407,T,RAW,20,7,0.5247325954636353,0.3874964111811197,0.13723618428251555,0.35416117497503735,0.1457575915186252,0.0205667634548695,0.1251908280637557
3407,T,RAW,20,10,0.4987117913487359,0.3874964111811197,0.11121538016761617,0.2870100908254167,0.1191267456068872,0.0205667634548695,0.0985599821520177
